{"stats":[[1612137829346,4920829028.995096],[1612142383672,4814290097.863725],[1612145275251,4953133236.848051],[1612148537158,4767137851.107597],[1612152518853,4798982415.361716],[1612156455271,5059334710.961744],[1612159898807,5172276084.441789],[1612163832049,4964604149.99627],[1612166916427,4978725759.199241],[1612170777590,4932101594.495357],[1612173859684,5053924569.639509],[1612177682475,4984088525.716399],[1612180926258,5071162999.461776],[1612186416254,5420692247.503146],[1612188418484,5065737319.859158],[1612192300331,5119198704.025583],[1612195588179,5049143838.670137],[1612199355547,5136756685.161465],[1612202714752,5026314905.040749],[1612206099617,4704117867.45027],[1612209733253,4742269288.775252],[1612213818168,4708027543.532955],[1612217039348,4705039477.9077835],[1612220641085,4401634996.501691]],"total_volumes":[[1612137829346,7755101291.8493595],[1612142383672,7666749366.042337],[1612145275251,7935897768.749128],[1612148537158,7660787753.476543],[1612152518853,7658573971.397074],[1612156455271,8259962968.126982],[1612159898807,8476354690.646489],[1612163832049,8406991533.445612],[1612166916427,8385799337.641495],[1612170777590,8409215278.474385],[1612173859684,8574410749.95018],[1612177682475,8590531051.830276],[1612180926258,8775421866.148125],[1612186416254,9025068825.58207],[1612188418484,8709364640.811857],[1612192300331,8881386558.207693],[1612195588179,8858735624.584017],[1612199355547,8704353462.974554],[1612202714752,8436589217.722936],[1612206099617,7366936677.4702635],[1612209733253,6543467825.459626],[1612213818168,5749458394.120921],[1612217039348,5449475445.87169],[1612220641085,4792593550.760937]]}