{"stats":[[1613865931808,7082310129.661909],[1613869585523,7185504327.8690815],[1613872907134,7208966542.316056],[1613876898548,7233464548.292702],[1613880193131,7222586775.99777],[1613883944702,7231191120.681475],[1613887408219,7089285013.329208],[1613891014636,7189113004.571449],[1613894673556,7141347065.79704],[1613898404044,7145937033.519559],[1613901728543,7026797373.266341],[1613905891996,7101581557.475414],[1613909328387,7134961248.815676],[1613912711589,7067905107.0252695],[1613916387679,7140948122.950487],[1613919919198,7179207190.001727],[1613923240585,7136450400.913427],[1613927290127,7137286789.068224],[1613930542101,7130894794.295369],[1613934249620,7130310726.62968],[1613937864958,7083458864.128608],[1613941360535,7047892861.858715],[1613945181636,7289805654.937772],[1613948838492,7396976870.138098]],"total_volumes":[[1613865931808,3340910911.3321924],[1613869585523,3364812196.676237],[1613872907134,3366558986.8832774],[1613876898548,3371502258.993066],[1613880193131,3364884392.3565636],[1613883944702,3358842357.1476274],[1613887408219,3301504827.966823],[1613891014636,3344916214.047756],[1613894673556,3285529964.9103975],[1613898404044,3133356190.067792],[1613901728543,2846945985.635056],[1613905891996,2794327814.195327],[1613909328387,2791362734.7622056],[1613912711589,2696922674.866941],[1613916387679,2754695439.2860193],[1613919919198,2719244059.122183],[1613923240585,2599148438.5955987],[1613927290127,2544382674.039076],[1613930542101,2509368161.2197976],[1613934249620,2442912584.991959],[1613937864958,2458469338.711063],[1613941360535,2399179494.595905],[1613945181636,2635103203.3259373],[1613948838492,2758151974.0416026]]}