{"stats":[[1612570411479,6033220883.170296],[1612573903625,5910301108.369786],[1612577156559,5848173957.191456],[1612580592362,5922940655.376392],[1612584874942,5928336936.134282],[1612588124420,6189965319.247642],[1612591268713,6351980751.875888],[1612595300359,6259035880.34333],[1612598966361,6266937267.094909],[1612602666450,6279747190.031413],[1612605734046,6267507268.3977165],[1612609807618,6327265022.780818],[1612613671079,6308769646.04239],[1612618041436,6298589525.168891],[1612620264146,6329579207.359105],[1612623947506,6417660126.604725],[1612628136844,6546411489.953566],[1612631471487,6443556598.985768],[1612635107834,6461642886.219477],[1612638122272,6730420988.214368],[1612642574141,6775509372.688445],[1612646060162,6784362658.910804],[1612649786213,6900098378.644084],[1612652607248,7089309895.2482815]],"total_volumes":[[1612570411479,4992691456.266611],[1612573903625,4691661997.408332],[1612577156559,4489778489.283308],[1612580592362,3946511798.9820333],[1612584874942,3830163641.215456],[1612588124420,4120547729.3028655],[1612591268713,4296582905.192413],[1612595300359,4343460393.299358],[1612598966361,4276246734.381659],[1612602666450,4190140500.03058],[1612605734046,4140771759.1198688],[1612609807618,4222628611.867332],[1612613671079,4130399225.728335],[1612618041436,4062938558.4439054],[1612620264146,4051174846.6497526],[1612623947506,3945159927.7759776],[1612628136844,4042828725.7324495],[1612631471487,3986514130.425082],[1612635107834,4012406242.096006],[1612638122272,4338316398.061252],[1612642574141,4621229007.786215],[1612646060162,4769295254.27355],[1612649786213,4882135932.292283],[1612652607248,5159035726.431308]]}