{"stats":[[1610064204721,1249855746.9754574],[1610069055277,1240244001.4117587],[1610072652070,1211298788.541697],[1610076450061,1205724261.0658972],[1610079929065,1205699029.2175603],[1610083496123,1208113497.7244108],[1610087589831,1196320574.423892],[1610090924465,1210421353.148193],[1610093439829,1222119955.9623923],[1610097412024,1215917477.3627117],[1610100506373,1228933034.6682372],[1610103925285,1245368648.4873576],[1610108366068,1232413367.778376],[1610111237516,1215190329.7989147],[1610114699703,1224808480.0246243],[1610118777026,1225494741.4613018],[1610122850952,1207211922.7049167],[1610126081517,1205755309.72091],[1610129702609,1204948121.081819],[1610133694873,1186262826.690967],[1610136804002,1171360434.9582775],[1610140801805,1180761006.7681193],[1610144232211,1227967161.1243954],[1610147286008,1257933931.8261063]],"total_volumes":[[1610064204721,505843512.6699151],[1610069055277,492500326.86935174],[1610072652070,477529451.44499326],[1610076450061,476488957.46198475],[1610079929065,483277735.62387246],[1610083496123,461271020.4679919],[1610087589831,456393984.2084041],[1610090924465,461435280.4347549],[1610093439829,466220283.86089635],[1610097412024,454870021.7244283],[1610100506373,461583885.321476],[1610103925285,467843234.2980465],[1610108366068,464605009.86902684],[1610111237516,450694012.7896159],[1610114699703,453160134.9644025],[1610118777026,446829061.61713487],[1610122850952,442618503.0934117],[1610126081517,442902873.2817467],[1610129702609,432932112.0270374],[1610133694873,386734425.5200663],[1610136804002,368941166.6515305],[1610140801805,369095742.6901931],[1610144232211,383581876.31083196],[1610147286008,398228454.7109872]]}