{"stats":[[1611620394278,1072613319.7744282],[1611625109130,1072616824.8890482],[1611628751215,1074470657.1928036],[1611632698160,1057525410.8350929],[1611634274027,1061618193.8825557],[1611637588644,1071007731.6607213],[1611641634886,1071781217.3417795],[1611645215633,1058078389.0141705],[1611648599602,1062339659.1284835],[1611652096568,1059783371.1107024],[1611656062149,1059344500.7700869],[1611659393945,1067908214.7105149],[1611662984573,1069692246.3299316],[1611666139220,1045055337.9109324],[1611670577656,1046659336.1243986],[1611673659190,1034191092.0895467],[1611677917389,1053104580.4022247],[1611680892050,1063748112.5498652],[1611684323051,1060779225.5524081],[1611687765253,1057662870.0219641],[1611692263033,1065884378.168314],[1611695120432,1054042183.1583663],[1611699510749,1047639398.2992675],[1611702309223,1050755623.7002784]],"total_volumes":[[1611620394278,236831778.09290454],[1611625109130,234858052.678369],[1611628751215,232511881.14223176],[1611632698160,226641332.8687673],[1611634274027,230397330.11134917],[1611637588644,231821056.95045924],[1611641634886,231551885.11876076],[1611645215633,231254885.3906284],[1611648599602,231098851.97265986],[1611652096568,231350694.4750138],[1611656062149,228492114.11903736],[1611659393945,228915799.33988863],[1611662984573,226537196.81437436],[1611666139220,217936984.0418476],[1611670577656,215043000.2351508],[1611673659190,211085354.40404284],[1611677917389,218031791.68287972],[1611680892050,217741598.68844947],[1611684323051,216046331.17197448],[1611687765253,215607758.02241677],[1611692263033,216269425.0198664],[1611695120432,214467478.00829044],[1611699510749,212053809.47662488],[1611702309223,213257878.3086154]]}