{"stats":[[1611360185170,1087438950.4062521],[1611363861357,1083583362.7024899],[1611368188891,1097525418.6684525],[1611371313904,1087793038.9700456],[1611374464459,1094225132.0000796],[1611378120195,1109849260.0516672],[1611381676568,1130507667.9996397],[1611385452886,1116131960.1187615],[1611389329619,1121498634.012274],[1611393100528,1127507001.6861794],[1611396773640,1107176923.776563],[1611399929396,1100171982.9005332],[1611403337738,1083175826.1883268],[1611408824270,1098898066.7551124],[1611411067465,1089197883.7659779],[1611414218035,1093840410.084458],[1611418095432,1091874246.8892534],[1611421253183,1098724684.7467809],[1611425114355,1107325477.7704823],[1611428601875,1102179852.8891008],[1611432843168,1107016914.972034],[1611436070374,1103461608.3864105],[1611439890077,1103877520.3948193],[1611443261238,1098224906.6786017]],"total_volumes":[[1611360185170,293811759.97162914],[1611363861357,284584324.40990114],[1611368188891,276493300.84879816],[1611371313904,271542895.84502643],[1611374464459,273742655.61284775],[1611378120195,272222901.83521825],[1611381676568,268331288.94842643],[1611385452886,273248820.35919535],[1611389329619,272049514.2574374],[1611393100528,268690935.66424716],[1611396773640,266815159.55076995],[1611399929396,265052616.58554876],[1611403337738,262971988.9152078],[1611408824270,270590594.0189088],[1611411067465,270016434.88467777],[1611414218035,270515888.5166445],[1611418095432,270125886.823489],[1611421253183,269801806.69314927],[1611425114355,272303337.6013162],[1611428601875,275097015.88956267],[1611432843168,270391774.368924],[1611436070374,269164210.1236074],[1611439890077,268921747.24279064],[1611443261238,266610878.28749895]]}