{"stats":[[1617580841788,7463266115.922541],[1617586332750,7393198793.023959],[1617589959318,7401189932.068132],[1617591874341,7473795274.420831],[1617595508219,7512018382.185672],[1617599117172,7527369318.588123],[1617602736772,7397132538.191697],[1617606074490,7399061541.323687],[1617609870372,7381776391.392837],[1617613625559,7411549135.259924],[1617616965696,7484372495.811542],[1617620881208,7550378838.957337],[1617624266357,7534875569.313784],[1617627671914,7506790555.944817],[1617631357874,7436370880.156671],[1617634910658,7538675039.87823],[1617638725134,7522833473.7457],[1617642174280,7499881311.119943],[1617645627385,7517134489.527975],[1617649284126,7523013862.597874],[1617652978656,7570382127.910307],[1617656736990,7584002506.788059],[1617660436800,7570550535.137313],[1617663966696,7777988133.267202]],"total_volumes":[[1617580841788,1303803800.1718612],[1617586332750,1227262855.9848633],[1617589959318,1237265292.6028914],[1617591874341,1261226008.4750447],[1617595508219,1305465119.7738159],[1617599117172,1407926681.5595012],[1617602736772,1423597283.7505655],[1617606074490,1440246076.1704445],[1617609870372,1468159287.5699754],[1617613625559,1474828131.4614937],[1617616965696,1498829326.1734514],[1617620881208,1533396437.527736],[1617624266357,1550943983.583091],[1617627671914,1514081214.2256715],[1617631357874,1485175122.6718144],[1617634910658,1504618129.2881634],[1617638725134,1517466049.4610972],[1617642174280,1533408332.2532563],[1617645627385,1521569290.0941243],[1617649284126,1525361480.5196033],[1617652978656,1537809436.3826299],[1617656736990,1586994459.6842597],[1617660436800,1611585997.9764662],[1617663966696,1732543706.321767]]}