{"stats":[[1613607159022,6330596371.692211],[1613611930576,6515727774.854029],[1613613880322,6711024881.386597],[1613617741171,6712270349.543088],[1613621223787,6860216018.85239],[1613625373612,6859307219.095099],[1613628841456,6712867135.541995],[1613631737806,6587787578.31444],[1613635322319,6642763773.6681],[1613639147471,6487950508.914421],[1613642665880,6572983303.029365],[1613646163033,6596131789.410666],[1613650290087,6610981112.632316],[1613653468343,6706118987.155539],[1613657530133,6794701074.403551],[1613660596895,6653174075.983292],[1613664172813,6566991943.284705],[1613668470621,6722463774.796466],[1613671384705,7606990865.936495],[1613675108204,7299105042.517305],[1613678666010,7335345822.215745],[1613682286897,7465829188.245175],[1613685988587,7606972282.781108],[1613689878244,7704964485.951702]],"total_volumes":[[1613607159022,2281555207.3075256],[1613611930576,2425722739.538526],[1613613880322,2517169002.0118876],[1613617741171,2585003401.163849],[1613621223787,2648566903.0073433],[1613625373612,2654674705.284112],[1613628841456,2653390595.719242],[1613631737806,2610899434.6952186],[1613635322319,2658054277.4059877],[1613639147471,2619080455.5709925],[1613642665880,2677148303.910422],[1613646163033,2667973179.735699],[1613650290087,2683809686.645837],[1613653468343,2720889117.0627694],[1613657530133,2762671089.433229],[1613660596895,2740976815.863413],[1613664172813,2727804345.8423643],[1613668470621,2759855059.41896],[1613671384705,3575255296.9108157],[1613675108204,4020505098.896454],[1613678666010,4144458427.89798],[1613682286897,4385720996.132171],[1613685988587,4487710733.3646755],[1613689878244,4649865240.68778]]}