{"stats":[[1618013181585,7945526399.580552],[1618016596861,7894339598.665844],[1618020341966,7937565176.534528],[1618023704561,7972886280.325116],[1618027475548,7997981139.529589],[1618031082804,8009129189.484511],[1618034450024,8002061379.909411],[1618038436445,7991248841.7823925],[1618042063109,8126063033.2625885],[1618045571492,8104233387.188955],[1618049192813,8178229342.0716505],[1618052949425,8184893136.002507],[1618056118051,8225837535.0827055],[1618059897136,8131396455.271257],[1618063487994,8113909027.0559025],[1618066971711,8157306016.571071],[1618070963409,8146781640.493202],[1618074386616,8139376169.716745],[1618077827977,8231715571.895313],[1618081430738,8270515978.599347],[1618085247091,8263305062.421605],[1618088551112,8157573863.32626],[1618092359092,8186479736.203907],[1618095885366,8170202170.875908]],"total_volumes":[[1618013181585,1232750777.5230281],[1618016596861,1220689581.3054242],[1618020341966,1215352915.6148124],[1618023704561,1234391911.6661282],[1618027475548,1236792711.743086],[1618031082804,1261354589.2603161],[1618034450024,1274944420.880561],[1618038436445,1267612507.875943],[1618042063109,1275425668.4463787],[1618045571492,1263238281.196131],[1618049192813,1265406588.2857778],[1618052949425,1253663612.6416826],[1618056118051,1274578306.0510893],[1618059897136,1242962618.0452185],[1618063487994,1255117381.3191178],[1618066971711,1245646317.5237896],[1618070963409,1249776372.6564472],[1618074386616,1268042598.9629962],[1618077827977,1341224013.9344068],[1618081430738,1389127226.990308],[1618085247091,1441713911.0221295],[1618088551112,1442664236.599136],[1618092359092,1474904351.3234243],[1618095885366,1465903775.2766063]]}