{"stats":[[1609978142199,1338140930.9582038],[1609982108275,1338584997.1578085],[1609985206077,1316860222.3907108],[1609989266591,1319985559.6737092],[1609992210983,1308596686.2282193],[1609995864327,1300412912.9771123],[1610000004318,1282556624.4134748],[1610003537598,1290147867.2620838],[1610007435507,1288803238.2136965],[1610010800044,1278950626.9096344],[1610014075147,1284285806.3820667],[1610018118219,1278671314.7230332],[1610021535412,1282402116.756055],[1610024959757,1320116517.0867584],[1610029372593,1302930461.768356],[1610032246151,1289422591.3713458],[1610035323202,1310116582.258196],[1610039214773,1292113015.6543128],[1610043792879,1291649003.3799665],[1610046267702,1207178878.442841],[1610049698566,1261568041.6745138],[1610054304044,1269670190.6850133],[1610057233836,1263838073.611946],[1610061111544,1252497017.459029]],"total_volumes":[[1609978142199,699320872.9135091],[1609982108275,683068098.0577935],[1609985206077,675437199.3898422],[1609989266591,686214910.5211594],[1609992210983,670083652.0902145],[1609995864327,656599841.0327909],[1610000004318,593920726.3643335],[1610003537598,579617956.5128452],[1610007435507,558668308.7762886],[1610010800044,552778921.9968362],[1610014075147,542192665.9112475],[1610018118219,534950622.28051746],[1610021535412,529826356.53382605],[1610024959757,542126088.460913],[1610029372593,532173674.9754996],[1610032246151,522958878.14543617],[1610035323202,527610244.6628503],[1610039214773,503133322.47187126],[1610043792879,495163406.0054571],[1610046267702,493347621.4357165],[1610049698566,529183520.7073384],[1610054304044,520286550.45845425],[1610057233836,514334159.62311184],[1610061111544,507946693.04154027]]}