{"stats":[[1610237999997,1313508925.7873833],[1610240829442,1320197303.512581],[1610244203701,1328477128.6246183],[1610248080051,1339765006.7693584],[1610251265302,1319683477.8230433],[1610255667063,1318263691.1977837],[1610258627193,1323700099.632601],[1610262181729,1360090424.751081],[1610265852356,1355954259.1776898],[1610280778090,1277599344.629901],[1610284151474,1297301018.2641003],[1610287712375,1313321206.0964353],[1610291987494,1278153961.0767715],[1610295292803,1300479753.5290148],[1610298496730,1282775781.2893713],[1610302218702,1270890385.3506868],[1610305425476,1260099292.402957],[1610309096960,1238537261.7569702],[1610313901259,1258605784.7134833],[1610316735234,1278021932.0865996],[1610320335235,1271725635.6015244]],"total_volumes":[[1610237999997,484999901.9464565],[1610240829442,478777929.2969211],[1610244203701,472361865.83957726],[1610248080051,461819057.7795487],[1610251265302,454288428.8211852],[1610255667063,450897918.0337573],[1610258627193,451715309.7066999],[1610262181729,462414336.77645624],[1610265852356,465386651.83806616],[1610280778090,433661995.23500013],[1610284151474,449662476.94154847],[1610287712375,453484607.63567334],[1610291987494,441469078.0027255],[1610295292803,443920217.27456105],[1610298496730,426640596.98438925],[1610302218702,427267233.6253029],[1610305425476,425876398.8335282],[1610309096960,412143836.015203],[1610313901259,432679175.6387448],[1610316735234,442852601.87635744],[1610320335235,433807607.4668181]]}