{"stats":[[1610842839566,1163303883.3192317],[1610845653875,1193445317.529126],[1610849319978,1196059050.284385],[1610852776869,1186684579.7217653],[1610856294114,1184343942.9104722],[1610860379687,1176127291.5197861],[1610863862379,1163326463.135491],[1610867875531,1155589521.3102252],[1610871285970,1144574890.840656],[1610874743017,1148504191.2983592],[1610878483256,1137872357.8353875],[1610882407628,1163897126.4119794],[1610886125071,1161055822.951204],[1610889179008,1153116464.8454888],[1610892729377,1153416732.822807],[1610895679259,1162690495.9367208],[1610899784357,1180623393.124896],[1610903926654,1172540261.0697649],[1610907591196,1173751902.3016639],[1610911072355,1176831977.623996],[1610913969594,1167664892.55692],[1610917615889,1169233319.4260798],[1610921264922,1186646502.064227],[1610925391005,1168657140.2632747]],"total_volumes":[[1610842839566,350226880.968086],[1610845653875,363911923.3820566],[1610849319978,360986510.19674575],[1610852776869,355194966.7487207],[1610856294114,350863528.4434249],[1610860379687,347099637.4913158],[1610863862379,344146978.874936],[1610867875531,350330814.3190971],[1610871285970,350910530.23303336],[1610874743017,359142037.25816464],[1610878483256,357885501.90888953],[1610882407628,365257659.51137304],[1610886125071,367689463.0368294],[1610889179008,357055171.0342398],[1610892729377,349286732.09089756],[1610895679259,351675011.534892],[1610899784357,352281843.9497941],[1610903926654,346722383.7567789],[1610907591196,346541419.9123739],[1610911072355,336766215.6759983],[1610913969594,329841900.56411314],[1610917615889,329437012.821376],[1610921264922,337115213.943352],[1610925391005,331846314.80885744]]}