{"stats":[[1612051994339,3654877536.8188677],[1612056999834,3752688804.078975],[1612058698750,3780153082.7457333],[1612062124410,3738447056.0351577],[1612065703816,3586186360.48224],[1612069693718,3501661854.9744],[1612073103227,3617875535.509641],[1612076629170,3770110905.746257],[1612080571727,3610863218.977718],[1612084221769,3565184130.4081025],[1612087577975,3560296152.82629],[1612091011257,3573072709.581855],[1612094624349,3611309236.6768045],[1612100291569,3848307199.3011527],[1612101953839,3752646953.4178576],[1612105490343,3749718031.010254],[1612108825872,3583140240.276557],[1612112659695,3818605803.6500816],[1612116273930,4189361264.4990115],[1612119795574,4828135118.503317],[1612123681970,5120898924.5519],[1612127229490,5479153946.981857],[1612130517243,5115006888.220245],[1612134178002,4740963885.080863]],"total_volumes":[[1612051994339,7223790097.127099],[1612056999834,7377700738.367684],[1612058698750,7426218556.409915],[1612062124410,7241646479.152733],[1612065703816,6642750328.06538],[1612069693718,6093992685.294155],[1612073103227,6026029680.06878],[1612076629170,5990037653.300176],[1612080571727,5672756012.137714],[1612084221769,5513892122.546169],[1612087577975,5253230595.377267],[1612091011257,5069873845.211206],[1612094624349,4950027828.599219],[1612100291569,5294383490.906842],[1612101953839,5138425394.279959],[1612105490343,5115117587.784193],[1612108825872,5017816038.348371],[1612112659695,5006576715.3303585],[1612116273930,5313955803.796749],[1612119795574,7345187525.398352],[1612123681970,7662059197.453588],[1612127229490,8574469577.776031],[1612130517243,8114720553.51726],[1612134178002,7890934597.830592]]}