{"stats":[[1616545469668,6919990524.027474],[1616549695721,6893731819.511549],[1616552319901,6971295763.780188],[1616555091255,6936594975.667129],[1616559317108,6951471027.52832],[1616563688567,6940429570.827729],[1616567178519,6963078547.752092],[1616571199807,7103727510.559544],[1616573243118,7136052389.39544],[1616578281548,7201704169.1237335],[1616581961487,7159198963.745872],[1616585534409,7223923505.803557],[1616588964829,7299728686.494283],[1616592124549,7216006677.118456],[1616596142745,7184862259.859263],[1616599993675,7121488342.238812],[1616602566023,7112914034.274814],[1616607352939,7041213947.786446],[1616609515920,7063231748.61488],[1616613619886,6978147771.785496],[1616616893315,6887701322.5484],[1616620734624,6919948374.974401],[1616625169235,6608176338.338389],[1616628230016,6653072661.094134]],"total_volumes":[[1616545469668,987358584.7796075],[1616549695721,981179535.7742603],[1616552319901,989295697.5183573],[1616555091255,1000507989.014884],[1616559317108,1020636674.8220884],[1616563688567,1025732944.9421287],[1616567178519,1005587821.020632],[1616571199807,979068131.0638454],[1616573243118,984563145.7926388],[1616578281548,1003271856.2709816],[1616581961487,1001225225.7800847],[1616585534409,1007928288.0899117],[1616588964829,1015453997.8061726],[1616592124549,1011925348.4931445],[1616596142745,1009469170.0300436],[1616599993675,1009390326.6165217],[1616602566023,1012922680.9583167],[1616607352939,1016803410.5204817],[1616609515920,1018978549.4330646],[1616613619886,1010736634.7185725],[1616616893315,1007380245.288594],[1616620734624,1007061265.1713951],[1616625169235,966022796.9810318],[1616628230016,1002802154.7732642]]}