{"stats":[[1613693389860,7729583761.278036],[1613697606581,7314138851.612302],[1613700408139,7355284832.081086],[1613704199563,7342574154.122313],[1613707311293,7391179132.054348],[1613711479294,7367564549.648148],[1613714971474,7222326104.075234],[1613718560565,7253925202.1779175],[1613722199332,7322562965.213524],[1613725327735,7220857030.482633],[1613729078594,7191720184.7242],[1613733024957,7213554276.068704],[1613736511118,7290045428.016164],[1613742098074,7291353646.979675],[1613743371217,7305526210.700409],[1613747264280,7124823716.09612],[1613750664177,7166053386.067637],[1613754279480,7105026262.262611],[1613757978101,7127424815.837254],[1613761342309,7051351440.966949],[1613764928700,7050479146.08438],[1613768545254,7232533706.566065],[1613772442637,7222624906.380606],[1613775646480,7176006494.783675]],"total_volumes":[[1613693389860,4648814084.182461],[1613697606581,4526575919.357355],[1613700408139,4543077997.023697],[1613704199563,4536399991.670941],[1613707311293,4590036462.90897],[1613711479294,4551218028.312814],[1613714971474,4508207801.884311],[1613718560565,4581237975.380701],[1613722199332,4624436378.038875],[1613725327735,4616325621.350899],[1613729078594,4612684355.344868],[1613733024957,4630188868.920529],[1613736511118,4729293395.243611],[1613742098074,4705675774.23992],[1613743371217,4668357615.911085],[1613747264280,4584239220.548551],[1613750664177,4687836744.425533],[1613754279480,4660977125.392476],[1613757978101,4191025517.3067164],[1613761342309,3543299765.699121],[1613764928700,3412569854.637876],[1613768545254,3318982901.9859667],[1613772442637,3274623807.514954],[1613775646480,3198956891.844302]]}