{"stats":[[1618445343416,15535349763.60498],[1618448618372,16892122020.900373],[1618452457230,16494310000.867596],[1618455709513,16627229668.531775],[1618459315836,16528610136.91665],[1618462933747,18149140510.25983],[1618466444130,17746655136.277435],[1618470091113,17198947610.148026],[1618473760309,17683514798.122906],[1618478110115,16989328412.705013],[1618481148192,16971544965.771559],[1618484424809,16717554358.298197],[1618488421131,16575644987.130053],[1618491835052,16928815524.196861],[1618495418094,17281314908.99809],[1618499095410,17095019953.457485],[1618503166767,17293258246.272766],[1618506542228,17799018760.73527],[1618510070324,17958050121.31065],[1618513546931,19074376169.495815],[1618516988177,21956853464.406734],[1618521050518,23245796722.563232],[1618524469207,23424695700.95728],[1618527833417,22770199258.833607]],"total_volumes":[[1618445343416,19698448103.78907],[1618448618372,20238891878.49654],[1618452457230,18835682345.679707],[1618455709513,17643034454.83146],[1618459315836,17247340615.814236],[1618462933747,18802851635.36331],[1618466444130,19128511354.239594],[1618470091113,16696903974.547693],[1618473760309,16300886028.20291],[1618478110115,14945705650.769434],[1618481148192,14610119354.00314],[1618484424809,13726461553.849724],[1618488421131,13368454734.14179],[1618491835052,12691051644.744064],[1618495418094,12351833115.653532],[1618499095410,11728825139.441269],[1618503166767,11023078329.237986],[1618506542228,11229279021.28995],[1618510070324,11250333614.38473],[1618513546931,12235596533.051228],[1618516988177,14450387280.421124],[1618521050518,16875974150.242],[1618524469207,17129631042.029902],[1618527833417,16742215665.085804]]}