{"stats":[[1617753736140,8342298639.844954],[1617757401506,8239975448.803759],[1617760963200,8289197038.250174],[1617764735813,8490965397.000169],[1617768031911,8605923462.446308],[1617771995206,8367834368.408259],[1617775592864,8380316019.3027],[1617778877053,8069098067.918451],[1617782803652,7911132564.866045],[1617786263758,7856057152.631264],[1617789699141,7717100951.123259],[1617793476065,7806815307.488539],[1617797036809,7560606180.341812],[1617800780931,7655616820.066784],[1617804388037,7738038039.933061],[1617807847264,7737642105.836915],[1617811289081,7611083996.962783],[1617815130558,7670598456.861276],[1617818836411,7569277265.147005],[1617822215573,7640940131.735147],[1617825698002,7611679483.790349],[1617829320040,7660965321.150549],[1617833049337,7693073756.513957],[1617836629049,7739151103.763384]],"total_volumes":[[1617753736140,2979685710.637315],[1617757401506,3159375719.413107],[1617760963200,3256911219.7616878],[1617764735813,3418818343.810374],[1617768031911,3518152858.8454833],[1617771995206,3562885893.551764],[1617775592864,3612692822.620707],[1617778877053,3569262416.0090585],[1617782803652,3622935340.4824634],[1617786263758,3642443898.573033],[1617789699141,3681345423.994076],[1617793476065,3652951199.9223523],[1617797036809,3700203812.827279],[1617800780931,3807699698.5830994],[1617804388037,3724306853.647172],[1617807847264,3500891006.142595],[1617811289081,3416079370.10606],[1617815130558,3397017549.7531395],[1617818836411,3331437819.440798],[1617822215573,3321506048.2084064],[1617825698002,3259941507.763151],[1617829320040,3244628566.3225975],[1617833049337,3204976001.0730047],[1617836629049,3110868458.0241003]]}