{"stats":[[1614470699330,6538921364.475879],[1614475108768,6461797444.916771],[1614477863640,6448354149.040268],[1614481480157,6281895567.093787],[1614484931205,6156365382.994209],[1614488494359,6225629908.977604],[1614492217063,6245998930.313596],[1614495870811,6197697092.073938],[1614499529172,6142577200.928157],[1614503423980,6241640898.580913],[1614506778794,6187981388.107377],[1614510249338,6256590766.408484],[1614513881322,6256116202.177476],[1614517451194,6213255415.8980465],[1614521212621,6114730869.205026],[1614524650897,6069933389.700711],[1614528255658,5816558162.812454],[1614531618153,5982521226.355185],[1614535476124,5958021425.838641],[1614539266601,6210498194.407061],[1614542585793,6264427250.396573],[1614546538647,6249388670.146083],[1614549743955,6246280762.815019],[1614553768648,6313845461.81796]],"total_volumes":[[1614470699330,1478258321.6618836],[1614475108768,1463449908.7002792],[1614477863640,1447727277.0366952],[1614481480157,1439061155.8300118],[1614484931205,1421095608.4863915],[1614488494359,1482256734.1930752],[1614492217063,1515725476.3598309],[1614495870811,1519377926.7147381],[1614499529172,1497878977.3457227],[1614503423980,1527861566.8983788],[1614506778794,1498808644.770713],[1614510249338,1481023875.510679],[1614513881322,1465002367.8464186],[1614517451194,1436607171.4625833],[1614521212621,1394858473.6013937],[1614524650897,1384546046.1933842],[1614528255658,1337216378.909012],[1614531618153,1398680868.2047703],[1614535476124,1416527756.089937],[1614539266601,1488579609.922547],[1614542585793,1531097222.9348474],[1614546538647,1574540460.5730124],[1614549743955,1569540372.5326624],[1614553768648,1609659846.350968]]}