{"stats":[[1616718693295,6629451435.562079],[1616720786328,6711541070.744321],[1616724652361,6688152817.815402],[1616728025386,6612715207.165791],[1616732169885,6683930350.963673],[1616735057560,6724697051.451923],[1616740300577,6739577332.21557],[1616743961281,6706465112.207107],[1616746361481,6831060418.620483],[1616749990135,6760651102.780773],[1616754684551,6749824443.805797],[1616756883899,6757296155.933146],[1616760472337,6728200870.083629],[1616764719942,6820537109.219291],[1616768622445,6789651798.020529],[1616772101071,6789148991.086033],[1616775239147,6790988795.7673855],[1616778725239,6795987192.886897],[1616782056001,6823226028.351818],[1616786745421,6770970677.759344],[1616790987402,6829169735.567757],[1616794097295,6841717691.292509],[1616797799703,6908697388.980511],[1616801419559,6866852764.107255]],"total_volumes":[[1616718693295,1217731451.214288],[1616720786328,1224370317.6888518],[1616724652361,1192700567.1399255],[1616728025386,1149981452.5025024],[1616732169885,1126585558.0531712],[1616735057560,1113633379.5765374],[1616740300577,1090597387.5478017],[1616743961281,1073539170.7304639],[1616746361481,1068485225.664086],[1616749990135,1044548115.5845549],[1616754684551,1024638998.5738572],[1616756883899,1028806677.4262888],[1616760472337,1018228578.7399505],[1616764719942,996746130.6323184],[1616768622445,975528229.3555942],[1616772101071,953730118.1612382],[1616775239147,928180898.7835594],[1616778725239,899670316.2731636],[1616782056001,895484798.7048656],[1616786745421,854103905.1515594],[1616790987402,854123129.7955728],[1616794097295,853701241.5522467],[1616797799703,861682254.3734846],[1616801419559,836321391.445986]]}