{"stats":[[1617408104054,7507812667.994134],[1617411727441,7501775292.104045],[1617416351785,7659476398.123429],[1617419154013,7654765567.559154],[1617424062743,7569682659.533124],[1617426108783,7618593672.332175],[1617430607827,7662349880.327554],[1617433359786,7629251914.191799],[1617436903529,7601816537.268913],[1617441229246,7581687388.567034],[1617444269311,7581210407.393438],[1617448408086,7582975494.87206],[1617452134212,7549572826.6528425],[1617455068490,7616342602.97928],[1617458514299,7602576289.563988],[1617462689547,7621794460.894803],[1617466054335,7561586658.631706],[1617469856229,7501301911.29015],[1617473079275,7423717294.124538],[1617476596250,7443951496.136231],[1617480487614,7440065237.87958],[1617484129108,7372895460.598991],[1617487480017,7420222947.422493],[1617490914282,7350315394.077256]],"total_volumes":[[1617408104054,2448301264.82805],[1617411727441,2308545998.5884376],[1617416351785,2313332243.6315575],[1617419154013,2286891975.0489736],[1617424062743,2206314799.691162],[1617426108783,2211963610.309655],[1617430607827,2211251681.0949087],[1617433359786,2195933078.824403],[1617436903529,2165569489.2091765],[1617441229246,2152836858.36776],[1617444269311,2100768442.3004482],[1617448408086,1905173228.2705574],[1617452134212,1783687675.5190666],[1617455068490,1746885934.1762402],[1617458514299,1679776205.117361],[1617462689547,1589705775.7836044],[1617466054335,1554553658.4658341],[1617469856229,1502539197.4837155],[1617473079275,1493908136.654968],[1617476596250,1536008865.5485384],[1617480487614,1513295775.5136528],[1617484129108,1485828958.0545754],[1617487480017,1485308630.0134623],[1617490914282,1496249596.418089]]}