{"stats":[[1609718797148,1256083983.5925028],[1609722322654,1263751340.0594435],[1609725845991,1323363861.0356705],[1609729326054,1374381267.8370678],[1609734222189,1420834725.5953186],[1609736968598,1380440308.4611952],[1609740292379,1333868035.8926423],[1609744328613,1277605893.097383],[1609748376885,1238229078.2652688],[1609751039756,1231577847.4922376],[1609754707453,1090046666.8448403],[1609759352142,1078026798.636276],[1609762814866,1106330857.8763354],[1609766053960,1156952148.3899121],[1609769732700,1150471623.4219515],[1609773199197,1167341126.5257542],[1609776695145,1302804610.2694817],[1609780440676,1267586115.5806715],[1609784206784,1193817849.7852433],[1609787518777,1228362007.6672766],[1609790815631,1230684168.678972],[1609794309969,1225164907.3699794],[1609798947643,1230890308.067713],[1609801516434,1231988701.1386254]],"total_volumes":[[1609718797148,2258366618.3353443],[1609722322654,2246230852.9124565],[1609725845991,2282403126.3304925],[1609729326054,2331845095.1645265],[1609734222189,2339720717.5953045],[1609736968598,2246088106.519516],[1609740292379,2107709587.4587054],[1609744328613,1983437320.4216137],[1609748376885,1902255773.2892764],[1609751039756,1862448800.8570786],[1609754707453,1688657576.6236515],[1609759352142,1702107396.1048388],[1609762814866,1658114593.218083],[1609766053960,1642994631.840191],[1609769732700,1608255829.314026],[1609773199197,1576315913.2600121],[1609776695145,1662325584.6872306],[1609780440676,1628613291.0932975],[1609784206784,1481056796.8687851],[1609787518777,1477803167.0043077],[1609790815631,1443414055.7318873],[1609794309969,1349880043.359905],[1609798947643,1299207414.874473],[1609801516434,1271429889.3710206]]}