{"stats":[[1612656540648,7271788223.656685],[1612660195769,7406434929.071458],[1612663784133,8037220504.73314],[1612667076727,7403617072.744614],[1612670799809,7427777593.708198],[1612674251743,7137312106.283264],[1612677929627,7209198598.145596],[1612681315337,7478342523.856274],[1612685122300,7513004387.045719],[1612688632443,7656846273.8165245],[1612692243456,7797733550.381923],[1612695830717,7682482732.509593],[1612699702603,7715006853.568773],[1612704216888,7662697789.744254],[1612706544700,7802500256.8628235],[1612710151694,7845047708.131408],[1612713769551,7935837787.689339],[1612717593684,8673764923.848007],[1612721151581,8679710980.034794],[1612724952312,9596022714.034098],[1612728077755,9068575594.52747],[1612733166211,9277130759.596762],[1612735515150,9653667846.513817],[1612738966215,10514004774.159632]],"total_volumes":[[1612656540648,5646939661.122157],[1612660195769,6006620254.276588],[1612663784133,6754341167.96299],[1612667076727,7136715401.242962],[1612670799809,7321273973.608405],[1612674251743,6962546883.584877],[1612677929627,6805368672.341491],[1612681315337,6943364274.216801],[1612685122300,7595036136.5344],[1612688632443,7567359182.579959],[1612692243456,7852167860.916384],[1612695830717,7718387451.969746],[1612699702603,7779905072.924276],[1612704216888,7999641745.005948],[1612706544700,8071417311.006191],[1612710151694,8284578541.302345],[1612713769551,8539762858.202209],[1612717593684,9719351452.252638],[1612721151581,10352942050.227316],[1612724952312,11359759247.285454],[1612728077755,11201209119.219055],[1612733166211,11827918965.332132],[1612735515150,12239176055.760275],[1612738966215,13274208886.918827]]}