{"stats":[[1609461134327,593759332.3455178],[1609464861360,604570145.2580835],[1609467579585,606391509.6559157],[1609470488102,606242511.0251386],[1609473860297,629674189.2788078],[1609478830485,623911507.5703616],[1609482562763,625874317.9661944],[1609486001983,614553151.8458594],[1609489878386,616034303.7501866],[1609492744205,625213009.4750255],[1609497266383,620573493.1318717],[1609500794193,626137547.87882],[1609504473485,631089222.7491949],[1609508034128,634363698.4680533],[1609509854855,633156426.3376757],[1609514406696,633413004.1257591],[1609517486326,629843099.6054406],[1609520788835,636612930.0556176],[1609525667487,642410469.2147028],[1609529244936,645478037.180109],[1609533280692,671776718.091151],[1609536153502,669867130.852297],[1609538662369,683273765.2212095],[1609542221684,699791280.6934547]],"total_volumes":[[1609461134327,125931232.82118016],[1609464861360,125620788.48010127],[1609467579585,120294400.44318104],[1609470488102,117695286.35096559],[1609473860297,125960877.19243538],[1609478830485,133725927.74990723],[1609482562763,134387940.40835276],[1609486001983,131398081.12093532],[1609489878386,130402280.0450299],[1609492744205,133417208.80494344],[1609497266383,132228814.31089965],[1609500794193,135825127.85576582],[1609504473485,140209849.3339255],[1609508034128,140123354.48171514],[1609509854855,139478242.9330662],[1609514406696,138453999.9463818],[1609517486326,139066468.7603233],[1609520788835,141017553.04802284],[1609525667487,151475703.32093397],[1609529244936,158807864.52876934],[1609533280692,183969190.94476008],[1609536153502,202829880.09959885],[1609538662369,217769184.26044345],[1609542221684,232562943.56600672]]}