{"stats":[[1615075278193,6545855781.13969],[1615080547263,6532580935.342697],[1615083220599,6537817269.463869],[1615086150929,6613053629.352449],[1615089847647,6592376535.912519],[1615093926073,6576998601.911965],[1615097382402,6575672724.7132225],[1615100523935,6597524916.38318],[1615104420563,6638390372.536005],[1615107895732,6618035676.201969],[1615111374231,6657020094.504546],[1615115071101,6607785912.745891],[1615118433906,6608914985.206235],[1615122117699,6588700123.804666],[1615125732122,6586514832.127171],[1615129378141,6503897111.361474],[1615133079555,6552027211.979867],[1615136528628,6643166671.336551],[1615140134107,6600488997.286088],[1615143763345,6571666877.544299],[1615147495414,6568458486.31414],[1615151161283,6572986401.837323],[1615154690537,6612086866.493572],[1615158180209,6658131223.445644]],"total_volumes":[[1615075278193,1561141043.921425],[1615080547263,1555423085.9923036],[1615083220599,1549102103.7541811],[1615086150929,1581349666.6003487],[1615089847647,1576911115.1041923],[1615093926073,1467998536.5295203],[1615097382402,1321148963.5042968],[1615100523935,1273197174.3055809],[1615104420563,1254292739.5144475],[1615107895732,1233994680.5697553],[1615111374231,1219119592.3061085],[1615115071101,1192597851.585014],[1615118433906,1174203814.489929],[1615122117699,1129377462.5593567],[1615125732122,1073268034.5621892],[1615129378141,1066688083.0924093],[1615133079555,1073242821.7110376],[1615136528628,1072135027.343635],[1615140134107,1058028910.9267107],[1615143763345,1049360011.4657576],[1615147495414,1040467595.4032984],[1615151161283,1009031629.1499671],[1615154690537,993461114.8876364],[1615158180209,997012667.2817305]]}