{"stats":[[1609633662483,1340173529.6678636],[1609635990121,1213097817.9244158],[1609639323068,1271435323.696957],[1609643265289,1271630371.8164847],[1609646948450,1401822763.896192],[1609650818001,1400301691.4658928],[1609654720203,1530668583.3048441],[1609657872344,1580293246.070633],[1609661310437,1584517483.400022],[1609664498108,1528533809.5117877],[1609668225281,1473257233.1117117],[1609672175168,1503016559.1304445],[1609675222085,1676502421.6643593],[1609679364656,1654112098.8076653],[1609683548556,1630962521.1204402],[1609686464113,1544909889.0078175],[1609690667868,1572538864.3395586],[1609694579775,1363823287.4542341],[1609697958841,1407149864.478328],[1609700560414,1370422249.0992517],[1609704597052,1295333872.6738925],[1609708931506,1339004918.9785335],[1609711495067,1339565349.5013943],[1609715086993,1295791616.6784554]],"total_volumes":[[1609633662483,3032388839.206659],[1609635990121,2898380174.87807],[1609639323068,3067732401.378935],[1609643265289,3093401893.43088],[1609646948450,3292132856.238597],[1609650818001,3192102324.0282774],[1609654720203,3506381712.469205],[1609657872344,3571129967.047955],[1609661310437,3588999264.0021825],[1609664498108,3497044530.5042877],[1609668225281,3465825410.774509],[1609672175168,3494983990.980881],[1609675222085,3888055823.555],[1609679364656,3974433024.5464997],[1609683548556,3981559474.0176673],[1609686464113,3908318142.0286775],[1609690667868,3644358800.253843],[1609694579775,3304594604.2274995],[1609697958841,3335569315.38346],[1609700560414,3111603490.624569],[1609704597052,2671539033.4545913],[1609708931506,2643839126.148647],[1609711495067,2534200884.38991],[1609715086993,2363857141.276981]]}