{"stats":[[1618617888617,48767205447.020355],[1618621399000,46404456806.79126],[1618625351041,45148163637.3955],[1618628776556,44799776376.04046],[1618632450609,41170291548.50984],[1618636136822,36540988170.61505],[1618639346552,41680247575.77149],[1618643397238,41883895715.392975],[1618647085237,40723796110.71021],[1618650599784,40738598448.43487],[1618653956877,37296323957.43611],[1618659481679,37128245618.74683],[1618663644391,34257814094.98753],[1618667673865,33238800707.11689],[1618672273411,34681005493.11564],[1618677713064,35967788111.216644],[1618682842476,35542584515.06841],[1618688653217,37945457257.609665],[1618689822496,40145029080.82717],[1618692689318,40059986655.18915],[1618698928732,38660325993.36763],[1618701360115,39303203456.558304]],"total_volumes":[[1618617888617,50960650646.95082],[1618621399000,47995786968.581215],[1618625351041,45012316927.66931],[1618628776556,40925418140.68989],[1618632450609,37649874624.9676],[1618636136822,34540890911.81768],[1618639346552,37865947289.579025],[1618643397238,53023771084.61865],[1618647085237,51955048553.51855],[1618650599784,51602313637.68283],[1618653956877,33779676495.043133],[1618659481679,44285616339.430756],[1618663644391,42857229175.992485],[1618667673865,40994229152.1088],[1618672273411,25818810980.59562],[1618677713064,34818182486.96693],[1618682842476,32637850433.17435],[1618688653217,34475529472.303246],[1618689822496,35159793255.46853],[1618692689318,34057835003.294624],[1618698928732,32763252118.435688],[1618701360115,30475967352.857937]]}