{"stats":[[1616114025522,7289297869.1129055],[1616117621686,7401688806.46797],[1616119610462,7433051201.082228],[1616124261616,7438296063.508156],[1616128194160,7411175559.368908],[1616130299327,7430610932.597548],[1616135281722,7435336170.190552],[1616138966142,7472262125.609331],[1616142243624,7508050510.050942],[1616145738353,7710763163.718488],[1616149816703,7544879117.342143],[1616152336717,7588001909.74694],[1616157347069,7549459624.641097],[1616160341746,7464736573.739682],[1616164158986,7487130326.716754],[1616166116416,7554907726.732157],[1616170783335,7537512500.827039],[1616174123233,7554946191.017117],[1616178640857,7499229739.877224],[1616181974049,7564829470.521492],[1616184232142,7574752831.879845],[1616189244867,7610198136.288781],[1616192498044,7552313230.866434],[1616196693435,7543710908.9154825]],"total_volumes":[[1616114025522,984117769.0527538],[1616117621686,968716013.4044569],[1616119610462,955783857.8210115],[1616124261616,957751486.6488472],[1616128194160,951024498.170144],[1616130299327,965524345.9986255],[1616135281722,960484409.1695518],[1616138966142,954779840.3705839],[1616142243624,946455154.1238693],[1616145738353,1108000743.968262],[1616149816703,1136808162.6226141],[1616152336717,1152890816.4663062],[1616157347069,1173226969.862607],[1616160341746,1163033573.2999294],[1616164158986,1148085267.5035207],[1616166116416,1147228638.7780704],[1616170783335,1121082412.7650838],[1616174123233,1115747362.2300515],[1616178640857,1115321989.1618576],[1616181974049,1107698411.829114],[1616184232142,1103103595.0425045],[1616189244867,1105519244.4389057],[1616192498044,1090412279.1510584],[1616196693435,1088466439.2057676]]}