{"stats":[[1610150927886,1264295435.64546],[1610154353446,1265831098.5927906],[1610158750959,1281165374.664133],[1610161612128,1289909971.9333816],[1610165685521,1291280671.729285],[1610168693048,1296034900.528464],[1610172574201,1261054526.8602083],[1610176915217,1264494851.16927],[1610179920049,1279826818.3246858],[1610183050573,1276262443.6590154],[1610187369145,1292582244.449093],[1610190133149,1361414084.1094677],[1610194623402,1320929829.7859082],[1610197491880,1332939739.19368],[1610201099730,1326411108.1608005],[1610204840039,1312347372.929974],[1610209163577,1307904351.6653314],[1610212446063,1294908606.758957],[1610215415173,1297653077.6870952],[1610219719889,1321028101.89127],[1610222613001,1329732963.7827206],[1610226082876,1323150083.6774428],[1610229875970,1319780876.9370277],[1610234358256,1313423628.5396214]],"total_volumes":[[1610150927886,422438999.66679513],[1610154353446,429943345.695748],[1610158750959,450621831.9486027],[1610161612128,449835031.9071139],[1610165685521,453203116.29417884],[1610168693048,452400096.0993041],[1610172574201,443635212.08405846],[1610176915217,450777970.27550226],[1610179920049,453085822.2345929],[1610183050573,453946251.80056083],[1610187369145,458739624.3055129],[1610190133149,497868160.8788276],[1610194623402,509443715.23982817],[1610197491880,514199253.1810367],[1610201099730,507510178.96249336],[1610204840039,508181116.51068956],[1610209163577,497336894.7939634],[1610212446063,501750248.72467387],[1610215415173,509147574.7497421],[1610219719889,518994478.141235],[1610222613001,525636335.03628033],[1610226082876,521160153.27975434],[1610229875970,517552351.48723686],[1610234358256,505518250.18066466]]}