{"stats":[[1619222797113,32231128597.059307],[1619226349790,30315777992.724075],[1619229838022,30629807470.83398],[1619233337713,31091695231.538277],[1619237068427,31547469658.72343],[1619240667880,31749498181.29239],[1619244146722,32778385797.044224],[1619247776730,36151404463.17671],[1619251390489,35741730950.049065],[1619255091479,36748941011.81539],[1619258561609,36158476164.31979],[1619262172508,34227147337.08351],[1619265749487,33590873770.84787],[1619269686388,35458247000.66495],[1619272953745,35128337522.673584],[1619276722007,34570077974.57894],[1619280036906,35479222069.54224],[1619283836877,34973822790.73116],[1619287404595,35322955008.860634],[1619291036714,35382622741.33752],[1619294646097,36092597469.01536],[1619298362284,36158516961.88257],[1619301795630,35367975173.154884],[1619305365165,35284651573.9493]],"total_volumes":[[1619222797113,17436018363.016518],[1619226349790,16574158309.804203],[1619229838022,16238438283.554436],[1619233337713,13928058246.03921],[1619237068427,13069625635.242012],[1619240667880,12764756269.69677],[1619244146722,12294735087.779976],[1619247776730,13474317306.996113],[1619251390489,13572153090.585188],[1619255091479,13590365775.526136],[1619258561609,11827706195.922354],[1619262172508,12232833154.695269],[1619265749487,12331066738.366516],[1619269686388,12845425166.703024],[1619272953745,12676271700.459015],[1619276722007,11541235918.356724],[1619280036906,12604971207.07227],[1619283836877,11473773148.419817],[1619287404595,12386445496.163906],[1619291036714,12361331936.504187],[1619294646097,12541279453.098017],[1619298362284,12378231946.77059],[1619301795630,12115077331.4671],[1619305365165,12065857817.724371]]}