{"stats":[[1616977382389,7009797032.455707],[1616980601872,6971817805.139135],[1616984302469,6978172746.021902],[1616987660849,7026210564.632322],[1616990790416,7007490652.705893],[1616994569066,7003323559.723496],[1616998862587,6989649172.102726],[1617002104749,7014947776.360426],[1617005720415,7072399421.799591],[1617008486257,7089795470.620087],[1617012019703,6933159165.374393],[1617016150504,7096758137.125843],[1617020518583,7122093110.215946],[1617022853481,7112803890.186133],[1617027128117,7068052666.860151],[1617030517530,7095631616.641194],[1617034339980,7100981499.520986],[1617037794799,7068465914.484673],[1617041072868,6881500516.072452],[1617045027589,7084135447.034525],[1617048817980,7053979523.221572],[1617053149807,7075924142.365362],[1617055322942,7068009703.979097],[1617059098003,7061703189.814031]],"total_volumes":[[1616977382389,831315496.3819413],[1616980601872,823690918.1606971],[1616984302469,830006403.7381102],[1616987660849,837149881.7852874],[1616990790416,832931981.0304792],[1616994569066,840621723.1048487],[1616998862587,846663836.3825293],[1617002104749,846572995.1293185],[1617005720415,853365724.6202915],[1617008486257,874475154.9344747],[1617012019703,892209222.0546651],[1617016150504,891032481.7175429],[1617020518583,889948056.7852644],[1617022853481,879490519.8598019],[1617027128117,886869113.2526778],[1617030517530,907107479.3688542],[1617034339980,920563892.3478229],[1617037794799,920589192.574584],[1617041072868,934236200.1736563],[1617045027589,928100152.7820561],[1617048817980,914151668.450418],[1617053149807,919474137.4349889],[1617055322942,924102863.9113116],[1617059098003,923572406.2388165]]}