{"stats":[[1615248237208,7776184982.657351],[1615252952077,7751463291.078273],[1615256021343,7759014997.28946],[1615258888277,7629594873.093863],[1615262492364,7598862255.888826],[1615266528374,7667224845.8952265],[1615270062355,7627624521.463606],[1615273444771,7513477863.717124],[1615277306642,7515617395.977378],[1615280850550,7595701080.939495],[1615284460965,7486171400.33338],[1615287801155,7356619614.852034],[1615291410471,7345114483.408824],[1615294971193,7248467829.477737],[1615298837168,7470431979.464094],[1615302197110,7400978005.155224],[1615305701877,7354250533.226117],[1615309241537,7299439289.559867],[1615313193322,7333513674.128333],[1615316445191,7331851840.820804],[1615320058861,7413449043.701328],[1615323693075,7366786137.390609],[1615327239399,7428848362.735502],[1615331275980,7529403356.350214]],"total_volumes":[[1615248237208,3627421088.7573156],[1615252952077,3773644647.1516285],[1615256021343,3692493135.5637784],[1615258888277,3632593996.4099035],[1615262492364,3543404496.529792],[1615266528374,3532521239.5530305],[1615270062355,3498153841.9961066],[1615273444771,3169742374.7313485],[1615277306642,3084142891.89325],[1615280850550,3060950873.840867],[1615284460965,2997438812.8153205],[1615287801155,2953364864.8592014],[1615291410471,2965585351.9579153],[1615294971193,2925745174.8839283],[1615298837168,2994684162.764666],[1615302197110,2928400313.01245],[1615305701877,2855948568.8702884],[1615309241537,2834825590.022227],[1615313193322,2822737160.4914193],[1615316445191,2824406725.1481123],[1615320058861,2838593728.4171166],[1615323693075,2787937611.984509],[1615327239399,2733004677.381923],[1615331275980,2673253760.89118]]}