{"stats":[[1619309099478,34979989821.77723],[1619312735285,34914144619.203995],[1619316086620,37026208681.359764],[1619319689076,36374393520.6335],[1619323282658,35727477483.43169],[1619326997082,35901572656.65957],[1619330698506,35712756742.105034],[1619334198496,35038587102.56573],[1619337813837,34939739406.64408],[1619341256665,35519304111.352425],[1619344886156,35117811935.53318],[1619348630527,34815223583.587746],[1619352235176,35052895776.54383],[1619356297346,35509966459.60349],[1619360402515,35245415547.024445],[1619362884605,35450557338.92361],[1619366604601,34437111893.38672],[1619370185216,34195729707.962112],[1619373976653,33573777940.00696],[1619377308768,32519301716.537716],[1619380852472,32597470900.97173],[1619384567218,32712234639.993073],[1619388147537,29936599782.93311],[1619392026989,32054171033.649746]],"total_volumes":[[1619309099478,10807971320.65116],[1619312735285,10630703994.452488],[1619316086620,12174765743.612865],[1619319689076,10835545968.842909],[1619323282658,10762089677.68653],[1619326997082,11714831238.905415],[1619330698506,6961537462.701252],[1619334198496,7329047026.230356],[1619337813837,5724340632.45907],[1619341256665,9029897002.917027],[1619344886156,8648957808.36055],[1619348630527,7224830845.660991],[1619352235176,6606068261.821604],[1619356297346,6845842485.687312],[1619360402515,6506533721.108447],[1619362884605,6326808051.812565],[1619366604601,6128669173.024456],[1619370185216,5546316889.650557],[1619373976653,5452905991.972925],[1619377308768,6247420979.771149],[1619380852472,6224115417.419212],[1619384567218,6226854853.053041],[1619388147537,6378384970.5157175],[1619392026989,7158612149.409799]]}