{"stats":[[1618704376958,36807721710.51386],[1618706823506,35898208536.57496],[1618708739954,35907859251.4804],[1618711893148,38196989153.1525],[1618713839211,38221830216.915474],[1618716506044,36388667325.27336],[1618719001582,33780858769.72096],[1618721799566,34157413953.89621],[1618724207850,34381270222.832245],[1618726984053,35848078838.15072],[1618729593869,35896335584.8761],[1618732938906,37524026853.5078],[1618736548310,39986361918.66944],[1618740417040,39097129725.77406],[1618743768335,39887820602.42381],[1618747360732,37495067832.07801],[1618751269836,39188860818.52975],[1618754534387,39347447437.93295],[1618759204720,40681318212.28698],[1618761930999,39764710007.59212],[1618766018811,39883286376.34445],[1618768842285,39974163508.08795],[1618772714109,40875919010.12218],[1618776714612,42169984315.43608],[1618779933766,44379706354.274155],[1618785178798,44382052834.19211],[1618787048914,42414519912.52263]],"total_volumes":[[1618704376958,30117803641.321762],[1618706823506,28981467873.90637],[1618708739954,29181087029.709103],[1618711893148,29887209507.188145],[1618713839211,29798013642.469643],[1618716506044,28775860635.777706],[1618719001582,28022429767.787483],[1618721799566,26704893191.70178],[1618724207850,25309259964.517868],[1618726984053,25384231718.09204],[1618729593869,25099989689.44964],[1618732938906,25560793014.795433],[1618736548310,27100611628.123882],[1618740417040,27324277067.498035],[1618743768335,27782835476.804825],[1618747360732,25855742598.41105],[1618751269836,25781276071.50654],[1618754534387,24592335849.93472],[1618759204720,24276383044.67409],[1618761930999,23868438007.30403],[1618766018811,23166800978.46586],[1618768842285,23222411991.035862],[1618772714109,24286070003.95045],[1618776714612,23606265739.732086],[1618779933766,23672103896.850418],[1618785178798,23824414274.26913],[1618787048914,23608695450.665344]]}