{"stats":[[1617667447152,7779875415.392975],[1617672797951,7765775924.788513],[1617674536531,7670186503.67889],[1617678256246,7701222837.339682],[1617681705310,7739689810.3434],[1617685472779,7646974741.335157],[1617689193732,7678345798.457624],[1617692634617,7677808496.946445],[1617696145213,7616484254.569167],[1617699815163,7584262195.99683],[1617703492452,7679542855.880126],[1617707146048,7740372022.962237],[1617710659313,7657592600.321716],[1617714137490,7733543734.690704],[1617717929347,8141763073.779463],[1617721381556,7909080793.043989],[1617724961857,7926471309.739659],[1617728766363,8025336250.346359],[1617732357617,7934308106.4547415],[1617736002947,8063987865.116279],[1617739568196,8052885165.377555],[1617743294731,8019317663.777891],[1617746770019,8125483384.433558],[1617750125170,8208194558.933786]],"total_volumes":[[1617667447152,1845176476.6953142],[1617672797951,1959924928.494123],[1617674536531,1965266455.1322765],[1617678256246,1954094072.813111],[1617681705310,1938824480.039702],[1617685472779,1854575956.6002705],[1617689193732,1825070878.2951732],[1617692634617,1810459155.0337489],[1617696145213,1771420814.3151627],[1617699815163,1811963030.0048316],[1617703492452,1856919226.8427405],[1617707146048,1915618506.301439],[1617710659313,1915587013.5956256],[1617714137490,1954840399.548176],[1617717929347,2236655028.2097607],[1617721381556,2465308138.8739233],[1617724961857,2549886434.734222],[1617728766363,2642279093.1402583],[1617732357617,2655816401.862154],[1617736002947,2757983352.5143847],[1617739568196,2839515720.080485],[1617743294731,2842812133.1166673],[1617746770019,2898780545.9940934],[1617750125170,2951091197.3650665]]}