{"stats":[[1614557089443,6201387146.83418],[1614560418865,6354384496.599989],[1614564536131,6377159603.670853],[1614567806251,6369884524.574105],[1614571644753,6325933869.637325],[1614575121142,6333983748.08007],[1614578861196,6272458791.545902],[1614582258656,6234329744.156203],[1614586124188,6255236814.053857],[1614589701932,6389768895.44327],[1614592857626,6482981446.272155],[1614596780275,6467579022.710087],[1614600247116,6528241722.40649],[1614603932490,6504039309.516753],[1614607468034,6478022132.869357],[1614610905949,6462368793.220354],[1614614567510,6532431426.192133],[1614618425193,6433002828.085836],[1614621820435,6381776972.581057],[1614625458498,6377189131.314865],[1614629093015,6444156066.411086],[1614632875709,6517257788.895275],[1614636419767,6505038099.790278],[1614639996260,6541477343.807596]],"total_volumes":[[1614557089443,1576893240.5192816],[1614560418865,1615097231.7875423],[1614564536131,1608058441.1076422],[1614567806251,1612330084.909461],[1614571644753,1554781922.7788408],[1614575121142,1510271613.1297512],[1614578861196,1466850326.814038],[1614582258656,1435096564.842871],[1614586124188,1413479520.7955928],[1614589701932,1454586445.8970268],[1614592857626,1508151527.471012],[1614596780275,1524977148.1908917],[1614600247116,1561852578.835804],[1614603932490,1552848186.5012586],[1614607468034,1543762093.073481],[1614610905949,1527536206.0414863],[1614614567510,1540344820.6142058],[1614618425193,1496292454.9459972],[1614621820435,1472008483.834343],[1614625458498,1435213400.4543562],[1614629093015,1469419751.897589],[1614632875709,1636340214.1530142],[1614636419767,1646524679.6419141],[1614639996260,1659758517.4133775]]}