{"stats":[[1614643414918,6561571713.102942],[1614648459483,6594163422.979585],[1614650445080,6633919205.052876],[1614654151566,6698745199.811687],[1614657774565,6592346685.668254],[1614661501757,6662153429.94292],[1614665530456,6600796387.560042],[1614668798450,6514280665.17176],[1614672127165,6526546550.634145],[1614675920660,6566872378.740675],[1614679348783,6571131787.945074],[1614683143859,6569365049.032938],[1614686679097,6566785913.028949],[1614691403304,6576858744.760596],[1614693798716,6580930260.971833],[1614697671668,6542268342.5420065],[1614701314937,6539596273.97721],[1614704509905,6390286142.340278],[1614708424002,6459484859.47527],[1614711879608,6442375835.421221],[1614715727035,6422433903.436206],[1614718874402,6403759967.531489],[1614722695062,6450894512.631862],[1614726331270,6475583819.067647]],"total_volumes":[[1614643414918,1652399316.0636256],[1614648459483,1677410847.3630426],[1614650445080,1681713846.1938202],[1614654151566,1698532081.595365],[1614657774565,1697162579.0124843],[1614661501757,1725771702.90377],[1614665530456,1697272304.950764],[1614668798450,1672818636.8205829],[1614672127165,1682990827.0751843],[1614675920660,1707059427.213217],[1614679348783,1668470148.6426623],[1614683143859,1639245135.883202],[1614686679097,1627445207.8938665],[1614691403304,1613555415.1430273],[1614693798716,1612644616.7879817],[1614697671668,1592466640.5386748],[1614701314937,1589859923.1188216],[1614704509905,1557124494.6847277],[1614708424002,1597039289.2582662],[1614711879608,1580981980.9596965],[1614715727035,1534276307.5280886],[1614718874402,1422274759.9189324],[1614722695062,1425964348.9510455],[1614726331270,1413770636.9044678]]}