{"stats":[[1617323198486,7848873497.38433],[1617325246350,7640185674.97769],[1617329557256,7713811371.245621],[1617333356500,7784005271.527316],[1617336860383,7732578369.604966],[1617340596205,7651615149.591639],[1617343535118,7630488005.2006235],[1617347825626,7611694644.416256],[1617350983115,7570145340.485672],[1617354411843,7567746872.298651],[1617358985421,7632369015.809015],[1617362033880,7701747406.786043],[1617365803684,7651721100.540795],[1617369236315,7623312221.672657],[1617372770524,7641524298.312722],[1617377050301,7644628297.673442],[1617379540600,7627946810.699304],[1617384128492,7569651769.669967],[1617387506725,7555630584.148483],[1617390702467,7515259443.813446],[1617394722610,7490332206.036572],[1617398313773,7480462692.314976],[1617401542242,7495467691.544368],[1617405275860,7459636808.791691]],"total_volumes":[[1617323198486,5945638389.927636],[1617325246350,5978386360.737029],[1617329557256,6106301037.464261],[1617333356500,6192085146.726589],[1617336860383,6257564782.248372],[1617340596205,6223634059.265782],[1617343535118,6244697591.905854],[1617347825626,6235078362.465667],[1617350983115,6230688172.040514],[1617354411843,6264302108.820474],[1617358985421,6373181296.037153],[1617362033880,5757148475.96461],[1617365803684,4939473038.64528],[1617369236315,4209958199.0394974],[1617372770524,3890923338.981052],[1617377050301,3583424481.995268],[1617379540600,3452805842.802566],[1617384128492,3175993439.7834935],[1617387506725,3026020767.6861367],[1617390702467,2879216338.908635],[1617394722610,2809784083.6469917],[1617398313773,2658445182.7222548],[1617401542242,2601084701.43376],[1617405275860,2518985401.8357286]]}