{"stats":[[1613779379115,7128326860.060291],[1613783588231,7045804401.313937],[1613788647148,6988184978.989909],[1613791490876,7014570713.795371],[1613794004595,7072253090.104263],[1613797532668,7038338990.855196],[1613801079928,6971211948.734618],[1613804600365,7099026600.7411375],[1613808125155,7249506414.448346],[1613811779854,7772014004.28164],[1613815459304,7482840798.204017],[1613819018336,7362067603.702312],[1613822684764,7302193976.552069],[1613826277246,7390024813.167443],[1613830258683,7356533083.649381],[1613833483420,7237022346.573847],[1613837245350,7045762292.208687],[1613840969151,7216777333.611187],[1613844069168,7267883650.676129],[1613847772851,7218342385.918239],[1613851454763,7187948957.660436],[1613855014651,7187948957.660436],[1613858619295,7267170444.087309],[1613862181220,6727676113.699851]],"total_volumes":[[1613779379115,3048336602.085827],[1613783588231,2951263232.8567247],[1613788647148,2849864496.0612874],[1613791490876,2812760170.1139517],[1613794004595,2788260101.722748],[1613797532668,2741099136.128747],[1613801079928,2689977324.4012194],[1613804600365,2650727055.5319033],[1613808125155,2706376397.0898533],[1613811779854,3022282485.374351],[1613815459304,3143137516.9562335],[1613819018336,3153527795.511899],[1613822684764,3137201438.6226387],[1613826277246,3170747889.947292],[1613830258683,3177997622.697275],[1613833483420,3159574765.5437756],[1613837245350,3121656597.897593],[1613840969151,3211845191.903242],[1613844069168,3244737624.6232033],[1613847772851,3262481891.213332],[1613851454763,3189983474.6621857],[1613855014651,3188889480.689739],[1613858619295,3248828372.5875454],[1613862181220,3220578473.711509]]}