{"stats":[[1617840254592,7655108665.350827],[1617843904286,7727374923.289541],[1617847442774,7756554588.285903],[1617849686467,7779718535.293452],[1617852112249,7774978579.083662],[1617854426023,7777156098.950103],[1617858045510,7932188304.1280575],[1617861655245,7926701524.20834],[1617865477398,7883704380.602708],[1617868901022,7863128646.591515],[1617872573634,7837435759.5357275],[1617876218068,7840290288.03173],[1617879885553,7827814115.411477],[1617883645202,7809272431.678107],[1617887234979,7891979824.053235],[1617890470447,7893841892.161528],[1617894180104,7891671455.384172],[1617897788647,7940081860.0376],[1617901344759,7906605808.919763],[1617905162904,7862355954.499356],[1617908646460,7889874612.370512],[1617912158800,7841806076.052884],[1617916014662,7851518264.50556],[1617919471808,7902858766.758159],[1617923042247,7902342554.543863]],"total_volumes":[[1617840254592,2977233569.2485094],[1617843904286,2604104607.337745],[1617847442774,2519945915.5009446],[1617849686467,2430784254.229802],[1617852112249,2373617056.860201],[1617854426023,2348507773.533627],[1617858045510,2316300947.901304],[1617861655245,2300678341.562077],[1617865477398,2233446983.1336274],[1617868901022,2222712601.6196294],[1617872573634,2124020446.8352027],[1617876218068,2036706768.274623],[1617879885553,1930421838.3952718],[1617883645202,1798295381.7414696],[1617887234979,1710548143.8727477],[1617890470447,1600053595.53596],[1617894180104,1516250625.3284862],[1617897788647,1461029106.8383622],[1617901344759,1392817097.2711723],[1617905162904,1351783838.9936635],[1617908646460,1324958723.299656],[1617912158800,1263668795.4664333],[1617916014662,1231749435.1217093],[1617919471808,1228652150.5015752],[1617923042247,1256835271.5371811]]}