{"stats":[[1615334727879,7446831674.698749],[1615338405788,7476921911.919391],[1615341732668,7262158909.442551],[1615345624911,7156941480.451918],[1615348922279,7097119298.005932],[1615352790259,7232548165.112945],[1615356590718,7236263043.531313],[1615360123751,7260818453.32798],[1615363545014,7361215106.252381],[1615367525354,7308972924.887178],[1615370637526,7349028840.386965],[1615374172289,7243799140.689242],[1615377844133,7216618327.632055],[1615381705518,7341639844.133555],[1615384980224,7337517429.778246],[1615388548956,7334595864.931823],[1615392171832,7198106140.882741],[1615395876641,7243137887.6274],[1615399298158,7201498730.282077],[1615403160166,7209403260.624986],[1615406523400,7218106328.926447],[1615410088189,7121252735.605917],[1615414302743,7264536056.790855],[1615417859055,7211764607.941218]],"total_volumes":[[1615334727879,2519894713.275048],[1615338405788,2348547790.2326384],[1615341732668,2256634010.566562],[1615345624911,2227989678.7127657],[1615348922279,2195161809.921615],[1615352790259,2186348865.6652656],[1615356590718,2160636395.232266],[1615360123751,2137875755.3860304],[1615363545014,2083477871.6775296],[1615367525354,2016612346.878852],[1615370637526,1950175604.4411175],[1615374172289,1868033259.648044],[1615377844133,1827090781.4910626],[1615381705518,1796583095.8456986],[1615384980224,1765267938.4129858],[1615388548956,1708952564.9139423],[1615392171832,1712815737.9428947],[1615395876641,1675946999.8993464],[1615399298158,1675554638.9463248],[1615403160166,1645342085.2243192],[1615406523400,1650226535.6029894],[1615410088189,1656718070.7669854],[1615414302743,1691123502.6926076],[1615417859055,1680891110.0910869]]}