{"stats":[[1615593982537,7094349920.738156],[1615598935777,7058044433.882657],[1615601023382,7062348190.542404],[1615604604454,7134226441.685898],[1615608122406,7104136216.414138],[1615611697457,7105863662.016728],[1615615267262,7114782158.519858],[1615619203437,7148919183.602212],[1615622888885,7209223401.139188],[1615626131014,7159514985.002978],[1615629728740,7251668710.267335],[1615633449620,7249811458.002653],[1615637102784,7308484696.294882],[1615640635886,7261272205.083708],[1615644415734,7274495675.727685],[1615647702157,7288876853.394745],[1615651285534,7321616791.247209],[1615654860985,7377511553.688843],[1615658534677,7419219435.058035],[1615662091646,7448905683.313756],[1615666148419,7770696870.789265],[1615669352258,7610366124.655028],[1615672881558,7623409213.892062],[1615676787710,7522428055.975076]],"total_volumes":[[1615593982537,1344394505.8271942],[1615598935777,1328341708.8698528],[1615601023382,1348687505.361493],[1615604604454,1359920910.6339016],[1615608122406,1316215941.6582186],[1615611697457,1290526750.07289],[1615615267262,1281424585.1466038],[1615619203437,1264289637.0417466],[1615622888885,1270670744.9149776],[1615626131014,1241759059.6806774],[1615629728740,1254940675.754279],[1615633449620,1271212324.9223044],[1615637102784,1297454954.4049408],[1615640635886,1325675061.7091846],[1615644415734,1285693675.265776],[1615647702157,1289388735.4283247],[1615651285534,1319386781.01011],[1615654860985,1343356908.8536322],[1615658534677,1341019918.1599483],[1615662091646,1373567484.4595182],[1615666148419,1564651098.1707122],[1615669352258,1600957027.1977367],[1615672881558,1674147540.1817846],[1615676787710,1648547361.752764]]}