{"stats":[[1618185953493,9636090564.670744],[1618189432658,9553179394.846857],[1618193042739,9456747041.289955],[1618196679685,9359895804.022871],[1618200042764,9444626272.592543],[1618203696736,9363617368.95688],[1618207328498,9292472249.876987],[1618211166123,9221086447.969625],[1618214942719,9462394331.785976],[1618218410705,9419948952.774275],[1618221735981,9172804060.93324],[1618225255047,8989975084.991642],[1618229092729,9161484583.14834],[1618232755734,9295015651.73079],[1618236102837,9120744375.180727],[1618239628908,9090146004.926851],[1618243344980,9049116472.391264],[1618246925681,9079038185.38646],[1618250983027,9194942207.617496],[1618254136672,9216442389.37958],[1618257633576,9189770250.510996],[1618261481401,9105212290.668774],[1618264874326,9187727039.640877],[1618268583251,9265430818.204092]],"total_volumes":[[1618185953493,6587700970.207003],[1618189432658,6586733330.239649],[1618193042739,6314690091.004774],[1618196679685,6188560790.400994],[1618200042764,6230573034.422217],[1618203696736,6158261627.000158],[1618207328498,6130248977.459794],[1618211166123,6022057283.400715],[1618214942719,6147278112.859445],[1618218410705,6144547073.298028],[1618221735981,5800925122.086908],[1618225255047,5398196160.550587],[1618229092729,4754950629.312528],[1618232755734,4388000390.015418],[1618236102837,4108364464.255258],[1618239628908,3922673610.42565],[1618243344980,3799981721.3652062],[1618246925681,3713298775.2896576],[1618250983027,3471668513.430407],[1618254136672,3421013877.525827],[1618257633576,3353429204.945066],[1618261481401,3282885288.141556],[1618264874326,3155938894.0234337],[1618268583251,3018543249.4281225]]}