{"stats":[[1619136178954,34105735062.866184],[1619139789499,33742860231.771244],[1619143483724,29931578584.429565],[1619146993712,26402912045.59007],[1619150600128,27354910846.814667],[1619154270305,26638666369.58986],[1619157728669,27174068384.828056],[1619161530312,26723076074.951164],[1619165180104,27272015154.97494],[1619168557583,30228648801.20865],[1619172426512,29999454808.110317],[1619175815683,31413559297.65698],[1619179585625,31265837696.43219],[1619183258075,29307330739.2941],[1619186630900,28587838898.503777],[1619190293945,29944586185.169704],[1619193724430,30212068175.867428],[1619197367841,30377374465.33371],[1619201096169,30357115002.50261],[1619204652909,30210919700.41877],[1619208164134,30595835517.104458],[1619211883243,31047710291.621628],[1619215421335,30968017784.24937],[1619219160984,31199637096.209]],"total_volumes":[[1619136178954,12372638669.786901],[1619139789499,12296110049.954027],[1619143483724,12228162689.61768],[1619146993712,13064302203.627153],[1619150600128,14495308300.7426],[1619154270305,14159556742.871603],[1619157728669,15119158623.664194],[1619161530312,15314075354.75247],[1619165180104,15868001343.529547],[1619168557583,17137526143.43282],[1619172426512,18018749649.7587],[1619175815683,17559408945.854305],[1619179585625,18554146836.51028],[1619183258075,17734585466.89466],[1619186630900,17039524867.166042],[1619190293945,17957518948.57689],[1619193724430,17901797381.185047],[1619197367841,17007508430.799307],[1619201096169,16554047134.413206],[1619204652909,16382124310.044558],[1619208164134,17253982977.06966],[1619211883243,17288058656.7098],[1619215421335,17059113343.143469],[1619219160984,15954031638.962997]]}