{"stats":[[1618877031008,53086953475.86828],[1618880839248,48677548620.181206],[1618884294668,49866315023.14234],[1618889540463,50090541422.19575],[1618894359808,53814547888.20791],[1618895680996,53730051953.28442],[1618898650851,52619315743.60828],[1618902374833,51950413338.044075],[1618905972001,52268337980.77921],[1618909609613,53369062705.0918],[1618913215840,49999187753.00658],[1618916451314,50986990920.84491],[1618920159764,50341964017.0292],[1618924268291,50406046996.49646],[1618927367600,49958466366.55353],[1618930958170,48138759773.65358],[1618934694643,46503443100.527016],[1618938358200,43692420746.10838],[1618941793223,46473854746.58607],[1618945621487,44183041985.765434],[1618948969602,43101654797.59968],[1618952831769,39928844427.93635],[1618956268520,40925076000.285774],[1618959674058,42976155704.82134]],"total_volumes":[[1618877031008,30847872453.906982],[1618880839248,30009235010.91571],[1618884294668,30887450500.509758],[1618889540463,24486826017.641617],[1618894359808,35370224207.32626],[1618895680996,35459280154.01973],[1618898650851,35588251822.361725],[1618902374833,35190672405.93662],[1618905972001,34953723963.90793],[1618909609613,34017839695.87882],[1618913215840,32027020537.608574],[1618916451314,30197234552.465855],[1618920159764,29601470900.88275],[1618924268291,27712240094.777237],[1618927367600,26004938636.403122],[1618930958170,26361627646.583466],[1618934694643,25557829120.58996],[1618938358200,25505649826.516663],[1618941793223,26225500307.259666],[1618945621487,25936903297.841206],[1618948969602,25666465129.502365],[1618952831769,25286772176.81791],[1618956268520,27229354114.1169],[1618959674058,28520621444.691246]]}