{"stats":[[1618963575401,42101310584.80849],[1618966850378,41732234263.485146],[1618970579372,40467420725.368996],[1618974221713,40457975882.634926],[1618977788464,40590815866.9329],[1618981548394,42595909711.813354],[1618985199433,43482112548.213524],[1618988631894,42621938964.85997],[1618992185451,42005999651.37445],[1618995871337,42723330902.58342],[1618999494364,42148104185.70466],[1619003183573,40244480673.20013],[1619006475687,39092510784.241844],[1619010692442,40530251339.74678],[1619013682913,40748083119.67747],[1619017288242,40488979790.88646],[1619021120900,39602045580.5731],[1619024613007,39899124189.82966],[1619028084863,39950150415.86157],[1619031989523,40151001144.17099],[1619035326535,40588777659.0928],[1619038951514,40487399718.56245],[1619042543522,41543450138.41686],[1619046279199,40024684735.72724]],"total_volumes":[[1618963575401,28196818394.887165],[1618966850378,27291677965.91571],[1618970579372,26200637003.340702],[1618974221713,26121899146.744637],[1618977788464,25417052065.808517],[1618981548394,25441525271.60508],[1618985199433,24588409685.82559],[1618988631894,25152702799.780384],[1618992185451,24641917439.699123],[1618995871337,23630272010.440514],[1618999494364,24009370951.24729],[1619003183573,22698067317.737347],[1619006475687,22258647576.039032],[1619010692442,22863386595.170887],[1619013682913,21289384686.008198],[1619017288242,21449934792.747147],[1619021120900,20639366316.52278],[1619024613007,19093403306.400566],[1619028084863,17422039608.57872],[1619031989523,16958112546.369091],[1619035326535,16571062115.569023],[1619038951514,16269556102.107807],[1619042543522,14515383199.710413],[1619046279199,12576270276.605013]]}