{"stats":[[1619654454636,41743974977.6647],[1619658332577,40884044589.27487],[1619661799702,41001605040.184525],[1619665379855,41234866058.78384],[1619668999427,41508033515.84717],[1619672477705,40659818695.687874],[1619676117330,40535675778.256355],[1619679854607,40491871842.1249],[1619683471335,40241035452.36011],[1619687046792,40161488605.71069],[1619690585334,40449448364.62696],[1619694325710,39811132962.36686],[1619697759069,39791572584.35501],[1619701490758,40033787636.117615],[1619704809751,39799807704.03331],[1619708590723,39731058542.954216],[1619712180973,40347537048.10823],[1619715946718,39306279763.46045],[1619719330172,39014790489.1095],[1619722923312,39182730526.54151],[1619726525216,39418565217.017815],[1619730031715,39178934248.866264],[1619733681779,39917644161.05651],[1619737245438,39753177422.71275]],"total_volumes":[[1619654454636,15310415976.014814],[1619658332577,15380867668.364887],[1619661799702,15518949395.881273],[1619665379855,15747281976.092058],[1619668999427,15892101755.16095],[1619672477705,15849695037.272167],[1619676117330,15886441373.829628],[1619679854607,13880743540.366508],[1619683471335,12888284741.198845],[1619687046792,12375667336.918009],[1619690585334,10882194377.820395],[1619694325710,9258847209.790846],[1619697759069,8642022757.044888],[1619701490758,8159574152.496407],[1619704809751,7693461942.206197],[1619708590723,7056688564.476522],[1619712180973,6969646396.422909],[1619715946718,7500347531.936886],[1619719330172,6651609651.758644],[1619722923312,6604627177.372405],[1619726525216,6543144008.1584835],[1619730031715,6370064607.365917],[1619733681779,6244243941.104357],[1619737245438,6842691782.234454]]}