{"stats":[[1610497702078,1027573189.2217376],[1610499880843,1008979305.6212623],[1610503484680,1016056649.7183709],[1610506945753,1017253224.7741952],[1610511976525,1018843719.8004726],[1610514298757,1011019645.070853],[1610519387159,1025996251.1246842],[1610521746735,1032275062.0596898],[1610525970103,1057386671.5920246],[1610529708127,1058171512.0146698],[1610532967439,1048821144.9184884],[1610536459049,1048089272.1835835],[1610540688673,1035111706.235996],[1610543317705,1045718051.6187983],[1610548016261,1047530091.8041117],[1610550580324,1043344107.6842352],[1610554715199,1047294447.3084899],[1610557214810,1042365743.5680743],[1610562386436,1039682998.8370439],[1610564792680,1058766087.4650923],[1610568271024,1068687409.2250412],[1610573646219,1075736286.7113645],[1610575647027,1094421120.028146],[1610580413395,1096799849.2294774]],"total_volumes":[[1610497702078,332455532.8420969],[1610499880843,324541628.3363646],[1610503484680,328381651.7770628],[1610506945753,329420787.59519416],[1610511976525,330647641.4317079],[1610514298757,330839581.16167015],[1610519387159,335616102.9940723],[1610521746735,330178002.1585699],[1610525970103,334160832.4647712],[1610529708127,331212134.2585329],[1610532967439,329574168.92536515],[1610536459049,322618137.6064821],[1610540688673,318174515.0917098],[1610543317705,317322134.69810236],[1610548016261,311621902.444769],[1610550580324,302892805.38924736],[1610554715199,290856300.87001944],[1610557214810,280618187.67269176],[1610562386436,268915163.53731835],[1610564792680,277593379.0753233],[1610568271024,274774382.3295003],[1610573646219,274035054.8975684],[1610575647027,279260837.4670981],[1610580413395,276733687.917405]]}