{"stats":[[1614730154408,6502574938.811321],[1614733454381,6488713775.5068245],[1614737231286,6561176761.497745],[1614740705377,6516145142.1842785],[1614744532679,6502958306.80736],[1614747892469,6553457328.643822],[1614751546639,6550749326.092076],[1614755273032,6545775053.865667],[1614758911293,6563737349.758687],[1614762157254,6606120670.118418],[1614765860667,6623922701.817567],[1614769537857,6621687646.8345175],[1614773306165,6604854378.801988],[1614776496620,6703494451.144669],[1614780144627,6535467540.518208],[1614784059808,6517879177.031062],[1614787934675,6593634488.330124],[1614791325040,6544883622.453264],[1614794820344,6642001751.333153],[1614798128951,6560759957.498051],[1614802028316,6553823788.577583],[1614805626017,6558598617.389351],[1614808916604,6566351054.187257],[1614812838116,6517007136.842426]],"total_volumes":[[1614730154408,1424872246.4404743],[1614733454381,1387893816.4362938],[1614737231286,1370848431.9335222],[1614740705377,1329570396.831028],[1614744532679,1312201091.5860002],[1614747892469,1309895211.8742578],[1614751546639,1322038163.6205356],[1614755273032,1309042938.9328587],[1614758911293,1312651819.1369777],[1614762157254,1310595987.6452308],[1614765860667,1309779086.3985233],[1614769537857,1318995734.342318],[1614773306165,1335272839.8609886],[1614776496620,1377119564.3918118],[1614780144627,1369255401.050943],[1614784059808,1383430175.077406],[1614787934675,1395380780.4692652],[1614791325040,1362798707.9381683],[1614794820344,1355914494.7908509],[1614798128951,1329743419.2084925],[1614802028316,1294982827.4570918],[1614805626017,1272348939.6817694],[1614808916604,1252226273.9211316],[1614812838116,1226250841.0019946]]}