{"stats":[[1612483905644,6863056954.235173],[1612488420031,6562543452.755302],[1612490993884,6762967369.318412],[1612494297997,5942520360.483015],[1612498033937,5984526256.54399],[1612501604290,5775425561.924959],[1612504971124,5990440176.918112],[1612508495637,5882652735.609748],[1612512860983,5947346969.689646],[1612515936626,5850896914.982571],[1612519673219,5766136115.313767],[1612523052989,5615323168.638805],[1612527400674,5835568542.425034],[1612530111089,5761105474.859102],[1612534442101,5874536159.95154],[1612537435376,5958519347.74786],[1612541568863,5906926782.054943],[1612544782940,5944608382.344822],[1612548299888,5874645499.831396],[1612552283531,5855754534.260562],[1612555520883,5818296415.235049],[1612559438549,5849918960.68829],[1612563322619,5933963722.4380865],[1612566333583,6056536576.153346]],"total_volumes":[[1612483905644,11628779903.853678],[1612488420031,12016418865.259075],[1612490993884,12214770090.05887],[1612494297997,11997450238.225082],[1612498033937,11937467336.655624],[1612501604290,11666212457.004465],[1612504971124,11675915066.360683],[1612508495637,11468858151.301884],[1612512860983,10530971395.290691],[1612515936626,9053741243.348093],[1612519673219,8444161647.500139],[1612523052989,7845179253.8896265],[1612527400674,7540251029.09755],[1612530111089,7156978745.64606],[1612534442101,6935051891.395514],[1612537435376,6766375232.214504],[1612541568863,6342282092.1993885],[1612544782940,6082131206.786039],[1612548299888,5820313400.531873],[1612552283531,5623074843.802954],[1612555520883,5577053271.927499],[1612559438549,5524439531.1652355],[1612563322619,5397299600.1662],[1612566333583,5438027376.462929]]}