{"stats":[[1614989591783,6443037974.760687],[1614993888436,6451179923.210345],[1614996576445,6387839798.733114],[1614999823606,6489881662.311876],[1615003649926,6484457552.969277],[1615007391333,6607766053.119623],[1615010669873,6662477306.737347],[1615014440863,6621837927.886615],[1615017854563,6615252756.933125],[1615021508852,6536229173.065365],[1615025351231,6555754113.50805],[1615028625951,6531095579.890877],[1615032312451,6490966198.609698],[1615035723021,6435852648.176862],[1615039495215,6427351300.6580105],[1615043363460,6512467137.94134],[1615046697869,6525536312.33478],[1615050664634,6553566593.695745],[1615053995563,6531318930.2109585],[1615057688617,6599523983.502064],[1615061171114,6551053765.087631],[1615064754045,6526962523.095313],[1615068366875,6613886702.832377],[1615072452176,6616036362.137159]],"total_volumes":[[1614989591783,1341902467.3825083],[1614993888436,1306050191.5806239],[1614996576445,1273486471.2993526],[1614999823606,1270844301.559567],[1615003649926,1253130704.8103352],[1615007391333,1417216758.438902],[1615010669873,1530690335.0594962],[1615014440863,1579760669.4509172],[1615017854563,1596959941.3823855],[1615021508852,1591022801.0782783],[1615025351231,1617568068.0306609],[1615028625951,1622003173.2750406],[1615032312451,1645908471.3574266],[1615035723021,1634629111.385662],[1615039495215,1611020330.4689507],[1615043363460,1611894279.7072318],[1615046697869,1594277105.4333632],[1615050664634,1568857266.8832586],[1615053995563,1574040057.9297724],[1615057688617,1567582705.9304602],[1615061171114,1561154100.9136863],[1615064754045,1564308446.2399209],[1615068366875,1603823939.5711489],[1615072452176,1580259569.763654]]}