{"stats":[[1614902730955,6449361941.488914],[1614906417473,6260721990.132666],[1614910041174,6307501215.991221],[1614913430457,6344232890.525895],[1614917134475,6379747522.934636],[1614920490845,6377257098.224335],[1614924580255,6383988704.326402],[1614927920883,6419970680.23621],[1614931462493,6377899852.751014],[1614935049982,6298239187.277683],[1614938836709,6389718681.405518],[1614942447861,6397114559.316424],[1614946287997,6408284458.467427],[1614949476563,6334003466.150731],[1614953059486,6438914032.521113],[1614956831883,6397820178.849786],[1614960235606,6403462446.262419],[1614964004549,6256016868.865651],[1614967501957,6410836920.993121],[1614971104522,6446831401.694539],[1614974872000,6519104683.465658],[1614978817485,6486689729.5398855],[1614981930590,6495094673.589397],[1614985649331,6473728684.105068]],"total_volumes":[[1614902730955,1333430627.1284053],[1614906417473,1327584718.2467892],[1614910041174,1380174890.8043199],[1614913430457,1409083492.3346612],[1614917134475,1417645061.2397158],[1614920490845,1394571377.0686553],[1614924580255,1390435419.4384468],[1614927920883,1394777055.514593],[1614931462493,1385060399.3133454],[1614935049982,1370293364.2351558],[1614938836709,1369611300.0787034],[1614942447861,1362614810.1343064],[1614946287997,1358535380.1051285],[1614949476563,1353602231.226446],[1614953059486,1427378892.104525],[1614956831883,1433646648.1866994],[1614960235606,1435411709.6397963],[1614964004549,1439746035.4705381],[1614967501957,1476809367.0298007],[1614971104522,1446020988.4154983],[1614974872000,1432000627.2474644],[1614978817485,1414813928.9817846],[1614981930590,1384356297.4934442],[1614985649331,1394286240.7207735]]}