{"stats":[[1614125412895,6103500677.282097],[1614128544473,6066946785.048967],[1614132078280,6348207771.631046],[1614135710717,6403989355.973088],[1614139740627,6566455126.652778],[1614143216900,6491312805.009196],[1614146795899,6479341154.480072],[1614150383442,7098912572.004758],[1614154537251,6954637705.410565],[1614157660286,7054269665.641877],[1614161580088,7042653783.851205],[1614164490884,7000795799.4338665],[1614168560417,6935624644.566238],[1614173494358,7186946325.361731],[1614175686930,7467690412.760945],[1614179320211,7452388000.870821],[1614182750085,7406022183.04368],[1614186499002,7317395738.14256],[1614189830704,7410242590.972373],[1614193427130,7344082379.936153],[1614197033817,7127252185.216535],[1614200685967,7062913341.723065],[1614204340822,6991095710.73603],[1614208139370,7258007789.739381]],"total_volumes":[[1614125412895,2383719171.842823],[1614128544473,2337577854.8981094],[1614132078280,2453189976.274174],[1614135710717,2558470746.943521],[1614139740627,2583986911.6431847],[1614143216900,2564961385.152006],[1614146795899,2538235019.442496],[1614150383442,3168677223.9233828],[1614154537251,3228552520.4508586],[1614157660286,3208003799.995225],[1614161580088,3139869086.3966227],[1614164490884,3106462988.7005086],[1614168560417,3033706192.8663907],[1614173494358,3303227761.998988],[1614175686930,3662949019.866443],[1614179320211,3980691769.4068375],[1614182750085,4135939980.0859256],[1614186499002,4147766301.356113],[1614189830704,4221307304.0036235],[1614193427130,4244136156.649522],[1614197033817,4172646915.9597106],[1614200685967,4165690224.36634],[1614204340822,4149919809.337552],[1614208139370,4332128048.025357]]}