{"stats":[[1619481744714,35161130278.75226],[1619485542101,34684647785.347244],[1619488974766,34500889807.2591],[1619492748776,34867038593.053055],[1619496299837,34432697716.514404],[1619499962981,34425587500.99143],[1619503456193,34696176692.4875],[1619506920735,35639799320.8499],[1619510489649,35896111998.89699],[1619514324860,35449845899.71111],[1619517865817,35470402692.531075],[1619521488053,35360109810.40665],[1619524934797,35877080165.67102],[1619528891766,35475117062.59066],[1619533145746,34806491906.67442],[1619536537854,35145134775.535576],[1619539357647,35419956570.79557],[1619543048010,34934230437.499596],[1619546514765,35068469224.89398],[1619550258223,34897282226.541534],[1619553810130,34708137812.112274],[1619557522248,34960602921.85767],[1619561000109,35455980520.76525],[1619564727635,35056202757.495094]],"total_volumes":[[1619481744714,6413613556.852909],[1619485542101,5575877939.398556],[1619488974766,5324449227.083098],[1619492748776,5107263961.172268],[1619496299837,5046790691.53395],[1619499962981,4972486067.033187],[1619503456193,4456845959.748091],[1619506920735,4614146011.484709],[1619510489649,5052333941.500165],[1619514324860,5053710882.674299],[1619517865817,5434839028.045178],[1619521488053,5482627662.134072],[1619524934797,5415014971.695428],[1619528891766,5148542343.427171],[1619533145746,4849952194.072415],[1619536537854,4613978935.450513],[1619539357647,4922759254.971761],[1619543048010,4478971484.124653],[1619546514765,4703332799.257973],[1619550258223,4395472987.125334],[1619553810130,4313844539.09232],[1619557522248,4656383722.491628],[1619561000109,4485086235.18427],[1619564727635,4096382775.3919883]]}