{"stats":[[1617062688383,7079729288.069406],[1617067093455,7041868156.14214],[1617070782351,7035791787.079865],[1617073311128,7045686075.410838],[1617077671997,7066695940.333491],[1617081441258,7076237035.676548],[1617084262456,7076115871.982328],[1617088418213,7110700668.542108],[1617092738574,7082608734.144215],[1617096286292,7076214524.8876505],[1617098623921,7130847132.22534],[1617102123381,7151772014.233876],[1617106221191,6971126984.256574],[1617109382842,7157398884.997863],[1617113011206,7102938935.82003],[1617116656715,7234583007.099083],[1617120752918,7071955363.62285],[1617124575316,7096573570.591835],[1617127689389,7081543280.917379],[1617130836287,7101629270.23105],[1617135047091,7057858517.406634],[1617138617261,7064491658.846366],[1617142147338,7076760258.673631],[1617145800144,7057990458.179705]],"total_volumes":[[1617062688383,933464547.9783945],[1617067093455,924202661.3075148],[1617070782351,923383367.9773858],[1617073311128,924572883.8973364],[1617077671997,957089049.435155],[1617081441258,959201498.0939944],[1617084262456,957647485.5833107],[1617088418213,967507602.0466114],[1617092738574,960036852.3711661],[1617096286292,945292482.1739426],[1617098623921,951086363.4091673],[1617102123381,957010887.7739059],[1617106221191,951969001.9143324],[1617109382842,987623518.996666],[1617113011206,980302949.4237739],[1617116656715,1084492689.2206423],[1617120752918,1101964576.6821992],[1617124575316,1125385924.2300425],[1617127689389,1138654705.3111267],[1617130836287,1146613948.9406202],[1617135047091,1149578325.0122287],[1617138617261,1155766936.3152773],[1617142147338,1152426433.5662708],[1617145800144,1148478342.476849]]}