{"stats":[[1619049754262,39871679937.55778],[1619053282513,39163683196.19094],[1619057015385,39351175314.7296],[1619060677902,38361231825.668015],[1619065976315,36709560383.673096],[1619067681233,36547663660.89559],[1619071286390,36468359731.32905],[1619075191513,36776447333.26682],[1619078614383,36231680254.7159],[1619082158581,33949587061.44222],[1619085681804,34519147019.49813],[1619089537686,34887864596.46242],[1619092996370,34102420980.93133],[1619096983677,36044341008.28232],[1619100253028,36007942917.15878],[1619103830979,37313376047.105675],[1619107424047,37519649824.188324],[1619111136169,37759821515.993774],[1619114663589,38519998163.32974],[1619118349596,37543839793.05146],[1619121922226,35888607283.78705],[1619125424556,34508524415.52568],[1619129132970,34827373095.27389],[1619132516426,33932504347.746925]],"total_volumes":[[1619049754262,11245621590.878643],[1619053282513,11422128132.587406],[1619057015385,11784143218.260649],[1619060677902,11500109076.091795],[1619065976315,11556518605.066626],[1619067681233,10973345670.121595],[1619071286390,11238892234.601261],[1619075191513,11038841762.589277],[1619078614383,10325035907.285595],[1619082158581,10470010517.90899],[1619085681804,10400433464.110027],[1619089537686,10759647309.860666],[1619092996370,10610023869.077757],[1619096983677,11151288339.268013],[1619100253028,11613423380.570408],[1619103830979,12156967328.688694],[1619107424047,11628603638.940615],[1619111136169,11600371209.690844],[1619114663589,12638539412.94834],[1619118349596,12666048556.251602],[1619121922226,12653951016.913242],[1619125424556,12502922661.001541],[1619129132970,11961864428.178162],[1619132516426,12244762987.335632]]}