{"stats":[[1613001721940,9381046299.070465],[1613005263393,9335973684.392605],[1613009145541,9288807095.88753],[1613012415241,9346914835.129974],[1613016169377,9471599289.338535],[1613020087813,9356853429.882572],[1613023728091,9371957336.147346],[1613027238527,9322358075.00455],[1613030482343,9287761442.469233],[1613034743015,9288627411.055733],[1613038290610,9411512736.550009],[1613041672462,9521112631.821625],[1613045131818,9285786045.170017],[1613050681597,9331178796.17994],[1613052315669,9398358093.392744],[1613056077834,9208010311.498648],[1613059622405,9272258700.063623],[1613063356493,9072511330.745853],[1613066866730,9001173943.560509],[1613070149613,8946808381.603045],[1613073807149,9010547013.899845],[1613077653272,8749393381.849457],[1613081044276,8972437165.276947],[1613084677176,9012838077.75029]],"total_volumes":[[1613001721940,6304018582.048755],[1613005263393,6207689274.015536],[1613009145541,6193127487.932771],[1613012415241,6189942113.642905],[1613016169377,6254983334.983929],[1613020087813,6164354128.46439],[1613023728091,5791162443.528135],[1613027238527,5622957422.949744],[1613030482343,5423475464.6027355],[1613034743015,5283174594.862034],[1613038290610,5413086633.262093],[1613041672462,5452811030.5124655],[1613045131818,5320052653.999998],[1613050681597,5156289703.952842],[1613052315669,5173812825.983593],[1613056077834,5080607029.283566],[1613059622405,4009948910.882972],[1613063356493,3737544376.9278345],[1613066866730,3556345924.0629153],[1613070149613,3513361011.6438074],[1613073807149,3535542119.1160793],[1613077653272,3477163163.5983996],[1613081044276,3436565679.7449646],[1613084677176,3428066555.4996142]]}