{"stats":[[1616199884700,7519422628.423717],[1616203198662,7580964851.900885],[1616207126455,7593787039.610326],[1616209360322,7588195440.662375],[1616213226527,7569100548.418387],[1616218190849,7570288533.86913],[1616221988164,7604365785.089073],[1616225140517,7793050423.350736],[1616228295659,7680840228.826284],[1616232437314,7628773953.885852],[1616236121953,7721524315.531193],[1616239694138,7690460483.404602],[1616243164153,7684635831.689246],[1616247261994,7741304307.388196],[1616250925474,7628318178.581182],[1616254520107,7670234646.611011],[1616258137702,7656976150.22961],[1616261787511,7675714724.660611],[1616263866268,7685326069.482338],[1616267021791,7692053674.756972],[1616271360415,7669699979.528592],[1616274092983,7582859571.014849],[1616279177428,7717389011.935427],[1616283028879,7693011049.6665125]],"total_volumes":[[1616199884700,1080140048.5055454],[1616203198662,1058813280.5015485],[1616207126455,1057854105.6561089],[1616209360322,1051401397.8204179],[1616213226527,1042820755.9268943],[1616218190849,1037649669.3354836],[1616221988164,1031211759.4511209],[1616225140517,1149758214.8019462],[1616228295659,1202770762.3490996],[1616232437314,1076129091.707929],[1616236121953,1043636019.4320631],[1616239694138,1046537895.2359223],[1616243164153,1019936208.6395389],[1616247261994,1019777934.3591529],[1616250925474,1042092074.23213],[1616254520107,1044675759.7772101],[1616258137702,1051152973.6677554],[1616261787511,1058761542.7631017],[1616263866268,1062937236.0193843],[1616267021791,1059085627.1132976],[1616271360415,1053066261.2655593],[1616274092983,1055228140.0771198],[1616279177428,1090189018.9702106],[1616283028879,1125570274.5895119]]}