{"stats":[[1614211286178,7332961500.879711],[1614216162422,7404004243.088886],[1614218524353,7336693206.18839],[1614222088494,7298665852.16814],[1614225961037,7224849429.865709],[1614229428325,7191647232.850204],[1614233230676,7319022979.236459],[1614236691182,7217283422.3106],[1614240115974,7205767823.248488],[1614243614514,7059178124.138176],[1614247583179,6954172237.7567215],[1614251145078,7081069886.103531],[1614254561751,7179195153.745024],[1614258287379,7230745081.631465],[1614261854443,7206278631.062014],[1614265527276,7010817668.218206],[1614269257956,6988581694.458645],[1614272645292,7059893676.347936],[1614276448647,6655102640.821882],[1614279825342,6720829993.593276],[1614283680870,6748922167.545075],[1614287303204,6679637423.492423],[1614290868152,6693221745.409719],[1614294553670,6655384357.86197]],"total_volumes":[[1614211286178,4399443852.861352],[1614216162422,4494235596.199067],[1614218524353,4491734029.575663],[1614222088494,4468084168.784766],[1614225961037,4418618704.822001],[1614229428325,4392444051.586471],[1614233230676,4434036361.96421],[1614236691182,3974718590.699521],[1614240115974,3821259193.7541137],[1614243614514,3764166169.180079],[1614247583179,3685060584.98491],[1614251145078,3787500748.861564],[1614254561751,3753563975.695384],[1614258287379,3766999620.205444],[1614261854443,3328962515.6518946],[1614265527276,2911406301.13839],[1614269257956,2751044588.3512855],[1614272645292,2686599540.7911987],[1614276448647,2585134055.0590806],[1614279825342,2635506850.3173823],[1614283680870,2620991652.5193315],[1614287303204,2616680959.7583766],[1614290868152,2546675679.1138325],[1614294553670,2532759426.2569933]]}