{"stats":[[1615939416579,56830.253335076224],[1615943078701,56591.53406938549],[1615946594276,56350.27244719438],[1615950220730,56021.43856397972],[1615953805501,55767.55745545818],[1615957272652,55808.06977991423],[1615960894642,56072.65354449394],[1615964517436,56390.313112672535],[1615968470393,55982.956997777146],[1615971661135,55924.52921923927],[1615975321627,54736.85287248801],[1615978919276,55257.5269325229],[1615982850778,55064.95831701066],[1615986248755,55515.787651514256],[1615990271893,55040.49867767686],[1615993315980,54928.69533691516],[1615997326220,55047.929323051816],[1616000437382,55464.53405988903],[1616004102938,55685.99452727078],[1616008030978,57990.22953862034],[1616011240836,58006.36628788306],[1616015059385,58126.99104200835],[1616019002357,58690.53518386924],[1616022200886,58639.388822757624]],"total_volumes":[[1615939416579,63219904254.35453],[1615943078701,59444968247.25523],[1615946594276,58013835158.05872],[1615950220730,57523105369.23186],[1615953805501,56594707574.54546],[1615957272652,56612033059.83586],[1615960894642,54138405081.00793],[1615964517436,55368382701.25069],[1615968470393,54112193420.83664],[1615971661135,53564214707.74633],[1615975321627,53285634262.8959],[1615978919276,53929347473.80125],[1615982850778,53468540925.199646],[1615986248755,54737265822.959885],[1615990271893,54302768435.88795],[1615993315980,54554870782.15687],[1615997326220,55482248169.54126],[1616000437382,55416682132.62685],[1616004102938,54527494683.52085],[1616008030978,58055976702.77863],[1616011240836,59975323931.49761],[1616015059385,60105457643.53245],[1616019002357,61699169599.58144],[1616022200886,62330339859.168655]]}