{"stats":[[1618618000894,61441.479447519494],[1618621423176,61473.790995181276],[1618625292971,61974.161529691526],[1618628746996,62257.779732108604],[1618632071484,62447.66062948038],[1618636153001,62099.07765510473],[1618639524132,62173.777203606114],[1618643087045,62107.67868464605],[1618646631043,62377.12340608366],[1618650149155,62356.4421622787],[1618654249826,61672.494711081934],[1618659557592,61166.73725508476],[1618663729108,61131.74773522622],[1618667846533,61175.03343574322],[1618672591059,60691.641339398535],[1618677748537,60625.26734589438],[1618683068345,60463.71036082847],[1618688628059,60713.41059028873],[1618689960693,60895.80189215586],[1618692399793,60756.47645150483],[1618698557153,60817.65461853298],[1618701816468,60648.40893698985]],"total_volumes":[[1618618000894,86322457635.49152],[1618621423176,86906699453.54494],[1618625292971,86819541165.85657],[1618628746996,86661097217.4635],[1618632071484,86678186860.37253],[1618636153001,85095263310.53265],[1618639524132,83394401765.7462],[1618643087045,81720397669.39816],[1618646631043,82642124287.63568],[1618650149155,80956358371.10445],[1618654249826,78026729666.39348],[1618659557592,76227244868.04483],[1618663729108,75914672369.689],[1618667846533,74832814779.79358],[1618672591059,69979453357.53242],[1618677748537,69547107880.90096],[1618683068345,67100356315.07982],[1618688628059,66272677923.23706],[1618689960693,67300690474.81753],[1618692399793,65968017697.22289],[1618698557153,65327840904.45304],[1618701816468,64319071177.80748]]}