{"stats":[[1611274474989,30536.090531256606],[1611278029241,29355.546376819853],[1611281892279,29958.726871798368],[1611284476552,30649.593581421632],[1611289426724,31368.9377685038],[1611292809277,30909.122938291588],[1611296714866,31685.30097132081],[1611299344534,31750.968613798563],[1611302991785,30795.475140250554],[1611306493470,31684.083775945714],[1611311286465,31279.86946329654],[1611313439807,31256.803323809898],[1611318211441,31649.825004348786],[1611320999590,31470.268404161918],[1611325214628,32416.425200576366],[1611328605157,32681.220417465993],[1611331604089,32545.705015584368],[1611336071078,32479.561894929335],[1611338975168,32362.316547073442],[1611343430860,33268.91638124585],[1611347191165,33659.16781896162],[1611349953884,33552.14757842264],[1611353847141,33495.88066766304],[1611356909226,32835.39231503844]],"total_volumes":[[1611274474989,68748544738.13747],[1611278029241,71047965817.25963],[1611281892279,76379690655.30296],[1611284476552,79404770767.30579],[1611289426724,82213837722.94826],[1611292809277,81561078309.62822],[1611296714866,84201108514.21577],[1611299344534,85167004464.85692],[1611302991785,84192188784.5569],[1611306493470,86134300392.70036],[1611311286465,82093027823.52777],[1611313439807,81737526790.07343],[1611318211441,81127198241.9472],[1611320999590,79486261065.21661],[1611325214628,81432012174.55803],[1611328605157,79352492066.95471],[1611331604089,78095447846.07774],[1611336071078,74491115124.75809],[1611338975168,73525309672.64824],[1611343430860,75399438787.577],[1611347191165,75611708711.65958],[1611349953884,75207719021.26247],[1611353847141,73570975812.84657],[1611356909226,70276537089.68976]]}