{"stats":[[1614211601651,49925.73871964238],[1614216191925,50942.30799308093],[1614218507617,50593.19784426598],[1614222067028,50827.7435302849],[1614225902838,50478.83786518847],[1614229495488,49902.479056340955],[1614233227147,50540.112395169854],[1614236678994,50577.58187688556],[1614240097266,50575.51762206511],[1614243693810,49907.6073791484],[1614247609789,49288.68436272981],[1614250995070,49829.58923114786],[1614254746977,50461.10279553014],[1614258327358,51775.011918430224],[1614261717895,51435.48847440383],[1614265359326,50971.57636886823],[1614269014173,50870.23906318097],[1614272787249,50754.81098027238],[1614276284668,49531.04515587557],[1614279889937,49582.1294175891],[1614283738749,49700.13666715127],[1614287224495,49190.25412373719],[1614290834843,48349.834164585394],[1614294563932,48267.660619479444]],"total_volumes":[[1614211601651,73074940829.94629],[1614216191925,73126010598.0611],[1614218507617,71360253221.64513],[1614222067028,69736193214.38829],[1614225902838,68814464380.55502],[1614229495488,66758629494.04128],[1614233227147,66806284635.29789],[1614236678994,63714408103.51599],[1614240097266,62875117847.16325],[1614243693810,62563672115.77102],[1614247609789,61529516403.48483],[1614250995070,61583207838.62064],[1614254746977,61791401461.84429],[1614258327358,62879609012.88682],[1614261717895,62319542546.00633],[1614265359326,60966815253.73093],[1614269014173,59596647940.57706],[1614272787249,59064711426.73958],[1614276284668,58855324874.883415],[1614279889937,59513313671.91196],[1614283738749,59709976757.2932],[1614287224495,59657181643.888626],[1614290834843,58955844314.104225],[1614294563932,60492965380.3385]]}