{"stats":[[1618099750754,59787.312335644245],[1618103043488,60185.8900059472],[1618106530808,60442.84904777686],[1618110128905,60430.33241614489],[1618113775695,60269.76780700085],[1618117357204,59949.479427035345],[1618121208549,59706.32610710421],[1618124538536,59771.34923376124],[1618128401016,59697.16166362463],[1618131811677,60015.04874920584],[1618135440044,59639.59835223458],[1618139143839,59601.779637089545],[1618142614598,59761.77431713581],[1618146104742,59667.55860210892],[1618149827805,59402.940555124434],[1618153310592,59595.030666435865],[1618156972784,59745.43851682953],[1618160461181,59551.85521671423],[1618164162056,59835.72756728276],[1618167921722,59854.873512943836],[1618171504904,59685.26327921007],[1618174892679,59572.98349413053],[1618178486313,59583.91527079244],[1618182369803,60062.539344026925]],"total_volumes":[[1618099750754,60402342643.331474],[1618103043488,62119004481.02657],[1618106530808,62586172942.02827],[1618110128905,62299775241.1158],[1618113775695,60585347647.02801],[1618117357204,56091022300.53311],[1618121208549,54166139073.75826],[1618124538536,53921404656.98947],[1618128401016,52794798444.75829],[1618131811677,52304828709.69275],[1618135440044,52024101910.471664],[1618139143839,51787231888.44041],[1618142614598,52165623915.12465],[1618146104742,51584164916.559654],[1618149827805,50895781889.5438],[1618153310592,50942680207.82373],[1618156972784,50666841823.23079],[1618160461181,49047511151.15066],[1618164162056,48954983835.0754],[1618167921722,47550967156.28107],[1618171504904,48480416935.48052],[1618174892679,47138962287.124245],[1618178486313,45950211396.78415],[1618182369803,46758519838.89234]]}