{"stats":[[1610064905947,39639.61343170673],[1610067862426,39173.497304319106],[1610072697758,38294.38063057143],[1610075200804,37270.16388662225],[1610078817651,38379.25730424267],[1610083147939,38575.149928528765],[1610087335875,38486.57358215144],[1610090390441,38457.06372064837],[1610093113409,38860.88182858828],[1610097098952,38712.15321171987],[1610100832098,39604.13419456327],[1610104400590,41026.62720326071],[1610108730683,41711.16976228676],[1610111320871,41283.425721712025],[1610114927796,41478.80802722561],[1610119064532,41880.654263595134],[1610121832142,40956.19125741855],[1610126337663,41334.62824667415],[1610129970030,40788.188100721185],[1610133134168,40334.512858406444],[1610136795505,39984.188502346085],[1610140594747,39379.16023614765],[1610144097812,40158.575337353184],[1610147122475,40677.303351286086]],"total_volumes":[[1610064905947,78447168240.72357],[1610067862426,77977043753.99176],[1610072697758,77432455163.7468],[1610075200804,78492059928.38425],[1610078817651,81213044036.64456],[1610083147939,81397477127.8028],[1610087335875,81493064917.02042],[1610090390441,81169315461.82045],[1610093113409,82404461322.29314],[1610097098952,80415995413.07814],[1610100832098,82040705810.6193],[1610104400590,88429583463.4118],[1610108730683,91066939307.10472],[1610111320871,90635216862.43271],[1610114927796,91217330022.83733],[1610119064532,91774794130.9439],[1610121832142,85889010618.43698],[1610126337663,90016217395.35332],[1610129970030,88093698906.23407],[1610133134168,81342441253.09018],[1610136795505,78668196286.75209],[1610140594747,80777643341.9154],[1610144097812,82491268577.37323],[1610147122475,81125064407.17381]]}