{"stats":[[1613088261321,47815.96175554316],[1613093056641,48012.57846110786],[1613095710832,48216.13437588234],[1613099123062,47781.9580983982],[1613102614975,47500.21378781513],[1613106251185,47113.50153492208],[1613110090433,47221.09573635404],[1613113624046,47312.30069681106],[1613117027195,47340.61147144899],[1613121000175,47049.24407763847],[1613124421911,47339.15253224385],[1613128274354,47345.246757007844],[1613131935178,47531.621858104314],[1613134935240,47620.34141405727],[1613138499871,47960.84287845154],[1613142789885,46716.564311380964],[1613146016862,47017.8868113775],[1613149483699,47528.03480509394],[1613153136250,47555.855803284954],[1613156917782,47145.24950500805],[1613160366338,47198.98402769743],[1613163714420,47500.05891087597],[1613167513553,47695.1209347129],[1613171459433,47694.83316871613]],"total_volumes":[[1613088261321,66187179918.887886],[1613093056641,67234439124.43115],[1613095710832,67047584027.20838],[1613099123062,67168433317.63757],[1613102614975,67341402442.81264],[1613106251185,67981806192.26383],[1613110090433,68875911594.68672],[1613113624046,69428924361.99168],[1613117027195,69711983083.25989],[1613121000175,69272331660.23877],[1613124421911,69204246397.03165],[1613128274354,68183739643.78642],[1613131935178,66761093443.87585],[1613134935240,68246505615.91454],[1613138499871,65099264199.47734],[1613142789885,64421241789.958244],[1613146016862,64850684606.65036],[1613149483699,65192873533.271965],[1613153136250,65141841077.37264],[1613156917782,64932927611.98167],[1613160366338,64562217501.575516],[1613163714420,63610314874.19868],[1613167513553,62708054550.329575],[1613171459433,62109325051.459145]]}