{"stats":[[1615507564331,57924.42321789544],[1615510949504,57401.84771174121],[1615514568188,56899.910347993],[1615518165727,57091.58585411967],[1615521759447,57096.37203733913],[1615525402650,56828.199398776735],[1615529119586,57336.74903732048],[1615532500517,57131.19471455778],[1615536188030,56786.764282243224],[1615540003028,56732.771793241154],[1615543401269,56591.37340545298],[1615547099001,56843.41300036078],[1615550693613,56526.41153241086],[1615554477464,56254.90180235642],[1615557982935,55877.0154726513],[1615561467823,56205.14009262861],[1615564990462,57142.386913347844],[1615568707665,57600.263952365014],[1615572337980,57162.248512292645],[1615576045348,57539.28500443002],[1615579530792,57176.60424627805],[1615583186932,56877.41403767813],[1615586542180,57005.4848739847],[1615590289170,57296.39902380923]],"total_volumes":[[1615507564331,64557800714.411156],[1615510949504,64345871061.17018],[1615514568188,63604451373.6962],[1615518165727,63980002649.98165],[1615521759447,63518083936.88802],[1615525402650,63469589577.50127],[1615529119586,63957267338.50053],[1615532500517,63432462022.13669],[1615536188030,63032006687.85533],[1615540003028,62040305342.81665],[1615543401269,61920044016.63766],[1615547099001,60697460686.513466],[1615550693613,60034411561.98672],[1615554477464,59398027855.67688],[1615557982935,61474724320.76592],[1615561467823,61613216966.25686],[1615564990462,62337540849.604836],[1615568707665,62738338933.68374],[1615572337980,62036013865.31022],[1615576045348,61507674695.41285],[1615579530792,61087321779.48395],[1615583186932,61147739574.40268],[1615586542180,60844494888.702705],[1615590289170,60638122724.742035]]}