{"stats":[[1611188198003,35448.360543182636],[1611191766351,34975.70516768175],[1611194988709,34805.37008286701],[1611198507565,34658.16030089223],[1611201812070,34648.11015241314],[1611205874085,34311.244184676696],[1611209352713,34588.394648235924],[1611212901416,34756.11983113081],[1611217071315,34377.68918312574],[1611220515369,33438.867303645944],[1611223969958,32939.80286391326],[1611227264001,32885.39347017365],[1611231222836,31763.658774736603],[1611234192944,32674.731184963948],[1611238382328,32502.275137176053],[1611241641567,31221.182632166925],[1611245528030,31836.93032784421],[1611248815283,31242.160242442977],[1611252851805,31695.97424679384],[1611256340876,31777.03138026476],[1611259369993,32575.48497069736],[1611264271869,31975.528706326724],[1611266952951,31284.024400750324],[1611271501405,31073.476756780314]],"total_volumes":[[1611188198003,58966199126.088394],[1611191766351,59767563500.42993],[1611194988709,59540271736.431114],[1611198507565,59877688398.8561],[1611201812070,56061733887.258446],[1611205874085,54719219594.545525],[1611209352713,57621055144.5047],[1611212901416,57620108642.56425],[1611217071315,56966784642.133156],[1611220515369,57060539976.56559],[1611223969958,59543453931.53355],[1611227264001,60488768201.73997],[1611231222836,58313958211.35034],[1611234192944,61781798171.09416],[1611238382328,61822215325.714424],[1611241641567,62558549328.00798],[1611245528030,62954182506.53424],[1611248815283,61817002669.86991],[1611252851805,63412841223.18726],[1611256340876,63946006174.23577],[1611259369993,66356345314.09587],[1611264271869,65990258781.43178],[1611266952951,65382016027.67112],[1611271501405,69070963682.00456]]}