{"stats":[[1612138029948,33040.14248166375],[1612142641986,32595.697578914107],[1612145042170,33389.97445379268],[1612149108803,33506.6517332818],[1612152511256,33473.881291619226],[1612156431307,33480.31951535312],[1612159818253,33674.363253579766],[1612163846975,33639.894266888594],[1612166798650,33691.62241995634],[1612170765866,34541.98958163351],[1612173905186,34254.31105397827],[1612177749436,34102.20953527967],[1612181566411,34062.92799838631],[1612186421253,33699.21372020405],[1612188291819,33616.26361227727],[1612192298820,33396.52560477385],[1612195733059,33129.66192319009],[1612199409001,33328.45266411143],[1612202667780,33966.75899522685],[1612206405597,33568.840249935216],[1612209680711,33817.16185053062],[1612213931294,33608.964862608795],[1612216960186,33553.086495011274],[1612220753709,33396.069558978226]],"total_volumes":[[1612138029948,42418911518.45778],[1612142641986,42389100819.36032],[1612145042170,43829531757.29828],[1612149108803,44231746457.04517],[1612152511256,44700390375.838135],[1612156431307,45248666894.90813],[1612159818253,46682349769.03688],[1612163846975,102274296780.42215],[1612166798650,48885069898.54455],[1612170765866,49722990700.71028],[1612173905186,50564108673.33492],[1612177749436,51184424843.19802],[1612181566411,51904743028.70106],[1612186421253,52208586677.153275],[1612188291819,52187752407.526886],[1612192298820,52484116421.227325],[1612195733059,51188675668.96797],[1612199409001,50559766948.62446],[1612202667780,51317345352.56259],[1612206405597,49921030245.70872],[1612209680711,50095370700.91518],[1612213931294,49668902639.6146],[1612216960186,48389005076.57343],[1612220753709,49318393424.283325]]}