{"stats":[[1615594065134,57228.19735530599],[1615598933479,56355.82373301324],[1615601083816,56604.34335037332],[1615604706033,56655.92626598719],[1615608073337,56759.529295815875],[1615611727644,56866.07210427867],[1615615245875,56766.601010834594],[1615619017089,57086.55513924551],[1615622846031,57800.12041708715],[1615626207959,57507.985388135465],[1615630029797,57585.70981621364],[1615633354780,59223.275605059],[1615636872736,59900.35578410297],[1615640638180,59859.757524255445],[1615644257829,60019.154014865024],[1615647958119,59926.72408340353],[1615651298495,59674.24397445059],[1615655299897,59950.68155738199],[1615658775048,60382.29718572576],[1615662215300,60200.25813827755],[1615665663669,60724.89915655216],[1615669370611,61599.218625302914],[1615672941010,60970.40074190444],[1615676684768,61109.63405108519]],"total_volumes":[[1615594065134,59806733588.693886],[1615598933479,58427668732.90784],[1615601083816,58756747483.575],[1615604706033,58697732072.27906],[1615608073337,58693755848.04448],[1615611727644,58488742179.00474],[1615615245875,58097174673.92435],[1615619017089,58246155109.578735],[1615622846031,58603720160.931725],[1615626207959,58691182953.109795],[1615630029797,58729980453.00157],[1615633354780,64410651645.96035],[1615636872736,67709982122.08802],[1615640638180,69417600658.35393],[1615644257829,66940366057.564674],[1615647958119,67627263591.59044],[1615651298495,66384478249.98179],[1615655299897,64885030779.45475],[1615658775048,65256947600.165886],[1615662215300,65112062769.1604],[1615665663669,65449342919.71286],[1615669370611,66783812205.62155],[1615672941010,65435396850.143654],[1615676684768,66912429759.68755]]}