{"stats":[[1618963558866,56453.9117695551],[1618966983263,55810.090106315976],[1618970549614,56006.302076270316],[1618974143581,56249.56770692707],[1618977831954,55546.01185914339],[1618981543755,55443.07880361175],[1618984897898,55213.299378563395],[1618988797107,55447.535814668685],[1618992198327,55314.705260888484],[1618995903386,55450.80979165832],[1618999439483,55628.98982207155],[1619003220901,54877.08861213331],[1619006505661,54601.280746519136],[1619010732717,55612.31382159819],[1619013846809,55537.26819172439],[1619017299852,56377.83842580638],[1619020982960,56088.79647038076],[1619024612370,55690.57412601313],[1619028119603,55596.22825669223],[1619031664789,55371.36808266427],[1619035578150,55342.59768630784],[1619038962624,54988.851147401656],[1619042633706,54839.288291355006],[1619046236713,54188.54026961438]],"total_volumes":[[1618963558866,68038379829.17327],[1618966983263,65966647171.425865],[1618970549614,65855357513.26964],[1618974143581,65296835168.39514],[1618977831954,65857626124.41359],[1618981543755,64768893473.746994],[1618984897898,64164717417.788895],[1618988797107,63775931394.4352],[1618992198327,62179653602.862885],[1618995903386,61428483270.99267],[1618999439483,59375409980.09682],[1619003220901,57136008257.9726],[1619006505661,57675932395.35049],[1619010732717,60268387108.02703],[1619013846809,59084925183.49529],[1619017299852,60612061535.864296],[1619020982960,58925090592.681854],[1619024612370,57999917735.21696],[1619028119603,57396863949.19973],[1619031664789,56280719971.61903],[1619035578150,55524729305.36152],[1619038962624,54556607874.73469],[1619042633706,54035752637.459465],[1619046236713,55182761873.387146]]}