{"stats":[[1610929097026,35729.736812292685],[1610932660826,35836.64619174619],[1610936445739,36003.25619179313],[1610939829270,35736.83870160241],[1610943528158,35088.49436957383],[1610946780200,35211.82735809173],[1610949860853,35439.03742133841],[1610954409580,35834.49164124316],[1610956966399,36047.634973074084],[1610960914393,36165.67182186944],[1610965814193,36170.15453889173],[1610968034122,36151.42289268943],[1610972629297,37239.975451313636],[1610975143621,36991.70438037853],[1610979319540,36782.52776084685],[1610982149775,36375.598389575476],[1610985872770,36355.689505202994],[1610990923668,35942.14505991701],[1610993249452,35708.87897758704],[1610997472836,35812.11245146891],[1611000462171,35973.17263411672],[1611004166705,36194.8238781713],[1611008334800,36303.70437900379],[1611011003399,36482.80474851915]],"total_volumes":[[1610929097026,51031985047.28096],[1610932660826,51057380603.89527],[1610936445739,50822517219.99501],[1610939829270,50347660604.8181],[1610943528158,50596399928.67626],[1610946780200,50653023302.00275],[1610949860853,48658723947.909256],[1610954409580,48455911073.62018],[1610956966399,48242656379.653046],[1610960914393,49201518862.114334],[1610965814193,47712166922.53881],[1610968034122,47379038431.74102],[1610972629297,49156302583.59297],[1610975143621,50056248329.5673],[1610979319540,50187630040.07003],[1610982149775,49302758145.477905],[1610985872770,49684330752.530945],[1610990923668,46020227541.892265],[1610993249452,46389817075.01729],[1610997472836,46831105185.79969],[1611000462171,47170753695.64629],[1611004166705,46390617037.76758],[1611008334800,46749524569.98666],[1611011003399,46502384763.10757]]}