{"stats":[[1616718730278,51763.69444701034],[1616721402519,52336.280076489566],[1616724339846,52370.356446370715],[1616729705708,52604.86940586396],[1616732366746,52346.980145103036],[1616734928802,52780.56650818955],[1616740351085,52664.67434227691],[1616743920255,52686.61814096189],[1616747371998,53748.30159153818],[1616749858691,53544.236394429645],[1616753633203,53270.528795476275],[1616756522614,53358.68447010915],[1616760799797,52803.97412720671],[1616763774928,52961.044361849184],[1616768145895,53231.86159351403],[1616771660225,53398.670308864224],[1616776417918,53685.67192080944],[1616778973007,53613.96801410128],[1616781855019,53920.53866748657],[1616786457339,53661.23838841103],[1616790404418,54275.84618352572],[1616793148935,54184.07485791139],[1616796447024,54632.534114012815],[1616799738147,54430.970894304104]],"total_volumes":[[1616718730278,63402237491.68179],[1616721402519,63917360931.32326],[1616724339846,63256821458.152405],[1616729705708,60966448254.59268],[1616732366746,59849290792.15175],[1616734928802,61115638166.15277],[1616740351085,59932822470.33899],[1616743920255,60920113040.66178],[1616747371998,63595230018.67892],[1616749858691,63803450948.89763],[1616753633203,62543850869.89708],[1616756522614,62683178518.712814],[1616760799797,63161827524.2029],[1616763774928,60557886995.893845],[1616768145895,58067405696.78151],[1616771660225,57849710470.32358],[1616776417918,55167145369.333626],[1616778973007,55848437245.9368],[1616781855019,56114544690.084206],[1616786457339,54178877628.37616],[1616790404418,55299942514.6929],[1616793148935,55083534141.79329],[1616796447024,55295807901.331955],[1616799738147,54548783363.451355]]}