{"stats":[[1615075853364,48972.756382603264],[1615080598638,49279.02516290178],[1615082803717,49242.733864733746],[1615086186745,49625.06342814269],[1615089864423,49624.84221633011],[1615093825536,49469.27891644565],[1615097341399,49400.463487589914],[1615101807366,49396.08844789518],[1615104432216,50358.09680456092],[1615107972052,50556.4375212969],[1615111401541,51058.036146781706],[1615115109290,50659.439093043715],[1615118488297,50757.92951949754],[1615122148502,50843.70707275106],[1615125843780,50812.34217863034],[1615129450859,50569.88289726308],[1615132918876,50588.868837219365],[1615136508858,51150.49244749518],[1615140197784,50928.60869585013],[1615143690297,50568.709240191325],[1615147635187,50330.59822094199],[1615151107868,50193.88136589419],[1615154500358,50206.34032689455],[1615158296312,50654.467316257134]],"total_volumes":[[1615075853364,41428705678.001396],[1615080598638,41520057622.568146],[1615082803717,41732602771.381935],[1615086186745,43249042970.09776],[1615089864423,43501267839.84663],[1615093825536,43116095274.43028],[1615097341399,42332076462.824066],[1615101807366,41007830969.310555],[1615104432216,42741813704.82021],[1615107972052,42953771207.60869],[1615111401541,45376413579.51861],[1615115109290,45871700634.777115],[1615118488297,46159002584.86292],[1615122148502,45585628143.60343],[1615125843780,44839147636.76605],[1615129450859,45381393690.21977],[1615132918876,45734149714.455894],[1615136508858,46499010591.96199],[1615140197784,45969308589.21992],[1615143690297,45518139838.56576],[1615147635187,45023457046.27519],[1615151107868,44948195526.50792],[1615154500358,44780349138.91598],[1615158296312,44868783736.303925]]}