{"stats":[[1612915567533,46510.736783442466],[1612920532186,46319.64260516762],[1612922985891,46304.45449152826],[1612926572715,46299.096229146846],[1612930173585,46164.44016169053],[1612933901219,45981.77225957528],[1612937092482,46223.31913498457],[1612940443022,46531.743341561414],[1612944990372,46672.9161088254],[1612948131502,46682.47286290658],[1612951629146,46509.940937992345],[1612955687496,46481.86926389207],[1612958866923,46485.985813694424],[1612962087469,45564.84714480674],[1612966216258,45462.40384342035],[1612969931064,44833.267381430174],[1612972926538,44283.558574113624],[1612976441129,44487.79459257227],[1612980196043,45041.173322968636],[1612983758913,45024.100871454815],[1612988309148,44970.89209950391],[1612990992669,44598.47181940013],[1612994682692,44864.92428515944],[1612998817387,45054.239036355364]],"total_volumes":[[1612915567533,76998746725.24602],[1612920532186,73337158757.46977],[1612922985891,74457357519.16205],[1612926572715,74394308374.79675],[1612930173585,73626870114.17484],[1612933901219,71305841681.66432],[1612937092482,71938343697.80142],[1612940443022,70899825018.41911],[1612944990372,69491491097.25117],[1612948131502,69683616007.18605],[1612951629146,68511607684.95192],[1612955687496,67611386579.52585],[1612958866923,67441276560.694756],[1612962087469,69035139878.95177],[1612966216258,68267981297.7624],[1612969931064,68186320773.48804],[1612972926538,69340399480.23839],[1612976441129,70467478994.219],[1612980196043,71580914824.44301],[1612983758913,70844920245.3384],[1612988309148,70906413079.84172],[1612990992669,68558590537.22021],[1612994682692,70704814318.17528],[1612998817387,70287532148.96437]]}