{"stats":[[1618013135549,58136.267623707194],[1618016700568,58089.16926938455],[1618020081341,58365.75240392538],[1618023663776,58547.140060133665],[1618027528289,59243.51830240575],[1618031222241,60865.80211839993],[1618034507438,60861.90087053184],[1618038240991,60598.76611318025],[1618042034459,60485.64812054706],[1618045585027,60477.923339716515],[1618048863130,60711.14001578309],[1618052511635,60567.14011236432],[1618056124534,60551.295466289586],[1618059897067,60183.81465738429],[1618063629386,60409.340168074086],[1618067058987,60314.64432505629],[1618070602235,60221.75940319549],[1618074264346,60179.80103929574],[1618078041464,60004.55113714745],[1618081473787,59922.16314354235],[1618085385807,59635.62300723821],[1618088705433,58625.10786517287],[1618092259551,59069.16299202304],[1618095845817,59181.335951811874]],"total_volumes":[[1618013135549,45330721125.457054],[1618016700568,45441375426.88141],[1618020081341,45543030127.94368],[1618023663776,46095234757.14189],[1618027528289,48272660191.620735],[1618031222241,54270961907.44871],[1618034507438,56624434732.46358],[1618038240991,55743819703.16492],[1618042034459,60602424254.71644],[1618045585027,62093484831.70595],[1618048863130,57589104264.56408],[1618052511635,56757087124.034836],[1618056124534,55873793470.2843],[1618059897067,57062583135.58589],[1618063629386,56506704648.66412],[1618067058987,55924159267.250015],[1618070602235,56150032122.506966],[1618074264346,56132112097.187386],[1618078041464,56594324043.46528],[1618081473787,57458191439.1027],[1618085385807,57677774488.39462],[1618088705433,58496784844.0385],[1618092259551,59428913304.89614],[1618095845817,59694981741.57717]]}