{"stats":[[1611879909424,33915.48701888487],[1611882794545,34046.26442439662],[1611886351019,33865.357757606376],[1611890314932,33883.60446828641],[1611893099618,33747.49449435053],[1611897569178,32994.370668643234],[1611900842721,32677.61071210748],[1611904473154,32596.067966918195],[1611907370937,32200.730856163747],[1611911579675,35896.96363587447],[1611915868967,36364.3219211864],[1611918399068,36569.804320727],[1611922172837,36736.48485720194],[1611925644696,37571.15435598269],[1611928929371,38429.22726017632],[1611932682041,36893.96366666063],[1611936622044,37173.3913374904],[1611940114831,36110.679715407714],[1611943781855,35723.49429665268],[1611947613742,35191.296651782],[1611951704209,34387.19909645909],[1611954891434,34582.448685876145],[1611958462074,34975.62583621917],[1611961470043,34340.212459132264]],"total_volumes":[[1611879909424,52738675614.76615],[1611882794545,54737941415.641304],[1611886351019,54722445313.74694],[1611890314932,55525802049.47952],[1611893099618,56516820904.44036],[1611897569178,57688046012.2614],[1611900842721,57707596032.63582],[1611904473154,58286985721.098366],[1611907370937,58634211104.69202],[1611911579675,68774088777.4748],[1611915868967,81405611247.24222],[1611918399068,84881417884.60912],[1611922172837,88571060046.93951],[1611925644696,92037258931.82214],[1611928929371,95473702092.04892],[1611932682041,94787242698.10915],[1611936622044,96075481432.38208],[1611940114831,94806089708.28331],[1611943781855,95511870602.2336],[1611947613742,95829292488.28032],[1611951704209,96879299391.1872],[1611954891434,98205971952.73824],[1611958462074,99425743861.78874],[1611961470043,98384966684.44737]]}