{"stats":[[1616026004512,59269.23466458064],[1616029519412,59183.520574904316],[1616033225896,59275.92110580546],[1616036888067,59246.3373186804],[1616040190344,58864.00639180011],[1616043933137,59009.87355252549],[1616047298161,59262.27406190287],[1616051218150,59182.04993845718],[1616054460512,58422.90438010635],[1616058058686,58240.6017430783],[1616061849086,58622.95921766864],[1616065381728,58733.42309492124],[1616069247157,58318.77651357175],[1616072959580,58289.42679949738],[1616076434490,58039.462674813054],[1616079925050,58054.00515486485],[1616085485393,60119.69282225918],[1616089010968,59599.99122325626],[1616092047998,58905.89493144474],[1616095713523,58183.18949024328],[1616099493338,57838.58222570468],[1616102991808,58034.48677045874],[1616106426733,58087.88090975076],[1616110197741,57878.92647065825]],"total_volumes":[[1616026004512,63647269890.97583],[1616029519412,64230374549.311325],[1616033225896,64563146029.65721],[1616036888067,64694426107.748795],[1616040190344,62872622661.227776],[1616043933137,64518771161.32982],[1616047298161,64798516195.33772],[1616051218150,64211077016.21204],[1616054460512,63845324977.97669],[1616058058686,63707626449.17907],[1616061849086,62971324389.75222],[1616065381728,62763440809.745384],[1616069247157,62294162913.58304],[1616072959580,62013582806.57875],[1616076434490,60717268203.064575],[1616079925050,61018562079.07211],[1616085485393,63750873846.43963],[1616089010968,65348109690.37053],[1616092047998,64197677477.38224],[1616095713523,62165048031.05816],[1616099493338,62023571451.07167],[1616102991808,61750369913.60588],[1616106426733,60393181446.4457],[1616110197741,59505154731.51079]]}