{"stats":[[1614384462133,46530.653225833266],[1614387856371,47550.25408801885],[1614391458727,47944.44588525603],[1614395321511,47364.923997876795],[1614398524180,47936.15454221901],[1614402411539,47887.92081230883],[1614406031031,47910.955599535046],[1614409661880,47892.39930305394],[1614413047446,47346.22137737819],[1614416591006,46765.89195684608],[1614420024561,46826.46229032412],[1614424136565,47020.153056463896],[1614427538630,47431.859639446375],[1614431421604,47588.7940939085],[1614434929767,47616.428068240675],[1614438225535,47146.01482329196],[1614442047197,46771.62889526231],[1614445287679,47010.969278846766],[1614448840400,47169.55280011281],[1614452739020,47303.74646071806],[1614456384325,47542.77339899902],[1614459729200,47131.11179176291],[1614463483381,46922.45167725491],[1614467084764,46619.85935747482]],"total_volumes":[[1614384462133,74131829240.02045],[1614387856371,73423587092.67874],[1614391458727,72294541626.3558],[1614395321511,70309523646.69643],[1614398524180,70612031260.2694],[1614402411539,70038094962.13196],[1614406031031,68775998855.92413],[1614409661880,67444562070.46478],[1614413047446,64433407315.759384],[1614416591006,62018922959.1798],[1614420024561,60865354846.26676],[1614424136565,60300176554.25917],[1614427538630,60343087727.94023],[1614431421604,60382700927.35841],[1614434929767,59550316344.12467],[1614438225535,58061045932.66849],[1614442047197,56107852104.41769],[1614445287679,55946149950.701706],[1614448840400,54703600961.78478],[1614452739020,53967813332.561264],[1614456384325,53438606493.852264],[1614459729200,52017679854.23793],[1614463483381,50905435102.07263],[1614467084764,47930293343.38422]]}