{"stats":[[1618791396238,56051.19482986827],[1618795331265,57106.14626057457],[1618798106128,56965.83862890684],[1618801406550,57006.58761207434],[1618806604533,57042.124458213264],[1618809642939,56961.17597896342],[1618812807284,56692.77866275032],[1618816474975,57415.21455726408],[1618820800810,57131.20961775805],[1618822855657,56960.46858100684],[1618826816669,56812.52557397364],[1618830188694,56400.798033972475],[1618835256237,57070.73799574191],[1618839092998,56564.569498693316],[1618843386855,56138.96479477461],[1618844760119,55343.83103300699],[1618848347669,54759.80696609703],[1618851684107,55115.63657489675],[1618856646990,55725.67081786663],[1618858961081,55684.78171028535],[1618862781336,55969.708340964506],[1618866165654,56277.42022042901],[1618869734067,56400.304173807206],[1618874809673,55994.538581809444]],"total_volumes":[[1618791396238,103191578341.69826],[1618795331265,103091742200.6751],[1618798106128,101758672283.46126],[1618801406550,101272651138.05473],[1618806604533,86560300880.60124],[1618809642939,82862104468.46829],[1618812807284,78551543892.37363],[1618816474975,76831172949.45073],[1618820800810,74388119540.93181],[1618822855657,73377626179.31596],[1618826816669,69373296192.6845],[1618830188694,68432497386.20438],[1618835256237,68314954398.35635],[1618839092998,66231925461.32717],[1618843386855,65366242656.369095],[1618844760119,65715327719.40068],[1618848347669,65449828324.12349],[1618851684107,68119210039.90431],[1618856646990,68070372142.959236],[1618858961081,68024900979.76225],[1618862781336,68104200514.7965],[1618866165654,68268937843.49194],[1618869734067,67969763851.55164],[1618874809673,66466652282.51443]]}