{"stats":[[1614038731751,54304.14245768419],[1614042382489,53709.64563835585],[1614045821462,52588.08595137177],[1614049273263,51173.87512343407],[1614053355954,52464.14053821382],[1614056966775,50575.262460557744],[1614060596717,50442.010973185716],[1614063923249,49386.92681290735],[1614067483494,50250.25165877335],[1614071207048,48193.01226440669],[1614074749963,48125.489263941075],[1614078269629,47193.32879120597],[1614082076500,45994.06192216115],[1614085603384,49362.20274451233],[1614089178100,48765.892116116294],[1614092884745,47224.501192168296],[1614096445481,48746.901904546256],[1614100162701,47475.399428830024],[1614103541873,47034.57244035179],[1614107233898,46953.70109110216],[1614110959610,45680.43919795691],[1614114117561,47757.52475714989],[1614117874429,48115.18812780187],[1614121289219,48716.90379287523]],"total_volumes":[[1614038731751,101273175527.52849],[1614042382489,99733197626.21921],[1614045821462,97547977628.09232],[1614049273263,96558838697.28326],[1614053355954,101146072684.57454],[1614056966775,98845080187.4765],[1614060596717,103469951324.96255],[1614063923249,103161613763.40952],[1614067483494,106266901303.03076],[1614071207048,106899505058.33504],[1614074749963,115447397341.73636],[1614078269629,113543704005.76189],[1614082076500,115272250735.18347],[1614085603384,124657005338.8475],[1614089178100,124067007600.29073],[1614092884745,112114933320.5495],[1614096445481,114436806206.67728],[1614100162701,112605080689.85301],[1614103541873,111506985928.68468],[1614107233898,110344373792.5383],[1614110959610,108777474770.47815],[1614114117561,114152536836.04164],[1614117874429,115587289511.73352],[1614121289219,116941579755.11845]]}