{"stats":[[1611533019216,32273.51735032927],[1611536862792,32601.465578416388],[1611541173287,32765.16438168015],[1611543891146,32771.878152982164],[1611547690006,33639.42710369033],[1611551595618,33348.775256925655],[1611555010449,33391.079394808025],[1611558299411,33469.37393205684],[1611562734542,33303.94369993095],[1611566683435,33377.004772079825],[1611569275024,32963.58213293705],[1611573814423,33056.62632729798],[1611577190865,33333.72998295441],[1611580699758,34243.48349760099],[1611584528003,34710.70741124672],[1611587427019,34526.48458742216],[1611591562660,34169.76184107108],[1611594705760,34053.47770775872],[1611598383020,33886.714263963935],[1611602428390,33711.27257651159],[1611606380665,33352.682502053234],[1611609524913,33074.81177831862],[1611613461328,32429.912048440456],[1611615858242,32483.657028657017]],"total_volumes":[[1611533019216,42810544126.17814],[1611536862792,44986256717.05689],[1611541173287,46299963806.53773],[1611543891146,46619855560.48187],[1611547690006,48571864857.348885],[1611551595618,48280736498.8665],[1611555010449,47967127391.57639],[1611558299411,47867500569.48366],[1611562734542,47333515355.73445],[1611566683435,47780531694.519455],[1611569275024,47494713410.41737],[1611573814423,48081585089.467476],[1611577190865,48733529213.3965],[1611580699758,50677308932.04342],[1611584528003,52853712248.39037],[1611587427019,52920557109.26564],[1611591562660,51190044701.75451],[1611594705760,51386354058.10142],[1611598383020,51274361037.90385],[1611602428390,51469884578.10195],[1611606380665,50381862904.02064],[1611609524913,49695448563.79672],[1611613461328,50243390640.1077],[1611615858242,50738446208.93211]]}