{"stats":[[1613520830526,49436.324978116914],[1613525790789,49195.06703693363],[1613527555425,49505.19018153466],[1613531000106,49902.31384685163],[1613534603955,49622.042976664765],[1613538224492,49392.447918847654],[1613542130743,49670.56369991088],[1613545206966,50501.037141345034],[1613549041675,50953.51840817563],[1613553430856,51207.23996437584],[1613556072913,51545.82175744182],[1613560156700,51287.70799552459],[1613563773847,51341.35644229185],[1613568813999,50608.2247402897],[1613570881549,51136.15052712996],[1613574380983,51131.789595611],[1613577894863,51168.84324568567],[1613581660433,51274.08540253334],[1613585332653,51353.337433947876],[1613589148890,51444.78828512682],[1613592749530,51999.00814759561],[1613596711889,52202.32347977574],[1613599950271,52320.915246127704],[1613603068815,52115.160034438544]],"total_volumes":[[1613520830526,64207601318.85007],[1613525790789,62949184439.90354],[1613527555425,63004567491.21973],[1613531000106,64594056036.6912],[1613534603955,63089205720.49832],[1613538224492,61417615662.54463],[1613542130743,61527522129.885864],[1613545206966,63584660565.435036],[1613549041675,66750267519.17119],[1613553430856,68806973995.66815],[1613556072913,70732730315.98767],[1613560156700,71338579250.60133],[1613563773847,71856350397.50806],[1613568813999,67271712175.86773],[1613570881549,67521716872.68163],[1613574380983,66922233971.682625],[1613577894863,67124809748.50597],[1613581660433,66747381939.301155],[1613585332653,66134607518.12502],[1613589148890,66245008916.227165],[1613592749530,68147672891.50211],[1613596711889,68390867304.959694],[1613599950271,68918837311.62201],[1613603068815,68516509875.131584]]}