{"stats":[[1612570053478,38250.33158170683],[1612574620037,38940.091002875044],[1612577106597,38708.942285986726],[1612580838242,39443.16213564719],[1612584476890,39362.18171057998],[1612587923884,39177.00181328435],[1612591393354,38910.81923074317],[1612595694359,39323.981537580345],[1612598915746,39406.14754724088],[1612602848669,39584.85814072848],[1612605919075,39788.816391808534],[1612609962121,40049.94651099958],[1612613123590,40230.735219068905],[1612618038306,40113.42668221123],[1612620681813,40300.57848488577],[1612623969928,40251.421489258566],[1612627649448,40817.01467220043],[1612631625932,40548.26051990041],[1612635154420,40173.88700997152],[1612638111895,40333.66536044406],[1612642524386,40033.55588794059],[1612645320123,39924.71843059956],[1612650217650,40385.350499615066],[1612652599997,39950.31037221073]],"total_volumes":[[1612570053478,47708658475.24733],[1612574620037,49643153523.73966],[1612577106597,51913115504.08318],[1612580838242,54014777508.325905],[1612584476890,54637867523.78777],[1612587923884,53875361618.01685],[1612591393354,55027440807.4721],[1612595694359,54301182734.74258],[1612598915746,55148881631.0142],[1612602848669,55513385482.05834],[1612605919075,56250187873.40379],[1612609962121,57381452955.93558],[1612613123590,57985020702.05786],[1612618038306,58933210351.47444],[1612620681813,58423805975.11391],[1612623969928,57144409360.4954],[1612627649448,58761039551.537445],[1612631625932,58360067968.23117],[1612635154420,56713056705.43535],[1612638111895,56925411012.72975],[1612642524386,56443406953.01435],[1612645320123,56783806951.48179],[1612650217650,57511813983.85323],[1612652599997,56814536192.8772]]}