{"stats":[[1615334452511,54872.34559095509],[1615338399355,55541.66887970537],[1615342051291,54398.22242410028],[1615345459482,53915.365310762936],[1615349140414,53492.98628108527],[1615352842336,53717.42190392001],[1615356519624,53702.68740414477],[1615360161085,54000.41663595448],[1615363337023,54452.96420993681],[1615367115993,54817.13972425844],[1615370533581,55161.20886449777],[1615374098871,54952.51937503168],[1615377856958,54891.75064537384],[1615381333167,55308.692951688936],[1615385046078,56206.08397674082],[1615388718632,56144.089684129],[1615392077626,56233.32806315913],[1615395662633,57003.918706039185],[1615399439174,56786.93564135379],[1615403261937,56727.4160975527],[1615406514066,56767.819329610335],[1615410273911,56321.54959980982],[1615413961932,57051.12928496267],[1615417405906,57009.77749888765]],"total_volumes":[[1615334452511,57550095196.19977],[1615338399355,58784513789.83856],[1615342051291,56240825626.854965],[1615345459482,57128607695.47491],[1615349140414,56299919753.914276],[1615352842336,56023721253.038734],[1615356519624,55516863769.32886],[1615360161085,55048787048.70599],[1615363337023,55510731859.84894],[1615367115993,55268829180.11823],[1615370533581,55871389793.95406],[1615374098871,55336534908.635765],[1615377856958,55323272588.82281],[1615381333167,55627860973.15018],[1615385046078,57186668611.831764],[1615388718632,57051256920.254875],[1615392077626,57562328250.89425],[1615395662633,58278563930.581314],[1615399439174,59699021488.343025],[1615403261937,60019544052.53504],[1615406514066,60868319892.49084],[1615410273911,61463687107.04808],[1615413961932,63500125410.71846],[1615417405906,63940113972.53999]]}