{"stats":[[1609978121655,36894.19500828184],[1609981505955,37215.781816408715],[1609985314785,36981.67216580061],[1609988576008,37059.04245022874],[1609992845845,37493.61576849433],[1609996871600,37473.95668633015],[1609999579536,37527.0246712143],[1610003224560,37347.66394875405],[1610007003856,37038.036184054254],[1610011310419,37198.18132907404],[1610015304133,37276.77548869077],[1610017614176,37141.52472209442],[1610021716833,38094.1592890254],[1610024566265,38099.39174813342],[1610028909982,38624.38843493648],[1610032168032,38491.42567200973],[1610035973396,39230.69393314307],[1610039330950,39284.86742149386],[1610042853372,39817.67183068328],[1610046634768,38650.00063049737],[1610050445579,38755.15200786335],[1610053734102,39223.12799039314],[1610057832905,39736.92098676939],[1610061226081,39541.418127295794]],"total_volumes":[[1609978121655,71043026017.51802],[1609981505955,72625499841.61324],[1609985314785,70315032504.72694],[1609988576008,73418871521.01816],[1609992845845,75130323053.7926],[1609996871600,67155424397.16521],[1609999579536,72262392610.05696],[1610003224560,72717938558.91577],[1610007003856,71405521278.5496],[1610011310419,66863446582.43925],[1610015304133,64859650086.02418],[1610017614176,66227715228.45626],[1610021716833,72900875137.76465],[1610024566265,73348030524.3506],[1610028909982,74402354104.44562],[1610032168032,73483682211.92941],[1610035973396,74896071695.1738],[1610039330950,72612485584.12265],[1610042853372,75236583768.61455],[1610046634768,78401159673.81705],[1610050445579,80069797749.80505],[1610053734102,77099723919.37784],[1610057832905,79503543013.79456],[1610061226081,79123831009.66107]]}