{"stats":[[1612656828461,38962.73218689435],[1612660168684,39539.86404463179],[1612663376565,38654.81222681262],[1612667101781,38622.76137415994],[1612670673736,38600.37483269162],[1612674326319,38300.10600847364],[1612677877556,38498.50377285075],[1612681398152,38455.67088017288],[1612685132073,38980.33648509372],[1612689044975,39308.57750115595],[1612692264711,39462.72583442179],[1612696557254,39022.44426137457],[1612699245321,38836.673522116726],[1612704308762,39003.99431822422],[1612706482313,38547.44656103206],[1612710268738,38182.41248826557],[1612713697780,37984.80562637775],[1612717633453,38108.064866104214],[1612721120990,37815.85389172272],[1612724782549,38250.02816153733],[1612728082223,38071.43499662137],[1612733133703,38353.8393408674],[1612736052116,38385.24089159158],[1612739053909,38742.668687007754]],"total_volumes":[[1612656828461,56728458073.73656],[1612660168684,55376995848.367714],[1612663376565,53608286295.0541],[1612667101781,53267695146.03676],[1612670673736,52347594896.15099],[1612674326319,52421317877.109535],[1612677877556,52496839558.20917],[1612681398152,52301444120.393906],[1612685132073,53294733088.643654],[1612689044975,55038395986.28441],[1612692264711,52943237911.183495],[1612696557254,53162706442.61727],[1612699245321,52021974422.80438],[1612704308762,51707925813.256096],[1612706482313,51637068615.215096],[1612710268738,51599548749.31689],[1612713697780,52363951560.398026],[1612717633453,53324611716.43461],[1612721120990,53439408259.803535],[1612724782549,49848371218.42918],[1612728082223,53603257615.88883],[1612733133703,53597392832.83239],[1612736052116,53704514193.37283],[1612739053909,54317537166.946754]]}