{"stats":[[1616113851842,56570.868063677444],[1616116797687,57240.896528233665],[1616120616139,57605.45215001726],[1616124339430,57715.48641356501],[1616128447326,58039.57003161787],[1616131796029,58162.15091197048],[1616135129947,58260.14473402519],[1616138771830,58378.50468547482],[1616142682924,58340.06944099374],[1616145774807,58920.0605906511],[1616149243246,58256.640351853086],[1616153134889,58782.640257855106],[1616157036034,59337.51481886304],[1616159327042,58814.47948327677],[1616163739842,58502.606498305904],[1616167906864,58992.830709114336],[1616171012204,59058.947702980244],[1616175237724,58928.42001573131],[1616178074629,58458.55194270253],[1616180955307,58954.922139441354],[1616185851441,59252.9178869348],[1616189275261,58797.17429271959],[1616193197295,58733.07305844571],[1616195834783,58520.49975505858]],"total_volumes":[[1616113851842,57831098604.33174],[1616116797687,58637800994.78784],[1616120616139,58900403718.19221],[1616124339430,58630833745.1966],[1616128447326,58650915297.657],[1616131796029,58900945427.338135],[1616135129947,59427541485.33789],[1616138771830,59434927816.341736],[1616142682924,59455835153.10368],[1616145774807,60091053793.80042],[1616149243246,59202812942.80126],[1616153134889,58936711107.33436],[1616157036034,60071175233.72073],[1616159327042,59376874701.931725],[1616163739842,59573424504.163925],[1616167906864,59657238582.90092],[1616171012204,57066704364.610954],[1616175237724,55215024517.434906],[1616178074629,54267585718.81036],[1616180955307,53803560153.92041],[1616185851441,52706939780.20558],[1616189275261,52018925548.35656],[1616193197295,52625664646.28312],[1616195834783,52209835311.3765]]}