{"stats":[[1613261288125,47007.26367365752],[1613266196351,47466.74107813106],[1613268332540,47389.45732031188],[1613271992236,47303.75277005233],[1613275337789,47255.606394487055],[1613279444617,47413.84516967594],[1613282863411,48759.32424065163],[1613286652327,48507.061569607475],[1613290079063,48568.03579792561],[1613293608456,48461.186989103386],[1613297465290,49026.84078629081],[1613301121782,48845.08131650659],[1613304437135,48875.81890265539],[1613309618035,49087.20681382356],[1613311517302,48625.44724393501],[1613314965762,48638.56669076275],[1613318792572,48451.08542464199],[1613322827422,48824.192614890875],[1613326302489,48558.28196763652],[1613329723808,48563.903471922786],[1613333236763,48533.06040750724],[1613336703477,48744.169304848554],[1613340256199,48742.10068193661],[1613343890689,49082.8059943863]],"total_volumes":[[1613261288125,55360405866.93521],[1613266196351,56087065251.298225],[1613268332540,56172655007.894],[1613271992236,55976866146.13609],[1613275337789,54550281669.49515],[1613279444617,54534958687.42209],[1613282863411,57729460565.41107],[1613286652327,58265580230.648125],[1613290079063,60008156105.18321],[1613293608456,59263190142.70561],[1613297465290,58633639280.85466],[1613301121782,58689221448.53017],[1613304437135,57472431543.13174],[1613309618035,58213091491.089066],[1613311517302,58356044071.92722],[1613314965762,58935127355.49287],[1613318792572,59096330043.31926],[1613322827422,59226375574.733086],[1613326302489,58269123444.92959],[1613329723808,58280564997.41376],[1613333236763,57972561042.00018],[1613336703477,58005682515.5396],[1613340256199,57564275373.89768],[1613343890689,57908696374.64889]]}