{"stats":[[1613174596576,47414.1862550079],[1613179862870,47592.08424992752],[1613182306113,47590.06380247422],[1613185772023,47769.34130225554],[1613189397487,47778.97276294089],[1613192988839,47818.781165819164],[1613196244090,47824.62281821764],[1613200155990,47675.591234653235],[1613203457382,47140.1963883116],[1613206929906,47355.618365196424],[1613210789277,47159.431870925095],[1613214518926,46679.5534155937],[1613218212357,46296.60220783228],[1613221485632,46884.18296762147],[1613225055382,46927.83149245025],[1613228690089,46926.675372277605],[1613232668518,46935.95285163663],[1613235905851,47088.57568866298],[1613239698514,46687.591577314066],[1613243054006,46743.48463123342],[1613246776837,46780.62948197996],[1613250257033,46837.265603101696],[1613254054945,47063.25888155468],[1613257662027,46998.96059525472]],"total_volumes":[[1613174596576,61942185128.99905],[1613179862870,60145929282.85101],[1613182306113,58867086913.72782],[1613185772023,60166773582.2525],[1613189397487,60211822517.47134],[1613192988839,57430760880.670944],[1613196244090,58337363662.01543],[1613200155990,57479909233.196945],[1613203457382,56859017738.435326],[1613206929906,57760399883.40289],[1613210789277,57339806972.46381],[1613214518926,57284470423.52473],[1613218212357,58575243638.48543],[1613221485632,59831196128.32119],[1613225055382,59806348898.58781],[1613228690089,57576547161.098305],[1613232668518,57079575636.22157],[1613235905851,56812469286.66214],[1613239698514,56035916541.582664],[1613243054006,55666876611.51434],[1613246776837,54478731183.617714],[1613250257033,55546859862.37531],[1613254054945,55414063851.922615],[1613257662027,55589493721.32755]]}