{"stats":[[1616631592560,52656.93298940185],[1616635050274,52570.494143167474],[1616638599448,52103.99678335657],[1616641585603,52396.97155368745],[1616646484651,52505.79076294559],[1616649462508,52554.60079226282],[1616653469585,53277.374654964246],[1616657839908,52842.47705084695],[1616660646420,52462.210248386655],[1616663836016,52524.95002678938],[1616668167385,52825.56322827484],[1616670627143,53029.915556501204],[1616674580444,51849.29883113804],[1616678177475,50965.81854672072],[1616682712318,51769.242400916155],[1616685800136,50846.2978463142],[1616688154809,51086.83867713813],[1616692333928,51580.394625503905],[1616697153290,51720.922991246174],[1616704096702,52641.18511385942],[1616705746524,52214.08906649431],[1616708501557,52425.61232462026],[1616710977264,52650.25018371413],[1616715170367,51741.475939379234]],"total_volumes":[[1616631592560,74582445962.0476],[1616635050274,76637230465.6906],[1616638599448,64892800920.256134],[1616641585603,65967169175.54279],[1616646484651,66607974881.81982],[1616649462508,66880143129.57717],[1616653469585,68224458864.45215],[1616657839908,64302130760.55643],[1616660646420,64828892138.566345],[1616663836016,63043359716.312004],[1616668167385,64133726884.30923],[1616670627143,62984934963.211784],[1616674580444,62970706338.477486],[1616678177475,65540667352.09086],[1616682712318,67193927120.22528],[1616685800136,68312090300.887344],[1616688154809,69741130053.25685],[1616692333928,71361703440.31718],[1616697153290,72071716515.6815],[1616704096702,72360586085.61575],[1616705746524,69854011476.68016],[1616708501557,69394978495.75574],[1616710977264,67580850959.58072],[1616715170367,62759174959.667046]]}