{"stats":[[1613865720394,56377.63347790987],[1613869507433,56017.33652151309],[1613873382133,56383.46199704781],[1613876724056,56733.16720735602],[1613880204511,56670.23178509108],[1613883744862,56818.071115828636],[1613887355370,56775.956558616694],[1613891205210,56655.33864514394],[1613894805964,56481.42276518086],[1613898320195,56740.633633198384],[1613901768722,56769.89229634908],[1613905528156,57682.845400826336],[1613908965023,57492.4118404714],[1613912557772,56908.67473398301],[1613916223532,57359.291454412654],[1613919924575,57494.44109781697],[1613923321445,57460.72090785296],[1613927354729,57816.82315417751],[1613930855702,57658.44741626983],[1613934062108,58341.08047396216],[1613937891968,58168.28615408404],[1613941280774,57827.29680940754],[1613945087842,57520.47364686701],[1613948811612,57447.58722000145]],"total_volumes":[[1613865720394,77351787996.10461],[1613869507433,76381985875.10988],[1613873382133,75505789970.48428],[1613876724056,75358613714.78918],[1613880204511,74341333827.32095],[1613883744862,72446166890.41139],[1613887355370,73544755535.3076],[1613891205210,72938002905.45615],[1613894805964,72552061307.31038],[1613898320195,73208726668.33736],[1613901768722,72897492504.64655],[1613905528156,72885755110.23254],[1613908965023,74519796096.12793],[1613912557772,71462436607.33116],[1613916223532,70326573581.40685],[1613919924575,69976033971.16992],[1613923321445,67831942822.260666],[1613927354729,65548651762.01749],[1613930855702,65693695860.38134],[1613934062108,66572935296.475716],[1613937891968,65318727054.16719],[1613941280774,65977971180.121895],[1613945087842,65924969577.29181],[1613948811612,62793568139.46782]]}