{"stats":[[1615162072148,51174.18484842677],[1615166389338,51671.143957916676],[1615169514069,51617.934641280546],[1615173050925,50724.88592394205],[1615176075977,50569.52591875271],[1615179693245,50373.37975534015],[1615183445307,50856.78746592793],[1615186953557,50291.794819877345],[1615190637617,49852.89343308226],[1615194217360,49851.2207251751],[1615197657626,49903.89328352879],[1615201514340,50387.10824271913],[1615205192084,50515.47939965312],[1615208787684,50379.64750360837],[1615212132055,50948.457413982884],[1615215690940,50829.797501947185],[1615219362041,51120.79855163208],[1615223203126,50716.247648717756],[1615226469471,50795.38341168839],[1615230234516,50801.027709856244],[1615234133132,51340.24351721086],[1615237228396,51982.44220978678],[1615241232432,51886.87784086287],[1615244620763,51558.11346263042]],"total_volumes":[[1615162072148,46052413207.653625],[1615166389338,47310196285.73321],[1615169514069,47604163493.68429],[1615173050925,47083580465.9808],[1615176075977,45749746550.87296],[1615179693245,45919086367.56317],[1615183445307,46745542789.797165],[1615186953557,47029559026.90906],[1615190637617,47829758446.37732],[1615194217360,47470666193.19105],[1615197657626,46969361377.05702],[1615201514340,47257876745.999565],[1615205192084,47964722126.5962],[1615208787684,48104646891.914085],[1615212132055,49840934347.954666],[1615215690940,49789238534.71719],[1615219362041,51116080868.3307],[1615223203126,50249760201.71349],[1615226469471,50405214814.89261],[1615230234516,50163509587.426056],[1615234133132,51041211997.36128],[1615237228396,51898581511.09845],[1615241232432,52569909226.88773],[1615244620763,52571899694.235085]]}