{"stats":[[1610237911964,40707.81457441413],[1610240825629,40774.52336151728],[1610244089941,41342.04770996206],[1610248781688,40810.49704998017],[1610252289583,40726.89488824912],[1610255689705,40728.38485124872],[1610259561088,40824.860497890804],[1610262318097,41206.64224157045],[1610265840749,41084.78921212802],[1610284908601,40227.09733109205],[1610288448798,39782.310005392195],[1610292115816,39727.48875216017],[1610295871190,39741.42018745991],[1610298804297,39212.8647530947],[1610302321765,38791.35859580434],[1610305724097,38182.82934614062],[1610310567988,36853.57007921584],[1610312805337,38056.73826206684],[1610316867894,38744.53409980669],[1610320608059,38478.77380426502]],"total_volumes":[[1610237911964,56524776473.19914],[1610240825629,54644164526.7773],[1610244089941,56886871347.68055],[1610248781688,55975525062.01456],[1610252289583,56342169519.93732],[1610255689705,52484486993.52653],[1610259561088,56833579956.68228],[1610262318097,57194963781.84615],[1610265840749,57106801832.863365],[1610284908601,60436585739.82717],[1610288448798,59906237988.25905],[1610292115816,60223282023.158165],[1610295871190,58689611621.02282],[1610298804297,57346255303.516235],[1610302321765,61706255661.369865],[1610305724097,62626118125.84898],[1610310567988,63327927727.87839],[1610312805337,69357300628.23181],[1610316867894,72545988889.6677],[1610320608059,73036025674.35593]]}