{"stats":[[1615853044073,55856.64915126205],[1615856537727,54314.17985218141],[1615860036744,54740.84369741205],[1615863985754,54700.96297339235],[1615867315087,54461.8016382057],[1615870980592,54618.35852651182],[1615874489240,54100.0562778398],[1615878343549,55493.410561825534],[1615882087435,55447.27738063856],[1615885483752,56098.88854341092],[1615888972630,55990.39311913381],[1615892837634,56035.95348876245],[1615896108767,55505.133810481835],[1615899778721,55063.929779567785],[1615903304861,55344.306190085685],[1615907009565,55701.12109199864],[1615910760509,55944.49906426915],[1615914096819,55793.71463035712],[1615918221233,55515.00437537398],[1615921474642,55529.357364636984],[1615925211062,55953.57246344578],[1615928719695,56531.53178588806],[1615932105297,56607.05456067917],[1615935815840,56561.46001030555]],"total_volumes":[[1615853044073,70611079922.93135],[1615856537727,70341886605.09314],[1615860036744,73151798402.95361],[1615863985754,73778160171.75287],[1615867315087,74942916667.57852],[1615870980592,75243224632.27742],[1615874489240,74861048245.32918],[1615878343549,76014307549.27777],[1615882087435,73721945124.25925],[1615885483752,73899075468.5661],[1615888972630,68513028454.24088],[1615892837634,66930555685.60541],[1615896108767,66054179371.40269],[1615899778721,64135294803.31619],[1615903304861,63619869517.06526],[1615907009565,63059838628.89763],[1615910760509,62705871160.90011],[1615914096819,61610902465.11318],[1615918221233,61622433974.59093],[1615921474642,61919556098.64152],[1615925211062,60782053531.89615],[1615928719695,63066147486.04982],[1615932105297,63165902570.040596],[1615935815840,63236156479.40486]]}