{"stats":[[1619395273539,48981.4413932161],[1619399320750,50785.40346449092],[1619402688925,52062.74764201371],[1619406306174,52227.93643183893],[1619409841573,52503.21421234783],[1619413458096,52349.52785607558],[1619417009842,52467.26192670813],[1619420600347,52971.92039424441],[1619424368676,52910.309743765516],[1619427744602,52684.865742274305],[1619431444231,53485.645051666026],[1619435089622,53260.21779427511],[1619438601827,53726.45677885515],[1619442559295,53649.91849896748],[1619449241116,53654.678196865956],[1619451449812,53613.7448580128],[1619453874624,53390.822802361334],[1619456664321,53422.63958514935],[1619460240495,54206.87317729203],[1619463920030,54315.67773597412],[1619467512919,54020.45670601796],[1619470869882,53337.70970433755],[1619474658281,53235.36394257444],[1619478303784,53589.6752998928]],"total_volumes":[[1619395273539,46233432154.225266],[1619399320750,49743224647.34768],[1619402688925,53935726756.90231],[1619406306174,55917313850.54973],[1619409841573,56330141614.79057],[1619413458096,55900248856.0695],[1619417009842,56923563659.59796],[1619420600347,59105393078.85736],[1619424368676,59951284699.527084],[1619427744602,60798961350.352554],[1619431444231,62413904751.85569],[1619435089622,60760322508.694336],[1619438601827,63032406013.71271],[1619442559295,63289153365.63941],[1619449241116,62205283568.1402],[1619451449812,63538257480.85936],[1619453874624,63481047414.82706],[1619456664321,64327051255.84011],[1619460240495,65825233235.13208],[1619463920030,65830043566.73519],[1619467512919,66012615783.37415],[1619470869882,64914287904.6338],[1619474658281,60483375647.039665],[1619478303784,60043090974.749626]]}