{"stats":[[1611014533032,36595.4647692826],[1611018807396,36705.430539386485],[1611022289840,36924.30855518288],[1611025928231,36740.86381819182],[1611029607936,36474.62637036377],[1611032683975,36299.980151836724],[1611036989302,36370.98671380371],[1611040496743,36565.15262104825],[1611043376228,37035.15552134782],[1611047502261,37270.92652817637],[1611051470419,37078.82865273135],[1611055014095,37040.188252853615],[1611058816757,37252.57995010274],[1611062213583,36886.71504854262],[1611065575396,37078.24716499794],[1611068836282,36996.26626741249],[1611072786985,37653.44423071297],[1611076668846,37099.706087018545],[1611079275075,37168.0895508146],[1611083687550,36653.56642764501],[1611087483974,36486.10087901432],[1611091171276,36596.07270987968],[1611094168023,36419.483280589084],[1611098184177,36483.70793833089]],"total_volumes":[[1611014533032,46769030146.76761],[1611018807396,44966780469.75746],[1611022289840,49167328651.79235],[1611025928231,51318636291.68594],[1611029607936,50492859946.16198],[1611032683975,50548099262.06274],[1611036989302,51222512047.29394],[1611040496743,51674099726.65997],[1611043376228,52116413490.16072],[1611047502261,53815717496.644615],[1611051470419,51885666228.867516],[1611055014095,51821658589.98862],[1611058816757,53091156759.41757],[1611062213583,51721266443.66921],[1611065575396,53235205078.72282],[1611068836282,50540860267.470795],[1611072786985,53411212183.66558],[1611076668846,50308594335.553246],[1611079275075,50261779874.00424],[1611083687550,48687602646.62406],[1611087483974,51434199963.02317],[1611091171276,52050720439.67094],[1611094168023,52235444234.39044],[1611098184177,52191171597.68789]]}