{"stats":[[1618704253949,60096.092319232026],[1618706162747,59673.26512496309],[1618708751634,59578.783345486074],[1618711892533,59428.749900401475],[1618713811617,59278.55448302159],[1618716375938,57768.870370295714],[1618719031920,55107.787918824455],[1618721780084,55534.047113170054],[1618724243674,55517.67454998844],[1618726938764,56408.332646136645],[1618729585175,55875.83177579351],[1618733200718,56361.31366150947],[1618736840009,55228.46004218365],[1618740413492,55184.03077556586],[1618743821562,54910.299438646936],[1618747686508,53575.419115061675],[1618751299042,55002.86497326358],[1618754540251,55208.709816865514],[1618759341817,55464.778519767664],[1618761785235,55662.04969369853],[1618766024662,55597.06470483933],[1618768835817,55050.591611750795],[1618772733078,55671.63003072602],[1618776761171,55913.70162381838],[1618779973048,56341.56477240246],[1618785190693,56375.51084357498],[1618786993756,56670.41354200482]],"total_volumes":[[1618704253949,63689107005.622734],[1618706162747,62829127191.578476],[1618708751634,63341573123.530846],[1618711892533,64384868667.46861],[1618713811617,65936276878.63828],[1618716375938,65634004201.679054],[1618719031920,73668997066.4062],[1618721780084,79090195363.3376],[1618724243674,80418856657.38556],[1618726938764,84993806517.1469],[1618729585175,84686047278.91953],[1618733200718,84299808870.53732],[1618736840009,89230629849.25424],[1618740413492,92443835728.89256],[1618743821562,92254013945.08902],[1618747686508,92238703427.37277],[1618751299042,94966877622.54639],[1618754540251,95713893808.8606],[1618759341817,96693849663.89108],[1618761785235,98922988275.766],[1618766024662,97486813996.48979],[1618768835817,96762055278.9553],[1618772733078,97621979336.38832],[1618776761171,96873359015.30241],[1618779973048,99102661039.79605],[1618785190693,100746419960.3484],[1618786993756,101765351646.27652]]}