{"stats":[[1614643852214,49833.87703959957],[1614648536718,49122.4135682234],[1614650514682,49462.865334551956],[1614654304085,49543.78934000085],[1614657702854,49061.0756752729],[1614661486253,49114.070143221856],[1614665494074,48818.72503623555],[1614668736236,48721.75640546057],[1614672338302,48547.50884331692],[1614676019957,48990.07336075784],[1614679527229,49245.87662645817],[1614683065628,48861.11789181135],[1614686921784,49044.86292650299],[1614691482927,48986.41071253268],[1614693816014,49076.509593735],[1614697417082,48947.25150951699],[1614701211545,48705.26652013301],[1614704888373,47569.300299026116],[1614708268900,48063.193482992174],[1614711845501,47824.51549901661],[1614715771579,47713.36032243839],[1614718913155,47586.12695849137],[1614722723013,47607.37678546142],[1614726268737,47965.89725776837]],"total_volumes":[[1614643852214,61917717390.36845],[1614648536718,61890272311.85344],[1614650514682,62448335319.674904],[1614654304085,62123780385.4417],[1614657702854,60838293276.34888],[1614661486253,62226277016.65825],[1614665494074,61879308470.22349],[1614668736236,62053270697.733475],[1614672338302,61872500546.48775],[1614676019957,61355070068.50628],[1614679527229,60609489652.4396],[1614683065628,59288369601.54284],[1614686921784,57442569229.18096],[1614691482927,56821310563.988],[1614693816014,56269632138.69198],[1614697417082,55738312667.738525],[1614701211545,54637827346.821075],[1614704888373,52955853238.75883],[1614708268900,54109890202.8693],[1614711845501,53239447723.846756],[1614715771579,53461946402.057106],[1614718913155,52952410106.54408],[1614722723013,53038601323.51753],[1614726268737,51800355426.08278]]}