{"stats":[[1612052500064,34145.70091063483],[1612056904278,33995.674654419454],[1612058730644,34150.35944817495],[1612062239146,33730.283873613014],[1612065918884,33913.131977683915],[1612069934853,33901.626333998225],[1612073325233,33695.95974390967],[1612076644038,33582.53599357345],[1612080539861,33485.12758209233],[1612084512522,33608.77014055041],[1612087561476,33260.31363996585],[1612090921087,33564.70130307269],[1612094664927,33504.6987188793],[1612100296734,33684.54957883587],[1612101919807,33574.858602074426],[1612105595331,33294.26387636085],[1612109024025,32844.278834324454],[1612112827540,32921.81306245375],[1612116113494,32400.172030590213],[1612120102533,32484.840248903336],[1612123516758,32821.218964461215],[1612127043549,32844.92728719627],[1612130822817,32623.901956334397],[1612134183788,32883.72101223779]],"total_volumes":[[1612052500064,52322334658.26288],[1612056904278,51460371984.50652],[1612058730644,51173225246.134476],[1612062239146,50001098258.5149],[1612065918884,48692424196.871155],[1612069934853,47122866465.617966],[1612073325233,46461433642.33029],[1612076644038,45621636724.20684],[1612080539861,44814739476.77674],[1612084512522,44230094984.88035],[1612087561476,43548176619.86122],[1612090921087,43397398720.070335],[1612094664927,42985921789.96902],[1612100296734,43405019020.141594],[1612101919807,42130590049.18842],[1612105595331,42171963739.80538],[1612109024025,42954734700.233154],[1612112827540,41770026741.71599],[1612116113494,41233480228.97409],[1612120102533,41900665012.65691],[1612123516758,42413352109.49895],[1612127043549,42402931546.37283],[1612130822817,42300349390.31861],[1612134183788,42482813602.37091]]}