{"stats":[[1616889955891,55754.075819698795],[1616893679594,56048.001214875396],[1616896947344,56081.24585239963],[1616900553334,55867.53102513625],[1616904149299,56097.82330002727],[1616908189740,56268.755885901715],[1616911471063,56215.093204298275],[1616914917120,55886.85105909057],[1616919303266,56185.7272732345],[1616922321672,56369.44831036201],[1616925870022,56195.28601727139],[1616929896171,55997.949773407076],[1616932860609,55832.238432898295],[1616937175671,55653.28819538567],[1616940625680,55604.72921296217],[1616944108339,55824.56133033417],[1616947691245,56375.59365819968],[1616951068774,56291.17659100954],[1616954928589,55923.453152756425],[1616958617015,55266.19005378875],[1616962526306,55101.65555788805],[1616966246988,54936.9795737789],[1616969932159,55147.699821054484],[1616972824646,55708.92724807546]],"total_volumes":[[1616889955891,47248737878.02399],[1616893679594,47294397982.08005],[1616896947344,46882083035.8547],[1616900553334,47557756078.016304],[1616904149299,48309176341.44217],[1616908189740,49618479213.27872],[1616911471063,49683880492.42065],[1616914917120,49451309668.82514],[1616919303266,49957034100.241356],[1616922321672,50817827387.279625],[1616925870022,51017819991.36044],[1616929896171,52053824203.87116],[1616932860609,51983993040.66072],[1616937175671,51606454659.91344],[1616940625680,51923015298.22979],[1616944108339,52187239504.65653],[1616947691245,52727615769.102646],[1616951068774,51349780520.67277],[1616954928589,49621429950.72931],[1616958617015,50268058497.70149],[1616962526306,51116278929.23025],[1616966246988,50576033777.775665],[1616969932159,49807352440.36131],[1616972824646,50325490678.44892]]}