{"stats":[[1616457650275,54370.137557895185],[1616461499721,54627.98202669998],[1616465192486,55273.072708009466],[1616468964967,54670.872551213455],[1616472478625,54705.47231037073],[1616476448041,54300.00885744936],[1616481368907,53728.74739472279],[1616484813671,53879.604390034074],[1616487997994,54076.2408760373],[1616491404414,54383.66690779431],[1616494870547,54635.413646216344],[1616498448432,54663.26362555866],[1616501569155,54595.67879554625],[1616506332522,55290.92890675391],[1616508305393,55220.96906015737],[1616513569375,55060.87484589929],[1616516688478,55025.90136305591],[1616519549518,55701.85463369069],[1616523356725,55659.94826882035],[1616526916776,55532.50663030126],[1616530641073,55002.604365262465],[1616534820666,54401.024502487126],[1616537049137,54766.678646683315],[1616541204682,54528.10754392893]],"total_volumes":[[1616457650275,62001716794.84347],[1616461499721,62249432915.45296],[1616465192486,63820805916.11539],[1616468964967,63615373468.58025],[1616472478625,63080690614.45109],[1616476448041,63756260909.08318],[1616481368907,66384503737.990746],[1616484813671,67230170009.680046],[1616487997994,66059297906.26647],[1616491404414,67183540391.24799],[1616494870547,66824887386.677],[1616498448432,66108090869.93829],[1616501569155,67335683745.255516],[1616506332522,66789828394.352425],[1616508305393,67658232399.12309],[1616513569375,66421738931.91439],[1616516688478,66300646709.603645],[1616519549518,68177453081.59436],[1616523356725,67149992041.667854],[1616526916776,67957707244.679405],[1616530641073,66209315529.774254],[1616534820666,63087864972.483215],[1616537049137,63222680253.41875],[1616541204682,59736197379.76941]]}