{"stats":[[1617667493830,58833.186957538484],[1617672717177,59037.33545469934],[1617674588102,58846.465902246],[1617678076379,58768.96552958154],[1617681629319,58770.32137536113],[1617685509685,58793.97065343278],[1617689059020,58884.688302930306],[1617692544445,58863.56101521906],[1617696404404,58491.50994194401],[1617699903949,58520.661848174524],[1617703438437,58717.172972835484],[1617707034510,58529.054562881916],[1617710532087,58476.36966941032],[1617714271898,58665.67256129377],[1617717944437,58341.87623355505],[1617721479980,57846.95949107808],[1617724967811,57964.12468744507],[1617728770233,58139.86314253245],[1617732384643,58243.06360414102],[1617735975341,58278.42782480332],[1617739290391,58191.19680426938],[1617742907406,58218.226716393656],[1617746815588,57873.38515509634],[1617750169915,57990.630038086194]],"total_volumes":[[1617667493830,55060547644.94518],[1617672717177,56069566347.1445],[1617674588102,56478788509.167984],[1617678076379,55904618582.18011],[1617681629319,56233501583.30366],[1617685509685,56023326022.047806],[1617689059020,55961107589.27233],[1617692544445,55385167119.2797],[1617696404404,55316601387.0113],[1617699903949,51324918052.91379],[1617703438437,57652274637.53841],[1617707034510,58807965769.13632],[1617710532087,59259298860.38309],[1617714271898,60694962024.88077],[1617717944437,59706742205.00158],[1617721479980,61777681319.01381],[1617724967811,61902834484.62076],[1617728770233,61515137575.1006],[1617732384643,60719271389.95637],[1617735975341,61153166637.87089],[1617739290391,61299686905.350525],[1617742907406,61207171444.06409],[1617746815588,61013872439.90613],[1617750169915,61525721553.80233]]}