{"stats":[[1615248420752,52406.5960217397],[1615253028061,52409.11951862312],[1615256008968,53332.38599100778],[1615259180547,53595.6902323489],[1615262635034,53850.17621911102],[1615266154381,53798.13366740188],[1615269695407,54207.54473016246],[1615273681818,53752.63000846331],[1615277285505,53518.37943489462],[1615280808906,54113.81396292426],[1615284165627,54133.25701748304],[1615287638593,54161.249973332684],[1615291675936,54197.2112595257],[1615295061892,53716.43087684769],[1615298528995,54805.53220855797],[1615302492602,54535.207990578696],[1615305685091,53995.81727486183],[1615309711072,54116.53768890416],[1615312925116,53905.91740993107],[1615316475182,53986.35442023269],[1615320219093,54275.98467171733],[1615324025713,54349.50416467041],[1615327756784,54421.2839556027],[1615331003933,55072.12612558277]],"total_volumes":[[1615248420752,53652639627.5341],[1615253028061,53603657508.30146],[1615256008968,56587025452.228226],[1615259180547,57070127553.43589],[1615262635034,57579876206.88525],[1615266154381,58272441653.46187],[1615269695407,59494138375.56624],[1615273681818,59274769476.50362],[1615277285505,58574775169.15307],[1615280808906,59124016964.583954],[1615284165627,58908178991.88845],[1615287638593,59353813347.44916],[1615291675936,59206406369.356766],[1615295061892,58954474742.90262],[1615298528995,59984336574.7133],[1615302492602,59525553495.2943],[1615305685091,58864540485.24883],[1615309711072,58642574449.48969],[1615312925116,58223783785.355515],[1615316475182,58865484743.26318],[1615320219093,58670009973.99557],[1615324025713,57616172857.45733],[1615327756784,57632990956.136314],[1615331003933,58035896794.019005]]}