{"stats":[[1613434495663,47806.49395997484],[1613438999237,47900.542137557444],[1613441296753,48235.82086919736],[1613444671468,48407.52455320469],[1613448529054,49483.034495424436],[1613452168660,49318.51536921472],[1613455611755,49116.0071028589],[1613459421936,49041.971850626855],[1613462637004,49205.41295333544],[1613466230100,49140.764200887774],[1613469942206,49227.11549117248],[1613473481796,48999.836461700266],[1613477175449,48896.416947644444],[1613480651716,49702.313299239046],[1613484520394,48980.09396691239],[1613488133513,49280.48062069261],[1613491596187,49239.13787965993],[1613495183564,48322.658663472626],[1613498708067,48474.69883801903],[1613502287028,48698.94853202164],[1613506030091,48499.49818933812],[1613509636878,48806.951783605844],[1613513235166,48605.801317652345],[1613516957198,49157.713605124474]],"total_volumes":[[1613434495663,61034044204.21123],[1613438999237,62183349785.52198],[1613441296753,61412637232.61285],[1613444671468,56860761150.92477],[1613448529054,57984548655.46552],[1613452168660,57945137378.824135],[1613455611755,57380689130.167816],[1613459421936,57217469635.67799],[1613462637004,57124623276.61199],[1613466230100,56900079088.192894],[1613469942206,56517661728.77651],[1613473481796,56328701369.620285],[1613477175449,55698523255.657135],[1613480651716,61132268869.71342],[1613484520394,61130757054.850586],[1613488133513,62009000359.923225],[1613491596187,62173074439.933754],[1613495183564,61560935823.60766],[1613498708067,62759127239.09555],[1613502287028,64153726439.56391],[1613506030091,64007736331.396034],[1613509636878,64554557010.81788],[1613513235166,64093938846.7456],[1613516957198,64004047591.32551]]}