{"stats":[[1618877037441,55721.166052695626],[1618880903891,54703.02961884294],[1618884707082,54908.4321072202],[1618889558955,54342.328432884315],[1618894405062,55418.70902675834],[1618895655074,55348.605652398284],[1618898468429,54928.645707015145],[1618902262816,53911.961077029024],[1618905784333,54151.95784206111],[1618909539344,55319.03571428057],[1618913151871,54987.24986569732],[1618916486612,56084.893551010144],[1618920331574,56561.263730644794],[1618924277787,55970.381421518345],[1618927290976,56303.53942102785],[1618930882373,55553.350077454306],[1618934502974,55542.6492121931],[1618938255951,55792.72598989786],[1618941878560,56116.11867704686],[1618945619538,56381.09781874457],[1618948963574,56665.283107410025],[1618952613047,56766.428111756155],[1618956237846,56848.944561761615],[1618959867648,56361.42179426308]],"total_volumes":[[1618877037441,66156275209.79711],[1618880903891,67349141628.26061],[1618884707082,67983948697.740234],[1618889558955,65809550172.94268],[1618894405062,69754514724.15825],[1618895655074,67027242399.72847],[1618898468429,67112080213.12321],[1618902262816,67709495949.872734],[1618905784333,67495867392.60123],[1618909539344,70969165140.77138],[1618913151871,68878745770.18501],[1618916486612,70364540225.7313],[1618920331574,72217098366.17671],[1618924277787,69638222301.00633],[1618927290976,70110016173.50726],[1618930882373,68046415551.928925],[1618934502974,68181286507.586945],[1618938255951,67369718842.58556],[1618941878560,67420420721.79961],[1618945619538,66336584966.626595],[1618948963574,69185454030.24841],[1618952613047,68257858642.44607],[1618956237846,68909633586.86958],[1618959867648,68479250015.08852]]}