{"stats":[[1613001678123,44848.69344950499],[1613005329744,44187.55945071082],[1613009215516,44286.76448336648],[1613012523611,44703.53845915115],[1613016410229,45353.55508930817],[1613020073793,44769.42862542665],[1613023687152,44663.65486419956],[1613027194036,44552.66103789821],[1613030842346,44678.68537032764],[1613034732699,44909.61243415135],[1613038134907,45411.17121290637],[1613041351779,46179.00541553165],[1613045290913,46054.28026755455],[1613050700498,47955.8815336257],[1613052089259,47484.653652894885],[1613055884379,47749.68047728298],[1613059679652,47922.45987098658],[1613063407770,47496.62098248499],[1613066829773,47222.9831719397],[1613070584348,47434.65047738381],[1613074095144,47607.369136516856],[1613077798773,47074.35527848516],[1613081210835,46786.501689765224],[1613084504706,47499.27660080816]],"total_volumes":[[1613001678123,70000356395.81508],[1613005329744,69341630576.37927],[1613009215516,69354143959.32246],[1613012523611,69395019176.36252],[1613016410229,69895012345.9517],[1613020073793,68313880772.87077],[1613023687152,66410886856.42124],[1613027194036,66042192885.17365],[1613030842346,65919120213.46769],[1613034732699,65417783525.2211],[1613038134907,65821570084.5847],[1613041351779,66349331072.97045],[1613045290913,65066246173.06824],[1613050700498,66078806306.1145],[1613052089259,67027146380.20627],[1613055884379,67296024035.94484],[1613059679652,64708515423.91231],[1613063407770,63604972793.00298],[1613066829773,63179778986.77131],[1613070584348,63454746660.6754],[1613074095144,63481332487.20783],[1613077798773,64255136583.40059],[1613081210835,64756772918.5414],[1613084504706,64455218259.69905]]}