{"stats":[[1614730055325,48550.026478604326],[1614733411025,48875.99231081267],[1614737150496,49063.80412982768],[1614740808260,48792.79335240949],[1614744187325,48823.6549460841],[1614747882650,49360.494387457125],[1614751642505,49200.478274968744],[1614755273764,49703.51618661439],[1614758814543,49859.20077931429],[1614762278202,50922.437911544985],[1614765889043,51362.6422503273],[1614769394083,51587.55660192512],[1614773396527,51596.306896906],[1614776701494,52466.40374583461],[1614780231144,51317.15979032238],[1614784108739,50861.45977356747],[1614787595508,50794.06932804442],[1614791483039,51215.408984053756],[1614794617791,51618.50148840189],[1614798361438,51196.867278220365],[1614801829726,50983.482120334804],[1614805745529,50580.10221686764],[1614809008030,50998.33140472039],[1614812898965,50613.60274494834]],"total_volumes":[[1614730055325,53175417507.790695],[1614733411025,52209591798.93514],[1614737150496,51548821975.05274],[1614740808260,50603591794.66323],[1614744187325,50287455405.90597],[1614747882650,50903119977.45779],[1614751642505,50948308484.52268],[1614755273764,51057264601.753235],[1614758814543,51517052133.03141],[1614762278202,53606152179.260124],[1614765889043,55143623430.24136],[1614769394083,56836268248.63516],[1614773396527,57929736042.79432],[1614776701494,60056879326.80611],[1614780231144,61253548004.2788],[1614784108739,61925487693.3715],[1614787595508,61782703132.5593],[1614791483039,61260557964.07146],[1614794617791,61088394762.585],[1614798361438,60638224946.46661],[1614801829726,60693329387.31402],[1614805745529,59605991940.62267],[1614809008030,59999972622.1536],[1614812898965,59545442272.181465]]}