{"stats":[[1616285979902,58593.554356274595],[1616288605657,58521.42950419339],[1616292243572,58384.71654836946],[1616296011828,57685.00896205314],[1616299344468,58059.3410411496],[1616303279836,57204.83146670865],[1616306986124,57245.55049103557],[1616310524524,57358.58704343748],[1616314074468,57195.51022394066],[1616317251670,57405.65772937322],[1616321597563,56127.53856499292],[1616324937717,56397.68639478561],[1616328462216,56421.45811912884],[1616331656647,56436.02130763307],[1616335676788,57348.43767724004],[1616339264204,57294.30425728956],[1616343092715,57206.584405867274],[1616346290056,57544.7289729778],[1616350483787,57519.942121831016],[1616353767776,57721.71000617912],[1616357042749,57753.52871455206],[1616360458951,57925.0524403266],[1616364160603,58285.001135857936],[1616367728232,57811.50204628491]],"total_volumes":[[1616285979902,55079121588.122345],[1616288605657,56717563145.911064],[1616292243572,57210409619.65553],[1616296011828,57200019806.16421],[1616299344468,57736449948.38582],[1616303279836,58416641917.6193],[1616306986124,59184454787.11481],[1616310524524,59383054514.73603],[1616314074468,58494907680.58114],[1616317251670,59275939428.11574],[1616321597563,60307143150.16196],[1616324937717,61607302676.17213],[1616328462216,61482992107.14128],[1616331656647,61340234602.87569],[1616335676788,61361764460.7787],[1616339264204,60056269050.87294],[1616343092715,59074185835.376274],[1616346290056,59324276023.4924],[1616350483787,58574598341.9341],[1616353767776,58856733187.907906],[1616357042749,59083744630.90941],[1616360458951,57839960078.227325],[1616364160603,58434664429.984474],[1616367728232,57670994247.4563]]}