{"stats":[[1619568066360,54991.81484262107],[1619571978018,55395.61328972238],[1619575483600,55530.513360661644],[1619579047091,55344.4499292381],[1619582526531,54889.00473869075],[1619586210884,54844.521923521665],[1619589687548,54710.03981625522],[1619593534439,54135.005312343856],[1619596948451,54278.51586384954],[1619600404877,54255.871982023025],[1619604242295,54346.240757736465],[1619607889829,54405.90449526803],[1619611374879,54909.51138548527],[1619615206445,55169.3372715675],[1619618531607,54810.85302834732],[1619622087528,54696.044114623706],[1619625761462,54332.39670114743],[1619629335588,54815.81007775886],[1619632815550,55013.53089568202],[1619636601053,54856.867125138066],[1619640070018,55090.76841223987],[1619643808879,54524.41939124773],[1619647466821,54864.068334250915],[1619651048136,54462.38634298567]],"total_volumes":[[1619568066360,48468560013.13787],[1619571978018,48757442277.807175],[1619575483600,49219717699.27275],[1619579047091,48896490370.16284],[1619582526531,48690300844.63632],[1619586210884,49862306319.07796],[1619589687548,50060641334.94286],[1619593534439,46673405106.25738],[1619596948451,48039879742.132774],[1619600404877,47594002319.239456],[1619604242295,46490498661.113594],[1619607889829,46548829037.378914],[1619611374879,47186541418.350136],[1619615206445,47116767238.59602],[1619618531607,48114555115.20401],[1619622087528,47205725107.60031],[1619625761462,45687611329.46733],[1619629335588,46893571860.279526],[1619632815550,45438842572.775826],[1619636601053,46622510182.694725],[1619640070018,46707835522.73948],[1619643808879,49259822425.28731],[1619647466821,48752064390.447945],[1619651048136,49204327853.15137]]}