{"stats":[[1609719120545,33112.24118207711],[1609722755422,32881.59237928261],[1609725899748,33338.984189869036],[1609730501965,33399.254983186685],[1609734238716,33429.09732686489],[1609737912659,33254.26823305978],[1609740535300,32929.84426724217],[1609744687543,32947.559736469266],[1609748357544,32464.94548994141],[1609750918016,31982.52343988921],[1609754785424,31078.81320569856],[1609759484138,29691.215736748778],[1609762383566,30587.445719256102],[1609765765433,31287.17229835584],[1609769712728,31739.75727976418],[1609773281008,32201.21463294514],[1609776824451,31831.315558904214],[1609780792212,31262.32663120731],[1609784346760,31194.157469977643],[1609787667981,31333.122609364527],[1609790886571,31429.72091812759],[1609794396728,31320.090310446845],[1609797953494,31274.631597633546],[1609801360168,31362.626599145162]],"total_volumes":[[1609719120545,179477904949.19873],[1609722755422,67759796014.46202],[1609725899748,65373856934.05485],[1609730501965,64151269757.372826],[1609734238716,66059389039.498215],[1609737912659,66845665337.91866],[1609740535300,66377013928.59654],[1609744687543,67593496362.70289],[1609748357544,81166145731.66223],[1609750918016,66732010857.63654],[1609754785424,66684583288.527],[1609759484138,73709801790.20161],[1609762383566,77128033912.8586],[1609765765433,80392695956.26434],[1609769712728,97425378073.60199],[1609773281008,131024020007.76834],[1609776824451,77862190728.26],[1609780792212,95072683476.95384],[1609784346760,158528863364.43436],[1609787667981,91882995723.97607],[1609790886571,73890727116.66672],[1609794396728,81760167561.05383],[1609797953494,72472694892.56566],[1609801360168,74517021417.62279]]}