{"stats":[[1619741095683,0.3062544186957452],[1619745369477,0.304316548210543],[1619748183257,0.3079433088485559],[1619751866654,0.3094061874814616],[1619755356454,0.30909398104771935],[1619759025481,0.309839823094052],[1619762696880,0.31052057150735507],[1619766079472,0.3109493133565147],[1619769920026,0.3132412502501742],[1619773333629,0.3164899843235218],[1619776844468,0.3144680043327113],[1619780678684,0.3128368422533335],[1619784170084,0.31194595802597574],[1619788367444,0.31259070116233484],[1619791944331,0.3137202751288515],[1619795185427,0.3195560778464186],[1619798505204,0.31553135272287397],[1619802226831,0.31390210708965965],[1619805613094,0.3181065521891678],[1619809427024,0.331267630388178],[1619812913641,0.32486123760597263],[1619816460405,0.3276483244903577],[1619820179641,0.33025843049812886],[1619823819098,0.333873148027077]],"total_volumes":[[1619741095683,5635975307.340045],[1619745369477,5260919449.288817],[1619748183257,5232373093.951029],[1619751866654,5283988078.730747],[1619755356454,5852110342.343262],[1619759025481,4932611943.781927],[1619762696880,4881157628.694511],[1619766079472,4877569171.045645],[1619769920026,4689045519.481584],[1619773333629,4754469899.145571],[1619776844468,4725821186.996108],[1619780678684,4615032915.471463],[1619784170084,4492613856.729121],[1619788367444,4417649374.414668],[1619791944331,4905519855.134432],[1619795185427,5012573184.573227],[1619798505204,4275771389.259523],[1619802226831,4159212077.001416],[1619805613094,4076315242.3083577],[1619809427024,4887629775.776251],[1619812913641,5092637431.680555],[1619816460405,5176794855.177117],[1619820179641,5272470722.115109],[1619823819098,5601725084.848709]]}