{"stats":[[1619654454636,0.32265643251295395],[1619658332577,0.31552431361544575],[1619661799702,0.3169183484957903],[1619665379855,0.31872131929926223],[1619668999427,0.3208327434562058],[1619672477705,0.31427654060241306],[1619676117330,0.3143981630212247],[1619679854607,0.3129784099703543],[1619683471335,0.3110063896194966],[1619687046792,0.31017544792420204],[1619690585334,0.31247006002810396],[1619694325710,0.30795881355144894],[1619697759069,0.3075326762253227],[1619701490758,0.3104999482568164],[1619704809751,0.306790579523627],[1619708590723,0.30706498812222643],[1619712180973,0.31182949659003045],[1619715946718,0.305832472469915],[1619719330172,0.3035263568767094],[1619722923312,0.30282718671391956],[1619726525216,0.3053544720770957],[1619730031715,0.30359871149166506],[1619733681779,0.30850703151868963],[1619737245438,0.3072359358341528]],"total_volumes":[[1619654454636,15310415976.014814],[1619658332577,15380867668.364887],[1619661799702,15518949395.881273],[1619665379855,15747281976.092058],[1619668999427,15892101755.16095],[1619672477705,15849695037.272167],[1619676117330,15886441373.829628],[1619679854607,13880743540.366508],[1619683471335,12888284741.198845],[1619687046792,12375667336.918009],[1619690585334,10882194377.820395],[1619694325710,9258847209.790846],[1619697759069,8642022757.044888],[1619701490758,8159574152.496407],[1619704809751,7693461942.206197],[1619708590723,7056688564.476522],[1619712180973,6969646396.422909],[1619715946718,7500347531.936886],[1619719330172,6651609651.758644],[1619722923312,6604627177.372405],[1619726525216,6543144008.1584835],[1619730031715,6370064607.365917],[1619733681779,6244243941.104357],[1619737245438,6842691782.234454]]}