{"stats":[[1614384529443,0.050484089383623],[1614387919181,0.05148656077989567],[1614391505297,0.051253096091906876],[1614394813703,0.05075439161853132],[1614398710738,0.05155364250151743],[1614402044026,0.0515137999124428],[1614406147770,0.05123636593621237],[1614409528943,0.050740477654904],[1614413315480,0.05103857288131855],[1614416955135,0.05038426683226333],[1614420303076,0.050359177178870604],[1614423943721,0.050555566388114155],[1614427677966,0.05048326768251014],[1614431350459,0.050680843041443574],[1614434637293,0.05078081732302881],[1614438565514,0.050863694924474845],[1614442303760,0.05006654699093015],[1614445679337,0.05051740803095212],[1614449013795,0.050683505535707496],[1614452532031,0.050647426929490216],[1614456291286,0.05090312464025279],[1614460064777,0.05066746387452145],[1614463715779,0.050587896815360946],[1614467105655,0.050288212606330374]],"total_volumes":[[1614384529443,1844888474.4750957],[1614387919181,1795923361.6575022],[1614391505297,1758519411.3127627],[1614394813703,1713024734.5690734],[1614398710738,1747446845.937154],[1614402044026,1745342402.6626217],[1614406147770,1714560932.7616026],[1614409528943,1682970767.47222],[1614413315480,1660217434.297578],[1614416955135,1624713688.9216063],[1614420303076,1620837765.6325128],[1614423943721,1624753384.4471674],[1614427677966,1609583471.2581406],[1614431350459,1615541850.4015934],[1614434637293,1622568230.7114635],[1614438565514,1639305750.06852],[1614442303760,1622744830.7571197],[1614445679337,1628435836.3187153],[1614449013795,1611733556.3124046],[1614452532031,1584475856.600831],[1614456291286,1567460399.23762],[1614460064777,1529378941.2506561],[1614463715779,1506867344.0758035],[1614467105655,1449913358.9915411]]}