{"stats":[[1613434277983,0.05647024650600864],[1613439102874,0.05803601789392939],[1613441040261,0.0581103692502188],[1613444602130,0.05921254871679207],[1613448172836,0.058977174397211465],[1613452073796,0.05915645172086884],[1613455626934,0.05791537551366367],[1613459495334,0.05850340976867643],[1613462618092,0.058937670982734204],[1613466677580,0.058918264872546235],[1613469804408,0.058897209504407126],[1613473530084,0.05857345373988782],[1613477625754,0.05716003801548662],[1613482421973,0.05724104156910053],[1613484223536,0.05623378427158643],[1613488130636,0.05602638043195794],[1613491713389,0.0555043350369056],[1613495461199,0.055991725371092704],[1613498521636,0.05497719949505354],[1613502177344,0.054186391591327834],[1613506022001,0.0518024975070843],[1613509300140,0.05302788708422581],[1613512962432,0.05330357355034546],[1613517192117,0.05432873341867427]],"total_volumes":[[1613434277983,3980198335.6180234],[1613439102874,3992245527.8889728],[1613441040261,3941501418.9624014],[1613444602130,3767638577.115291],[1613448172836,3679212237.244246],[1613452073796,3553997622.1580315],[1613455626934,3418407644.1065774],[1613459495334,3384307084.5103683],[1613462618092,3344243765.4671755],[1613466677580,3285059259.383725],[1613469804408,3238408345.647109],[1613473530084,3135936942.312292],[1613477625754,3006793363.982325],[1613482421973,2965337984.668001],[1613484223536,2909937931.9418664],[1613488130636,2735449575.781987],[1613491713389,2622898455.612219],[1613495461199,2670067175.1892056],[1613498521636,2604750616.2798233],[1613502177344,2631458119.6105313],[1613506022001,2620300512.802107],[1613509300140,2734665166.589463],[1613512962432,2748899297.9751043],[1613517192117,2750769759.9916863]]}