{"stats":[[1619222797113,0.25161451328816914],[1619226349790,0.2351240661006517],[1619229838022,0.23922355542860096],[1619233337713,0.2404481047726421],[1619237068427,0.24238288478449765],[1619240667880,0.24553523403350627],[1619244146722,0.2534921522841594],[1619247776730,0.2795774441794568],[1619251390489,0.27637949534999634],[1619255091479,0.28416793203683316],[1619258561609,0.279819024537261],[1619262172508,0.26466769954464464],[1619265749487,0.259747597398878],[1619269686388,0.2728033163903173],[1619272953745,0.27177619140494935],[1619276722007,0.26578922751949285],[1619280036906,0.27492825727957854],[1619283836877,0.27044150455027716],[1619287404595,0.2731412335139332],[1619291036714,0.27435749342941684],[1619294646097,0.27909263511322263],[1619298362284,0.27942576928741064],[1619301795630,0.2729875032346502],[1619305365165,0.2728450451724743]],"total_volumes":[[1619222797113,17436018363.016518],[1619226349790,16574158309.804203],[1619229838022,16238438283.554436],[1619233337713,13928058246.03921],[1619237068427,13069625635.242012],[1619240667880,12764756269.69677],[1619244146722,12294735087.779976],[1619247776730,13474317306.996113],[1619251390489,13572153090.585188],[1619255091479,13590365775.526136],[1619258561609,11827706195.922354],[1619262172508,12232833154.695269],[1619265749487,12331066738.366516],[1619269686388,12845425166.703024],[1619272953745,12676271700.459015],[1619276722007,11541235918.356724],[1619280036906,12604971207.07227],[1619283836877,11473773148.419817],[1619287404595,12386445496.163906],[1619291036714,12361331936.504187],[1619294646097,12541279453.098017],[1619298362284,12378231946.77059],[1619301795630,12115077331.4671],[1619305365165,12065857817.724371]]}