{"stats":[[1609461134327,0.0046532854334959154],[1609464861360,0.004732509685723667],[1609467579585,0.00473243419171013],[1609470488102,0.004756765921905287],[1609473860297,0.004929021426190432],[1609478830485,0.004889356950756446],[1609482562763,0.004886104690399564],[1609486001983,0.004840123992667357],[1609489878386,0.004814582123122914],[1609492744205,0.004896182313344842],[1609497266383,0.004829541055190857],[1609500794193,0.004897548549659949],[1609504473485,0.004959739658423981],[1609508034128,0.004962215769767449],[1609509854855,0.004952813608747134],[1609514406696,0.0049661662840278075],[1609517486326,0.0049298085491945],[1609520788835,0.004983714053639423],[1609525667487,0.005047607634513283],[1609529244936,0.005075616522856147],[1609533280692,0.005325675201943038],[1609536153502,0.005243078332633556],[1609538662369,0.005361067900492921],[1609542221684,0.005477295917626914]],"total_volumes":[[1609461134327,125931232.82118016],[1609464861360,125620788.48010127],[1609467579585,120294400.44318104],[1609470488102,117695286.35096559],[1609473860297,125960877.19243538],[1609478830485,133725927.74990723],[1609482562763,134387940.40835276],[1609486001983,131398081.12093532],[1609489878386,130402280.0450299],[1609492744205,133417208.80494344],[1609497266383,132228814.31089965],[1609500794193,135825127.85576582],[1609504473485,140209849.3339255],[1609508034128,140123354.48171514],[1609509854855,139478242.9330662],[1609514406696,138453999.9463818],[1609517486326,139066468.7603233],[1609520788835,141017553.04802284],[1609525667487,151475703.32093397],[1609529244936,158807864.52876934],[1609533280692,183969190.94476008],[1609536153502,202829880.09959885],[1609538662369,217769184.26044345],[1609542221684,232562943.56600672]]}