{"stats":[[1611533935044,0.008663317860702444],[1611536870984,0.008673170896956987],[1611540754184,0.008721826957140834],[1611544406040,0.00873776346178743],[1611547455941,0.00880591112187943],[1611551614943,0.008785640843255844],[1611554892103,0.008757386343485971],[1611558553505,0.008789642034896345],[1611562069796,0.008763387345140806],[1611566042338,0.008750296840374734],[1611570644837,0.008648712838900287],[1611573914521,0.00866036386505189],[1611577130611,0.008634439062605479],[1611579889973,0.008774486913773276],[1611583718240,0.008736256991242336],[1611588321582,0.008624023538965372],[1611590675203,0.008626155092010637],[1611594303094,0.008530866247265992],[1611597858306,0.00855313501727671],[1611602395122,0.008499637100833023],[1611606208588,0.008477597315980084],[1611609289354,0.00845408573531732],[1611612099725,0.008384623869549572],[1611617083302,0.008379983835946661]],"total_volumes":[[1611533935044,253670509.11342493],[1611536870984,252502029.90049654],[1611540754184,255446743.600047],[1611544406040,256033573.20832342],[1611547455941,259241716.78020072],[1611551614943,257592701.5479537],[1611554892103,255736337.20080978],[1611558553505,256017422.85502568],[1611562069796,256726911.26271453],[1611566042338,258045461.96015263],[1611570644837,259013550.77517632],[1611573914521,262267467.84487417],[1611577130611,256333496.74884793],[1611579889973,262011124.13586786],[1611583718240,264220210.5245777],[1611588321582,262030273.66367945],[1611590675203,256476552.862423],[1611594303094,253568052.22214204],[1611597858306,252215992.15353],[1611602395122,247422692.71688068],[1611606208588,239734398.32057485],[1611609289354,237120151.321582],[1611612099725,234999725.7297598],[1611617083302,236288365.99883008]]}