{"stats":[[1619568364896,0.2718063258028432],[1619571973686,0.2718677730316852],[1619575464079,0.27029892970773434],[1619578994836,0.26976078377413254],[1619582693510,0.2675489399369873],[1619586098421,0.26799069980552154],[1619589626801,0.263701764291615],[1619593349529,0.2974355618475895],[1619596893615,0.289582210276687],[1619600584153,0.3024328011261046],[1619604242916,0.3254814720732478],[1619607931205,0.3267292059544862],[1619611407726,0.31828533253174746],[1619615243672,0.32004094364831925],[1619618518757,0.31092156621706235],[1619622254915,0.30219017998563513],[1619625648038,0.30647148603696944],[1619629346136,0.3075947829166819],[1619632910395,0.31026882357936525],[1619636602604,0.3060842089905603],[1619640179127,0.3104306790661969],[1619643831261,0.3059667551208663],[1619647460165,0.3107130984383],[1619650838801,0.31912124622918014]],"total_volumes":[[1619568364896,4306013552.478451],[1619571973686,4235481649.8867893],[1619575464079,4187345703.833053],[1619578994836,4155884679.271674],[1619582693510,3801180936.7313614],[1619586098421,4154279475.639544],[1619589626801,3795356223.8499846],[1619593349529,6060139086.494991],[1619596893615,6997773442.337415],[1619600584153,7832554252.5591135],[1619604242916,10471988926.69229],[1619607931205,11599249415.907602],[1619611407726,12313060221.117855],[1619615243672,12185821788.34756],[1619618518757,12386797750.54394],[1619622254915,12662850302.524858],[1619625648038,13873452249.209776],[1619629346136,13462397400.017294],[1619632910395,13850759808.06749],[1619636602604,13853552023.152668],[1619640179127,14017888698.595678],[1619643831261,14078945622.166386],[1619647460165,14435469301.169214],[1619650838801,15755966289.427742]]}