{"stats":[[1613779379115,0.05549877783784476],[1613783588231,0.05485531265768783],[1613788647148,0.054440207094014065],[1613791490876,0.05458871086466315],[1613794004595,0.05520630572013558],[1613797532668,0.05482083789747946],[1613801079928,0.05461647579410219],[1613804600365,0.05494407087589254],[1613808125155,0.056308621557349545],[1613811779854,0.06050390278195728],[1613815459304,0.058252734997387055],[1613819018336,0.05731253473336644],[1613822684764,0.05702088598048177],[1613826277246,0.05729220852663858],[1613830258683,0.05721377635079466],[1613833483420,0.05633907713582769],[1613837245350,0.05498580303603331],[1613840969151,0.05618147290410121],[1613844069168,0.05657932751907459],[1613847772851,0.056520731776420856],[1613851454763,0.05538378685527162],[1613855014651,0.05638627224855904],[1613858619295,0.05657377531830788],[1613862181220,0.05425645820967821]],"total_volumes":[[1613779379115,3048336602.085827],[1613783588231,2951263232.8567247],[1613788647148,2849864496.0612874],[1613791490876,2812760170.1139517],[1613794004595,2788260101.722748],[1613797532668,2741099136.128747],[1613801079928,2689977324.4012194],[1613804600365,2650727055.5319033],[1613808125155,2706376397.0898533],[1613811779854,3022282485.374351],[1613815459304,3143137516.9562335],[1613819018336,3153527795.511899],[1613822684764,3137201438.6226387],[1613826277246,3170747889.947292],[1613830258683,3177997622.697275],[1613833483420,3159574765.5437756],[1613837245350,3121656597.897593],[1613840969151,3211845191.903242],[1613844069168,3244737624.6232033],[1613847772851,3262481891.213332],[1613851454763,3189983474.6621857],[1613855014651,3188889480.689739],[1613858619295,3248828372.5875454],[1613862181220,3220578473.711509]]}