{"stats":[[1617062688383,0.05489761687002298],[1617067093455,0.054626713056472945],[1617070782351,0.0545522282415295],[1617073311128,0.05463363908647917],[1617077671997,0.054804669731043955],[1617081441258,0.05485589278024082],[1617084262456,0.05486959772919585],[1617088418213,0.05513188313721144],[1617092738574,0.054839614510274956],[1617096286292,0.054864499354594636],[1617098623921,0.055288086095708316],[1617102123381,0.055450324418389825],[1617106221191,0.054055269005848935],[1617109382842,0.055421603000540214],[1617113011206,0.0550237262033826],[1617116656715,0.056092388568455796],[1617120752918,0.054831476507471805],[1617124575316,0.055220670192769744],[1617127689389,0.05494046608426893],[1617130836287,0.05491800798691739],[1617135047091,0.05472217846295786],[1617138617261,0.05471621895177942],[1617142147338,0.054820891695775295],[1617145800144,0.054734015922934316]],"total_volumes":[[1617062688383,933464547.9783945],[1617067093455,924202661.3075148],[1617070782351,923383367.9773858],[1617073311128,924572883.8973364],[1617077671997,957089049.435155],[1617081441258,959201498.0939944],[1617084262456,957647485.5833107],[1617088418213,967507602.0466114],[1617092738574,960036852.3711661],[1617096286292,945292482.1739426],[1617098623921,951086363.4091673],[1617102123381,957010887.7739059],[1617106221191,951969001.9143324],[1617109382842,987623518.996666],[1617113011206,980302949.4237739],[1617116656715,1084492689.2206423],[1617120752918,1101964576.6821992],[1617124575316,1125385924.2300425],[1617127689389,1138654705.3111267],[1617130836287,1146613948.9406202],[1617135047091,1149578325.0122287],[1617138617261,1155766936.3152773],[1617142147338,1152426433.5662708],[1617145800144,1148478342.476849]]}