{"stats":[[1611706839588,0.008209282666648507],[1611711136161,0.008142021899048885],[1611712851272,0.008134656511247217],[1611716711071,0.008136824718571911],[1611720453032,0.008104797726675366],[1611724616102,0.008074695974794007],[1611727554226,0.00803069007628372],[1611731920267,0.0080291393602811],[1611735479516,0.008055249584755852],[1611739621043,0.007916940736614933],[1611741174226,0.007892629315860065],[1611743070945,0.007907246770811496],[1611745407516,0.007944620680194704],[1611750273916,0.007798571564819769],[1611752541291,0.007855997308935471],[1611757127225,0.007568451179647601],[1611759673970,0.007310239119379368],[1611763472902,0.007698458315930218],[1611767086301,0.007612884512166908],[1611771118484,0.007525894715260987],[1611775141606,0.007530191141228222],[1611777768176,0.007472854960785226],[1611782210844,0.007568299710999906],[1611785858610,0.00753821738598191],[1611789383199,0.007423569825882869]],"total_volumes":[[1611706839588,209698125.3545777],[1611711136161,206769030.34974244],[1611712851272,205727868.01260075],[1611716711071,205381281.51499873],[1611720453032,201063937.40394565],[1611724616102,198012820.21497273],[1611727554226,197524775.70872882],[1611731920267,195485931.00837442],[1611735479516,193456072.00732782],[1611739621043,192232734.56290558],[1611741174226,192641445.6079009],[1611743070945,192399296.4820637],[1611745407516,193756047.90958136],[1611750273916,191613551.09180626],[1611752541291,192024828.65890017],[1611757127225,189766587.76603913],[1611759673970,190829174.34872162],[1611763472902,205914631.65033624],[1611767086301,205051726.381946],[1611771118484,207855346.76265755],[1611775141606,212016729.3425221],[1611777768176,213312009.2653921],[1611782210844,218499461.7963289],[1611785858610,219859553.14489836],[1611789383199,217648256.40606105]]}