{"stats":[[1613865931808,0.05507857626935028],[1613869585523,0.05593801748854515],[1613872907134,0.05612066712622814],[1613876898548,0.05631369122774407],[1613880193131,0.05622669849648712],[1613883944702,0.05623039715580416],[1613887408219,0.05518896530600149],[1613891014636,0.056060783385147514],[1613894673556,0.055588377361247505],[1613898404044,0.05551748942245881],[1613901728543,0.054696720440453296],[1613905891996,0.05527884191055763],[1613909328387,0.05551410167509244],[1613912711589,0.054329660356461786],[1613916387679,0.055678674810827486],[1613919919198,0.05602709649636865],[1613923240585,0.055550261631420364],[1613927290127,0.05554956846668147],[1613930542101,0.05542525783595341],[1613934249620,0.054730966093706805],[1613937864958,0.05513777453107269],[1613941360535,0.0548609281129958],[1613945181636,0.056464031902033925],[1613948838492,0.05751837533711561]],"total_volumes":[[1613865931808,3340910911.3321924],[1613869585523,3364812196.676237],[1613872907134,3366558986.8832774],[1613876898548,3371502258.993066],[1613880193131,3364884392.3565636],[1613883944702,3358842357.1476274],[1613887408219,3301504827.966823],[1613891014636,3344916214.047756],[1613894673556,3285529964.9103975],[1613898404044,3133356190.067792],[1613901728543,2846945985.635056],[1613905891996,2794327814.195327],[1613909328387,2791362734.7622056],[1613912711589,2696922674.866941],[1613916387679,2754695439.2860193],[1613919919198,2719244059.122183],[1613923240585,2599148438.5955987],[1613927290127,2544382674.039076],[1613930542101,2509368161.2197976],[1613934249620,2442912584.991959],[1613937864958,2458469338.711063],[1613941360535,2399179494.595905],[1613945181636,2635103203.3259373],[1613948838492,2758151974.0416026]]}