{"stats":[[1617840254592,0.058961028299255425],[1617843904286,0.06000467098753312],[1617847442774,0.060037294335452095],[1617849686467,0.060267559779240774],[1617852112249,0.06023084050810923],[1617854426023,0.060544416746930854],[1617858045510,0.06116468502188654],[1617861655245,0.06120372875583461],[1617865477398,0.06107311246343361],[1617868901022,0.060907195462132864],[1617872573634,0.06070818031635222],[1617876218068,0.06073029127661657],[1617879885553,0.06056532115521116],[1617883645202,0.0604656879884672],[1617887234979,0.06113780509314529],[1617890470447,0.06114509792250023],[1617894180104,0.061134560495273035],[1617897788647,0.06150326919098272],[1617901344759,0.061146592508589476],[1617905162904,0.06095936419962763],[1617908646460,0.06111436767547711],[1617912158800,0.060742032455151605],[1617916014662,0.06080248273438026],[1617919471808,0.061214752611166684],[1617923042247,0.0612109434057104]],"total_volumes":[[1617840254592,2977233569.2485094],[1617843904286,2604104607.337745],[1617847442774,2519945915.5009446],[1617849686467,2430784254.229802],[1617852112249,2373617056.860201],[1617854426023,2348507773.533627],[1617858045510,2316300947.901304],[1617861655245,2300678341.562077],[1617865477398,2233446983.1336274],[1617868901022,2222712601.6196294],[1617872573634,2124020446.8352027],[1617876218068,2036706768.274623],[1617879885553,1930421838.3952718],[1617883645202,1798295381.7414696],[1617887234979,1710548143.8727477],[1617890470447,1600053595.53596],[1617894180104,1516250625.3284862],[1617897788647,1461029106.8383622],[1617901344759,1392817097.2711723],[1617905162904,1351783838.9936635],[1617908646460,1324958723.299656],[1617912158800,1263668795.4664333],[1617916014662,1231749435.1217093],[1617919471808,1228652150.5015752],[1617923042247,1256835271.5371811]]}