{"stats":[[1617580841788,0.05789756018165116],[1617586332750,0.057291598399988396],[1617589959318,0.057294192084191994],[1617591874341,0.057916159077160856],[1617595508219,0.05821235873321895],[1617599117172,0.05826349267520736],[1617602736772,0.057292935692304606],[1617606074490,0.05713299745040714],[1617609870372,0.05733111034079496],[1617613625559,0.05741755254136971],[1617616965696,0.05799193705496599],[1617620881208,0.058510991236608696],[1617624266357,0.058383255239792216],[1617627671914,0.058140319458370754],[1617631357874,0.05783940085081748],[1617634910658,0.05841269507031093],[1617638725134,0.058458415487589746],[1617642174280,0.05811210561173748],[1617645627385,0.05824685362443382],[1617649284126,0.05830699756335187],[1617652978656,0.058658374378012614],[1617656736990,0.05874747446486905],[1617660436800,0.05868945764203027],[1617663966696,0.060082643795967526]],"total_volumes":[[1617580841788,1303803800.1718612],[1617586332750,1227262855.9848633],[1617589959318,1237265292.6028914],[1617591874341,1261226008.4750447],[1617595508219,1305465119.7738159],[1617599117172,1407926681.5595012],[1617602736772,1423597283.7505655],[1617606074490,1440246076.1704445],[1617609870372,1468159287.5699754],[1617613625559,1474828131.4614937],[1617616965696,1498829326.1734514],[1617620881208,1533396437.527736],[1617624266357,1550943983.583091],[1617627671914,1514081214.2256715],[1617631357874,1485175122.6718144],[1617634910658,1504618129.2881634],[1617638725134,1517466049.4610972],[1617642174280,1533408332.2532563],[1617645627385,1521569290.0941243],[1617649284126,1525361480.5196033],[1617652978656,1537809436.3826299],[1617656736990,1586994459.6842597],[1617660436800,1611585997.9764662],[1617663966696,1732543706.321767]]}