{"stats":[[1613088228953,0.06975470115587286],[1613092934327,0.06837970002730964],[1613095698254,0.06684893437119811],[1613099094585,0.06601909373111076],[1613102585450,0.06280509391700906],[1613106091596,0.06505290358209423],[1613109623430,0.06691366266790248],[1613113548450,0.06692413046266608],[1613117116010,0.06460673427646123],[1613121011998,0.06608020895975301],[1613124573916,0.06730397121092946],[1613128195430,0.06697238654589106],[1613131818348,0.06718165708590154],[1613134818612,0.066712227619686],[1613138521960,0.06745846773463375],[1613142756043,0.06793905957747498],[1613145920534,0.06716753799153799],[1613149455282,0.06834193342287326],[1613153022518,0.06756377088375207],[1613156546979,0.06725424164998813],[1613160408695,0.06819271536612541],[1613164398710,0.0703958377837225],[1613167341039,0.07022797290162917],[1613171177754,0.07027862367861672]],"total_volumes":[[1613088228953,3377206172.403933],[1613092934327,3284007672.3609533],[1613095698254,3267630211.407666],[1613099094585,3375917850.176611],[1613102585450,3419170231.4291706],[1613106091596,3681730293.644709],[1613109623430,3828532518.477807],[1613113548450,3863753788.0989957],[1613117116010,3794875080.417084],[1613121011998,3866128343.114717],[1613124573916,3800487381.059271],[1613128195430,3754786856.9865236],[1613131818348,3779082961.125708],[1613134818612,3748314832.0747013],[1613138521960,3709987737.600976],[1613142756043,3740222395.1974735],[1613145920534,3620351246.5285397],[1613149455282,3574305882.236133],[1613153022518,3467135345.114797],[1613156546979,3393645657.19552],[1613160408695,3299926612.287093],[1613164398710,3510251177.673498],[1613167341039,3587770402.6244464],[1613171177754,3604755373.253592]]}