{"stats":[[1613952465170,0.056393451055800466],[1613957350453,0.05617358610100065],[1613959425063,0.057006763795989006],[1613963041268,0.05716391132920478],[1613966553652,0.0572070547066939],[1613970443375,0.05823515997488032],[1613974044456,0.05701855120203828],[1613977436234,0.05749511732822036],[1613981062614,0.05841810025652944],[1613984626907,0.05848772489720772],[1613988022822,0.057348090557386475],[1613992681774,0.05626707713703409],[1613995521099,0.0561545988230794],[1613999255862,0.05460634799939659],[1614003041640,0.053672769836372175],[1614006395901,0.0541888833340472],[1614010134304,0.05315829841782211],[1614013459265,0.0535570181659529],[1614017184860,0.052302724013500515],[1614020885939,0.05321924458963362],[1614024018390,0.0534243948807506],[1614027938511,0.05392887105491125],[1614031462328,0.054511389928678385],[1614035189436,0.05384164488123394]],"total_volumes":[[1613952465170,2712612291.131445],[1613957350453,2693319335.5098495],[1613959425063,2736196846.2469387],[1613963041268,2778452591.7233124],[1613966553652,2901479536.992454],[1613970443375,3012659011.6311493],[1613974044456,3024670810.938893],[1613977436234,3105557849.062686],[1613981062614,3162726606.924763],[1613984626907,3230963324.655102],[1613988022822,3386712118.617832],[1613992681774,3486699152.491113],[1613995521099,3536055158.8607793],[1613999255862,3565328822.6163073],[1614003041640,3527263134.901166],[1614006395901,3781568164.336822],[1614010134304,3816766226.255284],[1614013459265,3844625972.1249833],[1614017184860,3801426251.160865],[1614020885939,3906958316.3472652],[1614024018390,3932356303.239625],[1614027938511,3977987103.6505976],[1614031462328,3737096056.333014],[1614035189436,3488833202.705667]]}