{"stats":[[1612915314259,0.06997689027808386],[1612918852426,0.07124817798165184],[1612923011942,0.0708293969586083],[1612926291811,0.06974747636549594],[1612930169156,0.07032457950886872],[1612933471026,0.06995200231349616],[1612937106571,0.07328929645645285],[1612940578211,0.07530020125607308],[1612944223584,0.07512852971568516],[1612947759678,0.07410746010758915],[1612951600938,0.07185394169852308],[1612955124327,0.0721836651048204],[1612958649959,0.07300651953935935],[1612964109933,0.06985525087286729],[1612966041321,0.07101191409875882],[1612969651060,0.06931401724077807],[1612973077567,0.07433047789796995],[1612976866593,0.07599729444890592],[1612980201960,0.07437349402634952],[1612984297845,0.07248400561344147],[1612987437633,0.07411993172930709],[1612991393074,0.0729619279871844],[1612994666585,0.07322907214525075],[1612998876198,0.07348083760235187]],"total_volumes":[[1612915314259,6181134722.819423],[1612918852426,6149460568.104976],[1612923011942,6063904554.023304],[1612926291811,5992078387.738752],[1612930169156,5874653395.835857],[1612933471026,5796620032.590277],[1612937106571,6187516306.613001],[1612940578211,6439060139.918021],[1612944223584,6525817190.910892],[1612947759678,6455034478.034749],[1612951600938,6324660166.74656],[1612955124327,6313692338.611623],[1612958649959,6331537058.1847515],[1612964109933,6283638286.379528],[1612966041321,6349940157.035511],[1612969651060,6238157918.498462],[1612973077567,7144030343.18188],[1612976866593,6914121361.367642],[1612980201960,6749056126.029023],[1612984297845,6528475495.465236],[1612987437633,6533793042.98002],[1612991393074,6404386782.221411],[1612994666585,6428603986.005034],[1612998876198,6382085841.73414]]}