{"stats":[[1617753736140,0.06463255671171673],[1617757401506,0.0638114246226778],[1617760963200,0.06472614821062932],[1617764735813,0.06588093404821167],[1617768031911,0.0662186411354585],[1617771995206,0.0649584701999659],[1617775592864,0.0649740770436415],[1617778877053,0.06251591569692788],[1617782803652,0.06135002850162757],[1617786263758,0.060858936210534446],[1617789699141,0.0600955198113563],[1617793476065,0.059610012428122285],[1617797036809,0.05876930978547103],[1617800780931,0.05945784329000933],[1617804388037,0.059855384834766184],[1617807847264,0.059941604062968425],[1617811289081,0.05880686968302855],[1617815130558,0.05946112533804989],[1617818836411,0.05865136757053678],[1617822215573,0.059219635466766625],[1617825698002,0.0590806319055406],[1617829320040,0.059474156450137504],[1617833049337,0.05959634405839395],[1617836629049,0.05995329389754632]],"total_volumes":[[1617753736140,2979685710.637315],[1617757401506,3159375719.413107],[1617760963200,3256911219.7616878],[1617764735813,3418818343.810374],[1617768031911,3518152858.8454833],[1617771995206,3562885893.551764],[1617775592864,3612692822.620707],[1617778877053,3569262416.0090585],[1617782803652,3622935340.4824634],[1617786263758,3642443898.573033],[1617789699141,3681345423.994076],[1617793476065,3652951199.9223523],[1617797036809,3700203812.827279],[1617800780931,3807699698.5830994],[1617804388037,3724306853.647172],[1617807847264,3500891006.142595],[1617811289081,3416079370.10606],[1617815130558,3397017549.7531395],[1617818836411,3331437819.440798],[1617822215573,3321506048.2084064],[1617825698002,3259941507.763151],[1617829320040,3244628566.3225975],[1617833049337,3204976001.0730047],[1617836629049,3110868458.0241003]]}