{"stats":[[1617408104054,0.05786700851554392],[1617411727441,0.05813467045760426],[1617416351785,0.05931813849726376],[1617419154013,0.059331227361831815],[1617424062743,0.05860234823715598],[1617426108783,0.05905078410695985],[1617430607827,0.05949560712417073],[1617433359786,0.05912712427040159],[1617436903529,0.05879630410195872],[1617441229246,0.058758496566255834],[1617444269311,0.05875479993578104],[1617448408086,0.058787484522987175],[1617452134212,0.058530278181885054],[1617455068490,0.058984387093409196],[1617458514299,0.0588412389336579],[1617462689547,0.05900914748001203],[1617466054335,0.058416335323289326],[1617469856229,0.058135504671644966],[1617473079275,0.05753421959779791],[1617476596250,0.057731170766064314],[1617480487614,0.05780131226418093],[1617484129108,0.057158319686025846],[1617487480017,0.057088616002814584],[1617490914282,0.05710992101690123]],"total_volumes":[[1617408104054,2448301264.82805],[1617411727441,2308545998.5884376],[1617416351785,2313332243.6315575],[1617419154013,2286891975.0489736],[1617424062743,2206314799.691162],[1617426108783,2211963610.309655],[1617430607827,2211251681.0949087],[1617433359786,2195933078.824403],[1617436903529,2165569489.2091765],[1617441229246,2152836858.36776],[1617444269311,2100768442.3004482],[1617448408086,1905173228.2705574],[1617452134212,1783687675.5190666],[1617455068490,1746885934.1762402],[1617458514299,1679776205.117361],[1617462689547,1589705775.7836044],[1617466054335,1554553658.4658341],[1617469856229,1502539197.4837155],[1617473079275,1493908136.654968],[1617476596250,1536008865.5485384],[1617480487614,1513295775.5136528],[1617484129108,1485828958.0545754],[1617487480017,1485308630.0134623],[1617490914282,1496249596.418089]]}