{"stats":[[1619136178954,0.2637853890041776],[1619139789499,0.2609787912779077],[1619143483724,0.23150103892642326],[1619146993712,0.21239315298710937],[1619150600128,0.2115722116999052],[1619154270305,0.2060325325902604],[1619157728669,0.21017351441055837],[1619161530312,0.20745453024651306],[1619165180104,0.2106877629959779],[1619168557583,0.23377372188813944],[1619172426512,0.23756217381563946],[1619175815683,0.24293724549386447],[1619179585625,0.24292007006455443],[1619183258075,0.22502125092593847],[1619186630900,0.22108449319026596],[1619190293945,0.23157691926433008],[1619193724430,0.23492218793249806],[1619197367841,0.2349238941062708],[1619201096169,0.23476721723789248],[1619204652909,0.23363661361364668],[1619208164134,0.2366133660206755],[1619211883243,0.2399256697574145],[1619215421335,0.2394916433258706],[1619219160984,0.24160398707129938]],"total_volumes":[[1619136178954,12372638669.786901],[1619139789499,12296110049.954027],[1619143483724,12228162689.61768],[1619146993712,13064302203.627153],[1619150600128,14495308300.7426],[1619154270305,14159556742.871603],[1619157728669,15119158623.664194],[1619161530312,15314075354.75247],[1619165180104,15868001343.529547],[1619168557583,17137526143.43282],[1619172426512,18018749649.7587],[1619175815683,17559408945.854305],[1619179585625,18554146836.51028],[1619183258075,17734585466.89466],[1619186630900,17039524867.166042],[1619190293945,17957518948.57689],[1619193724430,17901797381.185047],[1619197367841,17007508430.799307],[1619201096169,16554047134.413206],[1619204652909,16382124310.044558],[1619208164134,17253982977.06966],[1619211883243,17288058656.7098],[1619215421335,17059113343.143469],[1619219160984,15954031638.962997]]}