{"stats":[[1609718797148,0.00982926362783302],[1609722322654,0.01002238659079932],[1609725845991,0.010417734031031106],[1609729326054,0.010898123435914796],[1609734222189,0.01113678449223683],[1609736968598,0.010785762424297544],[1609740292379,0.010303334428604505],[1609744328613,0.009997679533983497],[1609748376885,0.009738377542670764],[1609751039756,0.009671120035795785],[1609754707453,0.0085290478123998],[1609759352142,0.0084349985998589],[1609762814866,0.008715669015111047],[1609766053960,0.009052548382023372],[1609769732700,0.008989691145417885],[1609773199197,0.009175208796171171],[1609776695145,0.009853116186266492],[1609780440676,0.009918201591694415],[1609784206784,0.009323277788298749],[1609787518777,0.009611293362929844],[1609790815631,0.009653351941972725],[1609794309969,0.009586277717154224],[1609798947643,0.009631075997614511],[1609801516434,0.009583649132056631]],"total_volumes":[[1609718797148,2258366618.3353443],[1609722322654,2246230852.9124565],[1609725845991,2282403126.3304925],[1609729326054,2331845095.1645265],[1609734222189,2339720717.5953045],[1609736968598,2246088106.519516],[1609740292379,2107709587.4587054],[1609744328613,1983437320.4216137],[1609748376885,1902255773.2892764],[1609751039756,1862448800.8570786],[1609754707453,1688657576.6236515],[1609759352142,1702107396.1048388],[1609762814866,1658114593.218083],[1609766053960,1642994631.840191],[1609769732700,1608255829.314026],[1609773199197,1576315913.2600121],[1609776695145,1662325584.6872306],[1609780440676,1628613291.0932975],[1609784206784,1481056796.8687851],[1609787518777,1477803167.0043077],[1609790815631,1443414055.7318873],[1609794309969,1349880043.359905],[1609798947643,1299207414.874473],[1609801516434,1271429889.3710206]]}