{"stats":[[1619049754262,0.3084141062462904],[1619053282513,0.30293763315672145],[1619057015385,0.3043879160205959],[1619060677902,0.29673053772875047],[1619065976315,0.28395458315665456],[1619067681233,0.28270228495558],[1619071286390,0.2837343508160686],[1619075191513,0.28444158872739966],[1619078614383,0.28022817431286373],[1619082158581,0.2625776870965095],[1619085681804,0.2664802339548887],[1619089537686,0.2694675211603146],[1619092996370,0.26375975676400554],[1619096983677,0.2842796973520129],[1619100253028,0.2784977134237061],[1619103830979,0.29006731769233574],[1619107424047,0.29018977031079723],[1619111136169,0.2920472348065648],[1619114663589,0.2979268056010117],[1619118349596,0.2873884546329632],[1619121922226,0.27754231539768126],[1619125424556,0.2669006992557285],[1619129132970,0.269053247272055],[1619132516426,0.2624455635615951]],"total_volumes":[[1619049754262,11245621590.878643],[1619053282513,11422128132.587406],[1619057015385,11784143218.260649],[1619060677902,11500109076.091795],[1619065976315,11556518605.066626],[1619067681233,10973345670.121595],[1619071286390,11238892234.601261],[1619075191513,11038841762.589277],[1619078614383,10325035907.285595],[1619082158581,10470010517.90899],[1619085681804,10400433464.110027],[1619089537686,10759647309.860666],[1619092996370,10610023869.077757],[1619096983677,11151288339.268013],[1619100253028,11613423380.570408],[1619103830979,12156967328.688694],[1619107424047,11628603638.940615],[1619111136169,11600371209.690844],[1619114663589,12638539412.94834],[1619118349596,12666048556.251602],[1619121922226,12653951016.913242],[1619125424556,12502922661.001541],[1619129132970,11961864428.178162],[1619132516426,12244762987.335632]]}