{"stats":[[1612137829346,0.03798879183692234],[1612142383672,0.0371371249455239],[1612145275251,0.038664579210803574],[1612148537158,0.03719147048598901],[1612152518853,0.037439910159559824],[1612156455271,0.04042275631695884],[1612159898807,0.040997212520228817],[1612163832049,0.03926531621526664],[1612166916427,0.038824622283619256],[1612170777590,0.03827282436460144],[1612173859684,0.03942460137568699],[1612177682475,0.038934908298337095],[1612180926258,0.03955907473687807],[1612186416254,0.04178719915436378],[1612188418484,0.039350930385316105],[1612192300331,0.03993379115342393],[1612195588179,0.03987624065251002],[1612199355547,0.04007075726712541],[1612202714752,0.03920922419584907],[1612206099617,0.03600801055039179],[1612209733253,0.0369934441541265],[1612213818168,0.036982379910365515],[1612217039348,0.03663078113334209],[1612220641085,0.03433622776659891]],"total_volumes":[[1612137829346,7755101291.8493595],[1612142383672,7666749366.042337],[1612145275251,7935897768.749128],[1612148537158,7660787753.476543],[1612152518853,7658573971.397074],[1612156455271,8259962968.126982],[1612159898807,8476354690.646489],[1612163832049,8406991533.445612],[1612166916427,8385799337.641495],[1612170777590,8409215278.474385],[1612173859684,8574410749.95018],[1612177682475,8590531051.830276],[1612180926258,8775421866.148125],[1612186416254,9025068825.58207],[1612188418484,8709364640.811857],[1612192300331,8881386558.207693],[1612195588179,8858735624.584017],[1612199355547,8704353462.974554],[1612202714752,8436589217.722936],[1612206099617,7366936677.4702635],[1612209733253,6543467825.459626],[1612213818168,5749458394.120921],[1612217039348,5449475445.87169],[1612220641085,4792593550.760937]]}