{"stats":[[1611620394278,0.008414289999970775],[1611625109130,0.008380728879958494],[1611628751215,0.00838818607023781],[1611632698160,0.008255803148509816],[1611634274027,0.008300430732397673],[1611637588644,0.008349548394828366],[1611641634886,0.008284845877680006],[1611645215633,0.008260120093469353],[1611648599602,0.008293545831809296],[1611652096568,0.008282833965448173],[1611656062149,0.008269109307314632],[1611659393945,0.008347080990413352],[1611662984573,0.008337218109764441],[1611666139220,0.008157569907708107],[1611670577656,0.008127550951482584],[1611673659190,0.008080242877091151],[1611677917389,0.008235945243288028],[1611680892050,0.00830904667049367],[1611684323051,0.008280308587664228],[1611687765253,0.00825598271019664],[1611692263033,0.008313861786327448],[1611695120432,0.008236750491455083],[1611699510749,0.008170108837402821],[1611702309223,0.008202065618254364]],"total_volumes":[[1611620394278,236831778.09290454],[1611625109130,234858052.678369],[1611628751215,232511881.14223176],[1611632698160,226641332.8687673],[1611634274027,230397330.11134917],[1611637588644,231821056.95045924],[1611641634886,231551885.11876076],[1611645215633,231254885.3906284],[1611648599602,231098851.97265986],[1611652096568,231350694.4750138],[1611656062149,228492114.11903736],[1611659393945,228915799.33988863],[1611662984573,226537196.81437436],[1611666139220,217936984.0418476],[1611670577656,215043000.2351508],[1611673659190,211085354.40404284],[1611677917389,218031791.68287972],[1611680892050,217741598.68844947],[1611684323051,216046331.17197448],[1611687765253,215607758.02241677],[1611692263033,216269425.0198664],[1611695120432,214467478.00829044],[1611699510749,212053809.47662488],[1611702309223,213257878.3086154]]}