{"stats":[[1615248237208,0.06168427419268369],[1615252952077,0.06054585609993039],[1615256021343,0.06001254844073731],[1615258888277,0.05929384985551539],[1615262492364,0.058948667884285245],[1615266528374,0.05946731790572547],[1615270062355,0.05921823153346892],[1615273444771,0.05768653635477547],[1615277306642,0.058361334661583615],[1615280850550,0.05910906196936057],[1615284460965,0.05826645844468434],[1615287801155,0.057166237205381484],[1615291410471,0.05723108170182186],[1615294971193,0.05624072170575164],[1615298837168,0.058341226926632905],[1615302197110,0.057798447250861515],[1615305701877,0.056887007603014954],[1615309241537,0.056728825287836744],[1615313193322,0.05649403389010521],[1615316445191,0.057030684317800846],[1615320058861,0.057607842831325],[1615323693075,0.05740050388581464],[1615327239399,0.05772783559972194],[1615331275980,0.05834896142224051]],"total_volumes":[[1615248237208,3627421088.7573156],[1615252952077,3773644647.1516285],[1615256021343,3692493135.5637784],[1615258888277,3632593996.4099035],[1615262492364,3543404496.529792],[1615266528374,3532521239.5530305],[1615270062355,3498153841.9961066],[1615273444771,3169742374.7313485],[1615277306642,3084142891.89325],[1615280850550,3060950873.840867],[1615284460965,2997438812.8153205],[1615287801155,2953364864.8592014],[1615291410471,2965585351.9579153],[1615294971193,2925745174.8839283],[1615298837168,2994684162.764666],[1615302197110,2928400313.01245],[1615305701877,2855948568.8702884],[1615309241537,2834825590.022227],[1615313193322,2822737160.4914193],[1615316445191,2824406725.1481123],[1615320058861,2838593728.4171166],[1615323693075,2787937611.984509],[1615327239399,2733004677.381923],[1615331275980,2673253760.89118]]}