{"stats":[[1610497702078,0.008009333225493026],[1610499880843,0.007844963232284704],[1610503484680,0.007943223624945796],[1610506945753,0.007952578086879665],[1610511976525,0.00798740764431443],[1610514298757,0.007903845845836515],[1610519387159,0.00804954150581709],[1610521746735,0.008048266220376228],[1610525970103,0.008270971855669287],[1610529708127,0.008271574159294541],[1610532967439,0.00821713746048388],[1610536459049,0.008192762744029879],[1610540688673,0.008130867983736524],[1610543317705,0.008168870798969252],[1610548016261,0.00821979940470841],[1610550580324,0.008111993355097527],[1610554715199,0.00814231922027419],[1610557214810,0.00814425749474768],[1610562386436,0.008136861651996877],[1610564792680,0.008289410393058316],[1610568271024,0.008353775411775339],[1610573646219,0.008408875470892311],[1610575647027,0.008532288619586856],[1610580413395,0.008617445700066492]],"total_volumes":[[1610497702078,332455532.8420969],[1610499880843,324541628.3363646],[1610503484680,328381651.7770628],[1610506945753,329420787.59519416],[1610511976525,330647641.4317079],[1610514298757,330839581.16167015],[1610519387159,335616102.9940723],[1610521746735,330178002.1585699],[1610525970103,334160832.4647712],[1610529708127,331212134.2585329],[1610532967439,329574168.92536515],[1610536459049,322618137.6064821],[1610540688673,318174515.0917098],[1610543317705,317322134.69810236],[1610548016261,311621902.444769],[1610550580324,302892805.38924736],[1610554715199,290856300.87001944],[1610557214810,280618187.67269176],[1610562386436,268915163.53731835],[1610564792680,277593379.0753233],[1610568271024,274774382.3295003],[1610573646219,274035054.8975684],[1610575647027,279260837.4670981],[1610580413395,276733687.917405]]}