{"stats":[[1617926657128,0.06167975458140067],[1617930233105,0.061983106227535556],[1617933812589,0.061188965478442235],[1617937405456,0.06144134107412754],[1617941123934,0.061308125233119924],[1617944574733,0.06126561176083476],[1617948210569,0.061068524944920335],[1617951803850,0.06102047839953824],[1617955357585,0.06265103304491752],[1617958950749,0.061799902771977104],[1617962537446,0.06250480568167723],[1617966097932,0.06266282518472038],[1617969848826,0.062333565137384486],[1617973382986,0.06156610138585154],[1617977687549,0.06132306841461033],[1617980735893,0.06128301983551539],[1617984093410,0.061323626944869564],[1617987864376,0.06138347761661919],[1617991293223,0.06170917011338952],[1617995041516,0.061562464016210974],[1617998628810,0.06152182839959634],[1618002394109,0.06164430916902788],[1618006005833,0.06210455935040708],[1618009501041,0.061364992349978435]],"total_volumes":[[1617926657128,1254061265.4891999],[1617930233105,1225022001.8074963],[1617933812589,1193068565.8528306],[1617937405456,1170599976.0995924],[1617941123934,1150818947.7539532],[1617944574733,1079121792.2975478],[1617948210569,1032874476.496072],[1617951803850,999537332.268945],[1617955357585,1196185015.7769077],[1617958950749,1250389022.5712874],[1617962537446,1259410406.5314155],[1617966097932,1263764147.964698],[1617969848826,1254238024.8904684],[1617973382986,1261843788.5564582],[1617977687549,1277673156.263288],[1617980735893,1294564670.7848265],[1617984093410,1292112595.2328532],[1617987864376,1290792769.4286494],[1617991293223,1281314363.7915897],[1617995041516,1270464980.0257633],[1617998628810,1267136970.0313072],[1618002394109,1265234735.4920132],[1618006005833,1269677183.5670993],[1618009501041,1236187299.6064515]]}