{"stats":[[1609978142199,0.010468023968824718],[1609982108275,0.01047149781490002],[1609985206077,0.010325485981596945],[1609989266591,0.01032599792554921],[1609992210983,0.010236904917894234],[1609995864327,0.010172884804193155],[1610000004318,0.010037862395780027],[1610003537598,0.010091492755145193],[1610007435507,0.010053490785093416],[1610010800044,0.009989982857187222],[1610014075147,0.010045639914240637],[1610018118219,0.010001723551365744],[1610021535412,0.010067433969376009],[1610024959757,0.010315995331595506],[1610029372593,0.010191477774789303],[1610032246151,0.010117892628704061],[1610035323202,0.01019446324754613],[1610039214773,0.010111585726682956],[1610043792879,0.010103234590823493],[1610046267702,0.00953460582549367],[1610049698566,0.00989448276880685],[1610054304044,0.009963449746010182],[1610057233836,0.009899167763575223],[1610061111544,0.009796989088043127]],"total_volumes":[[1609978142199,699320872.9135091],[1609982108275,683068098.0577935],[1609985206077,675437199.3898422],[1609989266591,686214910.5211594],[1609992210983,670083652.0902145],[1609995864327,656599841.0327909],[1610000004318,593920726.3643335],[1610003537598,579617956.5128452],[1610007435507,558668308.7762886],[1610010800044,552778921.9968362],[1610014075147,542192665.9112475],[1610018118219,534950622.28051746],[1610021535412,529826356.53382605],[1610024959757,542126088.460913],[1610029372593,532173674.9754996],[1610032246151,522958878.14543617],[1610035323202,527610244.6628503],[1610039214773,503133322.47187126],[1610043792879,495163406.0054571],[1610046267702,493347621.4357165],[1610049698566,529183520.7073384],[1610054304044,520286550.45845425],[1610057233836,514334159.62311184],[1610061111544,507946693.04154027]]}