{"stats":[[1614902730955,0.05001207551875611],[1614906417473,0.04858723720904719],[1614910041174,0.048883441949873825],[1614913430457,0.04932564095660425],[1614917134475,0.04962265991766916],[1614920490845,0.049435122173356626],[1614924580255,0.04973396147075155],[1614927920883,0.04990915081365597],[1614931462493,0.04957712561135638],[1614935049982,0.048962804522769944],[1614938836709,0.04967842066824374],[1614942447861,0.04972294344417779],[1614946287997,0.04968691150876789],[1614949476563,0.04929976442490107],[1614953059486,0.05005641731582459],[1614956831883,0.04967366278324093],[1614960235606,0.049041720198038756],[1614964004549,0.04873252800611543],[1614967501957,0.049838144544271865],[1614971104522,0.0500972035822655],[1614974872000,0.050612912338213314],[1614978817485,0.050373698572741134],[1614981930590,0.049838511283845977],[1614985649331,0.05018113160932952]],"total_volumes":[[1614902730955,1333430627.1284053],[1614906417473,1327584718.2467892],[1614910041174,1380174890.8043199],[1614913430457,1409083492.3346612],[1614917134475,1417645061.2397158],[1614920490845,1394571377.0686553],[1614924580255,1390435419.4384468],[1614927920883,1394777055.514593],[1614931462493,1385060399.3133454],[1614935049982,1370293364.2351558],[1614938836709,1369611300.0787034],[1614942447861,1362614810.1343064],[1614946287997,1358535380.1051285],[1614949476563,1353602231.226446],[1614953059486,1427378892.104525],[1614956831883,1433646648.1866994],[1614960235606,1435411709.6397963],[1614964004549,1439746035.4705381],[1614967501957,1476809367.0298007],[1614971104522,1446020988.4154983],[1614974872000,1432000627.2474644],[1614978817485,1414813928.9817846],[1614981930590,1384356297.4934442],[1614985649331,1394286240.7207735]]}