{"stats":[[1613261094974,0.06687367484331658],[1613266095419,0.065199923033394],[1613268121711,0.06543443835265007],[1613272022642,0.06571313948694012],[1613275722021,0.06506821307019683],[1613278839699,0.06334413817243954],[1613282944054,0.06550361180319962],[1613286454660,0.06584373827502014],[1613289999273,0.06545079828721871],[1613293423963,0.06496056880442173],[1613297559174,0.06490015278195899],[1613300890926,0.06395040718914859],[1613304310991,0.06421048132899392],[1613307616487,0.06258764465373175],[1613311222048,0.058999474014061255],[1613314940888,0.05804984508142891],[1613318837288,0.060046698091552234],[1613322793286,0.06066709856845678],[1613325862667,0.05856852361727874],[1613329382568,0.05842693681820765],[1613333191747,0.059091537961256456],[1613336836794,0.059565883310807914],[1613340086550,0.0596517193088372],[1613343980072,0.05798323616846527]],"total_volumes":[[1613261094974,2275047526.10314],[1613266095419,2266255993.999975],[1613268121711,2273019501.633875],[1613272022642,2275705248.6489615],[1613275722021,2228647496.2966185],[1613278839699,2205982935.1223626],[1613282944054,2309822493.59783],[1613286454660,2351459191.551749],[1613289999273,2327670896.5223236],[1613293423963,2300843770.4668627],[1613297559174,2307273016.882712],[1613300890926,2269625822.013673],[1613304310991,2256958586.626409],[1613307616487,2226948753.13876],[1613311222048,2249621012.985746],[1613314940888,2463381348.89216],[1613318837288,2667011876.701247],[1613322793286,2862339298.8260036],[1613325862667,2854734917.390671],[1613329382568,2898210734.777944],[1613333191747,2953659718.885911],[1613336836794,2953510263.776746],[1613340086550,2926738759.02629],[1613343980072,2881288121.394443]]}