{"stats":[[1610582467839,0.008650340588929543],[1610586471118,0.008608124521907618],[1610591305840,0.008506387284920968],[1610593636670,0.008453866689051395],[1610598736019,0.00840458183940404],[1610600942253,0.008401398946016367],[1610605468480,0.008544014010080385],[1610608749926,0.008657530962105345],[1610612624559,0.008718399387101493],[1610615444274,0.008580900560018355],[1610620169275,0.008588699092870113],[1610622646871,0.008625220160347993],[1610626457975,0.008547656914393187],[1610629399708,0.008719919787666659],[1610634659614,0.009033080912669333],[1610637484008,0.009589014451172084],[1610641003020,0.009645442532818916],[1610643895819,0.009450785624419108],[1610647846529,0.009201115714822915],[1610651794525,0.009337636324211638],[1610654714460,0.009476092506215611],[1610659742932,0.009096655363130897],[1610662878339,0.009274934650300633],[1610666773903,0.009346025202429095]],"total_volumes":[[1610582467839,279274226.79731566],[1610586471118,279375600.51523876],[1610591305840,275445183.24904305],[1610593636670,270580151.3039896],[1610598736019,265111281.27355704],[1610600942253,262634684.8432246],[1610605468480,261410842.3053632],[1610608749926,263988241.5492415],[1610612624559,262807027.27389053],[1610615444274,258540744.98595622],[1610620169275,266528932.8144687],[1610622646871,265957089.90759644],[1610626457975,262663396.98051816],[1610629399708,269155580.855657],[1610634659614,297875445.4903121],[1610637484008,339970932.37767065],[1610641003020,400809030.16023797],[1610643895819,407287323.8598979],[1610647846529,410030031.3828302],[1610651794525,419087553.5883488],[1610654714460,439279491.35611373],[1610659742932,437051057.4746678],[1610662878339,455299418.49537927],[1610666773903,465789625.90440756]]}