{"stats":[[1609805077387,0.009591750832278645],[1609808694272,0.009532675733731146],[1609812924969,0.00989148669977631],[1609816160536,0.0096396692211664],[1609820295675,0.0092749721842686],[1609823430498,0.009100808593778341],[1609826716200,0.00902876457049458],[1609831142874,0.009168390546152372],[1609834494040,0.009139616892327566],[1609838023639,0.009191218792677805],[1609841971120,0.009350297361000149],[1609845121648,0.009538729661224554],[1609848360925,0.009928948506289509],[1609852053017,0.009487518460397916],[1609855907513,0.00928021040704249],[1609860096519,0.009512338607001717],[1609863403471,0.009426643118952242],[1609866911115,0.009597384791763442],[1609869806084,0.009740747654210782],[1609873397495,0.009731766407612218],[1609877305635,0.009583157402844773],[1609880859639,0.009604894012074747],[1609884740027,0.009667614693705636],[1609887853143,0.00990955326088235]],"total_volumes":[[1609805077387,1238833461.1610012],[1609808694272,1222618291.5638463],[1609812924969,1229713102.3058765],[1609816160536,1186735002.3025231],[1609820295675,1102349720.4174812],[1609823430498,1077242779.9366117],[1609826716200,1039230154.4719872],[1609831142874,1023017628.0675007],[1609834494040,994620616.6501595],[1609838023639,973558243.0582987],[1609841971120,931136057.6631887],[1609845121648,887634625.7516289],[1609848360925,885309010.0314053],[1609852053017,822592632.1945783],[1609855907513,768940824.61525],[1609860096519,760617204.4670979],[1609863403471,687114059.5641693],[1609866911115,662916804.431365],[1609869806084,647019055.8802696],[1609873397495,637148581.0737209],[1609877305635,615594949.4644811],[1609880859639,611478950.4549273],[1609884740027,604913339.3823167],[1609887853143,619450465.1361196]]}