{"stats":[[1615421095742,0.05619747315649827],[1615424684012,0.05522236884431813],[1615428398634,0.05592119415225442],[1615432144297,0.05554109806267839],[1615435269879,0.05602613504022583],[1615438923770,0.05609536355116587],[1615442519035,0.055580099267549574],[1615446356841,0.0556839374437062],[1615449882483,0.05553183167531181],[1615453861382,0.05500311218873079],[1615456978698,0.055085876315906786],[1615460608087,0.05583258876888351],[1615464202225,0.056075791903393804],[1615469562387,0.055949182476521093],[1615472175195,0.055903862585472],[1615474843084,0.05576408602953523],[1615478501487,0.054836557212915124],[1615482359267,0.05616760160062804],[1615485866530,0.05520212686380813],[1615489547803,0.05665765932120344],[1615492893548,0.05540010611963501],[1615496796280,0.0561067728030767],[1615500517523,0.05583321067319904],[1615504262960,0.056257698035636065]],"total_volumes":[[1615421095742,1677010512.2692254],[1615424684012,1626251141.9635835],[1615428398634,1599331777.6972287],[1615432144297,1505737999.927812],[1615435269879,1491467466.3223913],[1615438923770,1476501710.8827727],[1615442519035,1455257255.9313874],[1615446356841,1443851793.68273],[1615449882483,1442677595.5907521],[1615453861382,1447697779.0674129],[1615456978698,1445993317.157995],[1615460608087,1470512362.1581979],[1615464202225,1468795825.2428622],[1615469562387,1454346720.6727238],[1615472175195,1440657341.0538442],[1615474843084,1451648202.3833427],[1615478501487,1427230078.890021],[1615482359267,1446905693.7530756],[1615485866530,1433311898.5114937],[1615489547803,1485204561.7630801],[1615492893548,1455801948.5955224],[1615496796280,1449585776.4110808],[1615500517523,1418097284.4554067],[1615504262960,1409456761.0966098]]}