{"stats":[[1614125412895,0.048009107593613584],[1614128544473,0.04702812138926929],[1614132078280,0.0494039491546546],[1614135710717,0.04983806074263942],[1614139740627,0.05119492267902488],[1614143216900,0.050759711985394466],[1614146795899,0.05114752705066559],[1614150383442,0.05558692232828179],[1614154537251,0.05402258517289755],[1614157660286,0.05395969606742438],[1614161580088,0.05480251410319028],[1614164490884,0.05427953151932645],[1614168560417,0.05387307978486192],[1614173494358,0.055157784579175154],[1614175686930,0.058109942888573636],[1614179320211,0.05799086694516374],[1614182750085,0.057993281490512125],[1614186499002,0.05694042266534546],[1614189830704,0.05746986622085032],[1614193427130,0.05714808516135139],[1614197033817,0.05546081780889872],[1614200685967,0.05531568494174977],[1614204340822,0.05451436174603217],[1614208139370,0.05647829447051816]],"total_volumes":[[1614125412895,2383719171.842823],[1614128544473,2337577854.8981094],[1614132078280,2453189976.274174],[1614135710717,2558470746.943521],[1614139740627,2583986911.6431847],[1614143216900,2564961385.152006],[1614146795899,2538235019.442496],[1614150383442,3168677223.9233828],[1614154537251,3228552520.4508586],[1614157660286,3208003799.995225],[1614161580088,3139869086.3966227],[1614164490884,3106462988.7005086],[1614168560417,3033706192.8663907],[1614173494358,3303227761.998988],[1614175686930,3662949019.866443],[1614179320211,3980691769.4068375],[1614182750085,4135939980.0859256],[1614186499002,4147766301.356113],[1614189830704,4221307304.0036235],[1614193427130,4244136156.649522],[1614197033817,4172646915.9597106],[1614200685967,4165690224.36634],[1614204340822,4149919809.337552],[1614208139370,4332128048.025357]]}