{"stats":[[1612397572019,0.03684086397198098],[1612400786065,0.036345419230412866],[1612404726099,0.036937289239059146],[1612407885473,0.03892505643889743],[1612412230448,0.0384870500654022],[1612415566535,0.04075592787774004],[1612418872094,0.03999115117861234],[1612422431025,0.040038435597358764],[1612426490312,0.05506816357087359],[1612429863539,0.04768908354436131],[1612433617066,0.047996623058211355],[1612436957258,0.051666342367793425],[1612440867832,0.05172509461747597],[1612443985957,0.04971718668580956],[1612447590985,0.05158879606136563],[1612450916551,0.05015756129593056],[1612454626532,0.04654344576916247],[1612458063156,0.04602364133101647],[1612461656860,0.0471449470345624],[1612465590370,0.048402408670787246],[1612469812026,0.04892841869845719],[1612472812814,0.048101708302922735],[1612476279224,0.049851918318792876],[1612479894725,0.051138248438196206]],"total_volumes":[[1612397572019,2696503774.1314993],[1612400786065,2703957374.173633],[1612404726099,2725621190.689798],[1612407885473,2932342304.310751],[1612412230448,3021605941.21413],[1612415566535,3363478517.066167],[1612418872094,3654975544.6325235],[1612422431025,3768240696.0155754],[1612426490312,5855038194.141225],[1612429863539,7003731029.69734],[1612433617066,7726883142.333324],[1612436957258,8730994324.829906],[1612440867832,9409502033.171875],[1612443985957,9615562070.29919],[1612447590985,10247221907.739132],[1612450916551,10421610156.607407],[1612454626532,10298829853.415403],[1612458063156,10639070451.2418],[1612461656860,11054053256.656355],[1612465590370,11488305503.459726],[1612469812026,11681076600.49145],[1612472812814,11444683629.24646],[1612476279224,11223489550.774683],[1612479894725,11321028905.916409]]}