{"stats":[[1614297830394,0.05021680189508614],[1614301717439,0.049309453826907594],[1614305101452,0.050478250666361815],[1614308545885,0.05094134337988539],[1614312475315,0.05149352585522953],[1614315737666,0.05103831798327891],[1614319652846,0.049375254447789674],[1614323375957,0.050797262817041916],[1614326654823,0.04899876391413574],[1614330536062,0.050534111424515915],[1614333910676,0.05083045248387773],[1614337789419,0.050810499389171],[1614340808258,0.050635961189072785],[1614345568887,0.05025870365195353],[1614348425185,0.04960019448861801],[1614351874392,0.050359380503764005],[1614355876519,0.05106929973805759],[1614359292452,0.05230587730124823],[1614362754875,0.051303450649492724],[1614366350376,0.051413349116230994],[1614369864858,0.05057862279512638],[1614373437437,0.050640034116130384],[1614377334346,0.05028829268977744],[1614380412883,0.05036500265437604]],"total_volumes":[[1614297830394,2469967978.237412],[1614301717439,2446449879.1557035],[1614305101452,2482556422.80717],[1614308545885,2504976322.8734035],[1614312475315,2505007859.391537],[1614315737666,2453352747.0673904],[1614319652846,2362458775.383183],[1614323375957,2382064479.875795],[1614326654823,2322168934.154202],[1614330536062,2384859451.313091],[1614333910676,2381617309.1229534],[1614337789419,2348583952.655479],[1614340808258,2330583181.8384657],[1614345568887,2268901514.0267615],[1614348425185,2173652619.4042044],[1614351874392,2139836922.3596373],[1614355876519,2134943950.2742372],[1614359292452,2184648335.056942],[1614362754875,2050713009.0369046],[1614366350376,2033581105.6766183],[1614369864858,1938788962.375613],[1614373437437,1933229764.2155237],[1614377334346,1897088864.250017],[1614380412883,1893973002.079315]]}