{"stats":[[1613520861262,0.05410663804335681],[1613525651034,0.05447414958971435],[1613527628948,0.05463556115128222],[1613530804461,0.05415758794254229],[1613534983463,0.05436185481956934],[1613538251527,0.05264538533219001],[1613542191372,0.05318748434827795],[1613545800551,0.05309751097646709],[1613548848610,0.05414148222640137],[1613553083869,0.0543629740201437],[1613556691496,0.05392855331816005],[1613560053906,0.05338743656467958],[1613563806165,0.052511546481702864],[1613568806287,0.05279002081841211],[1613570910667,0.05341961417449878],[1613574285650,0.05284607006888632],[1613578151691,0.052657121416607715],[1613581567802,0.05173399889740794],[1613584871918,0.0528470948178617],[1613588884483,0.05200940105325878],[1613592221829,0.05147507148515624],[1613596603279,0.0506689144792009],[1613599590286,0.05008866520931163],[1613603313498,0.04980818015856517]],"total_volumes":[[1613520861262,2712828826.709878],[1613525651034,2703530074.8242145],[1613527628948,2687243342.4934373],[1613530804461,2623619887.1590195],[1613534983463,2599493733.5924497],[1613538251527,2557897950.7552295],[1613542191372,2551438986.1223145],[1613545800551,2530705244.981815],[1613548848610,2582683640.3390765],[1613553083869,2594332661.994337],[1613556691496,2580843648.6390376],[1613560053906,2588979870.6566973],[1613563806165,2540145732.1507053],[1613568806287,2516044736.5467625],[1613570910667,2526040274.3896475],[1613574285650,2477963987.0989385],[1613578151691,2426153480.9904714],[1613581567802,2363476084.343949],[1613584871918,2418056686.800309],[1613588884483,2348347892.7460356],[1613592221829,2276353418.509862],[1613596603279,2207300119.0990105],[1613599590286,2206131372.7386003],[1613603313498,2206137327.351265]]}