{"stats":[[1610670706278,0.009423245207819295],[1610673029111,0.00953164531991223],[1610676548349,0.009377972393208693],[1610679928058,0.009543970433703301],[1610684107671,0.00938788721086588],[1610688451468,0.009493134025987487],[1610690492723,0.009312507058042738],[1610694589084,0.009428126741263138],[1610698716985,0.009512746606337606],[1610703454524,0.009675860646443341],[1610706807493,0.0095580136213453],[1610710274826,0.009492956705699034],[1610712758082,0.009413786001994],[1610717193104,0.009356385335783564],[1610720333998,0.009384541868990076],[1610723972035,0.009121222351160077],[1610728273391,0.009294215666799607],[1610730122530,0.009149275455901782],[1610734167983,0.009155488268576787],[1610738973149,0.009160059459728524],[1610742625656,0.008974495181869104],[1610745535171,0.009075324249265299],[1610749674639,0.009239459585217583],[1610752614866,0.009310481601204608]],"total_volumes":[[1610670706278,473225578.5070327],[1610673029111,479300040.7551431],[1610676548349,476225579.3302908],[1610679928058,484443275.4053395],[1610684107671,479915126.1553248],[1610688451468,490271408.5507466],[1610690492723,493200912.0722672],[1610694589084,505697997.6838421],[1610698716985,512634899.43514264],[1610703454524,526128470.7325063],[1610706807493,531594146.01621187],[1610710274826,540982997.5898731],[1610712758082,541629980.6377805],[1610717193104,540057637.1225673],[1610720333998,538850684.8418885],[1610723972035,503723417.36348194],[1610728273391,487991430.1673852],[1610730122530,486753047.251458],[1610734167983,485782365.55722976],[1610738973149,487722477.7886351],[1610742625656,458369610.7009234],[1610745535171,458549952.0915036],[1610749674639,449386769.68590313],[1610752614866,447958611.8270701]]}