{"stats":[[1611187486819,0.00904623048527525],[1611191941229,0.009021693244998014],[1611194785268,0.00896358300075627],[1611198402524,0.008947887881672207],[1611201892189,0.008889318812401353],[1611205912774,0.008805675479911436],[1611210298459,0.00888505187681079],[1611213075567,0.008948444277329428],[1611216211960,0.008957738659291286],[1611219925016,0.008660492918734507],[1611223497964,0.008654293297681814],[1611227053316,0.008583513678465618],[1611230533813,0.00851212262860693],[1611234710491,0.008609911159433953],[1611238034458,0.00854406061278599],[1611241347091,0.008301973811216458],[1611246373496,0.008507446821371147],[1611248826916,0.00828099200616341],[1611252485041,0.008396579079307902],[1611256188095,0.008467146045388651],[1611259944629,0.008572590837575835],[1611264240642,0.00854490671271111],[1611267829694,0.008271214700858861],[1611271373423,0.008252257573819212]],"total_volumes":[[1611187486819,313732430.34542584],[1611191941229,313043075.3017188],[1611194785268,309653691.59176797],[1611198402524,308764104.68657166],[1611201892189,303874910.8102091],[1611205912774,295207676.4008556],[1611210298459,298221916.67729765],[1611213075567,292662294.9901577],[1611216211960,289249110.7454362],[1611219925016,279941738.74259275],[1611223497964,284867100.3026023],[1611227053316,282754397.6675863],[1611230533813,278727719.64044875],[1611234710491,284869461.1429803],[1611238034458,281479632.4069813],[1611241347091,273821722.6230863],[1611246373496,281445052.7758607],[1611248826916,275014993.3445164],[1611252485041,282730980.61441034],[1611256188095,287043996.2601811],[1611259944629,292197600.1630515],[1611264240642,291214695.0674186],[1611267829694,284514539.97745186],[1611271373423,295354863.02368546]]}