{"stats":[[1612483905644,0.05082827507245664],[1612488420031,0.051937381447840714],[1612490993884,0.05244474504219571],[1612494297997,0.047770218135164556],[1612498033937,0.0466688321768197],[1612501604290,0.04491553715528261],[1612504971124,0.046714950406670425],[1612508495637,0.04599193391163985],[1612512860983,0.04588708697323793],[1612515936626,0.04562977320435454],[1612519673219,0.044724139518547874],[1612523052989,0.043692408179965586],[1612527400674,0.04558777308620873],[1612530111089,0.045345969572191606],[1612534442101,0.046193226266381796],[1612537435376,0.04591217964682191],[1612541568863,0.04564856723692922],[1612544782940,0.04599212804334572],[1612548299888,0.0455176808661372],[1612552283531,0.04545024840053973],[1612555520883,0.04571861269211543],[1612559438549,0.04619622706778684],[1612563322619,0.046570075066413655],[1612566333583,0.04738989225725695]],"total_volumes":[[1612483905644,11628779903.853678],[1612488420031,12016418865.259075],[1612490993884,12214770090.05887],[1612494297997,11997450238.225082],[1612498033937,11937467336.655624],[1612501604290,11666212457.004465],[1612504971124,11675915066.360683],[1612508495637,11468858151.301884],[1612512860983,10530971395.290691],[1612515936626,9053741243.348093],[1612519673219,8444161647.500139],[1612523052989,7845179253.8896265],[1612527400674,7540251029.09755],[1612530111089,7156978745.64606],[1612534442101,6935051891.395514],[1612537435376,6766375232.214504],[1612541568863,6342282092.1993885],[1612544782940,6082131206.786039],[1612548299888,5820313400.531873],[1612552283531,5623074843.802954],[1612555520883,5577053271.927499],[1612559438549,5524439531.1652355],[1612563322619,5397299600.1662],[1612566333583,5438027376.462929]]}