{"stats":[[1611879987632,0.03773867145063341],[1611882331490,0.04357580472050507],[1611886233017,0.03849070654524974],[1611890347291,0.04292983087294813],[1611893112223,0.07075463177531012],[1611897588779,0.06994932745308706],[1611901152382,0.05578337110844928],[1611904673204,0.05537689389078232],[1611907489942,0.05083651055430693],[1611911682738,0.04775244968224611],[1611914552017,0.03956391137955185],[1611918385790,0.046314385450373266],[1611922180359,0.04982266076718522],[1611925439193,0.05989689125397326],[1611929245633,0.05295732223610584],[1611933613136,0.05732295661501753],[1611936749541,0.053960915246588526],[1611940097741,0.05221961574791085],[1611943754319,0.04558286849298661],[1611947645384,0.04665267961577317],[1611951546035,0.04815271265004275],[1611954896594,0.051960672477495584],[1611958479854,0.052853069068323565],[1611961411437,0.049127706698414236]],"total_volumes":[[1611879987632,17630190434.161865],[1611882331490,21252532570.118263],[1611886233017,19552859017.768013],[1611890347291,1182497203.0042007],[1611893112223,40196351616.297844],[1611897588779,40427833851.26328],[1611901152382,1471888512.1884146],[1611904673204,28774082314.540413],[1611907489942,27257414634.557953],[1611911682738,27155978531.072243],[1611914552017,23635229202.153233],[1611918385790,26981559297.83632],[1611922180359,28436391410.471622],[1611925439193,33427821512.038406],[1611929245633,31173459497.87066],[1611933613136,31967770510.18962],[1611936749541,28756542769.529133],[1611940097741,26862779344.51469],[1611943754319,23498544094.257065],[1611947645384,23345654237.022724],[1611951546035,23268593946.570366],[1611954896594,24223175301.770676],[1611958479854,24708782129.503376],[1611961411437,23380973430.65918]]}