{"stats":[[1618013181585,0.06157587579373757],[1618016596861,0.06126831095101667],[1618020341966,0.06158882374532602],[1618023704561,0.061804243455403925],[1618027475548,0.06194518979994957],[1618031082804,0.06203153259800193],[1618034450024,0.06197679168301833],[1618038436445,0.061818888419280016],[1618042063109,0.06310633328020497],[1618045571492,0.06280101340069921],[1618049192813,0.06330839254580523],[1618052949425,0.06341043642811242],[1618056118051,0.06370323875117558],[1618059897136,0.06294833463761591],[1618063487994,0.06284734965565784],[1618066971711,0.06317251106939145],[1618070963409,0.06325865437133867],[1618074386616,0.06303237212413677],[1618077827977,0.06376503038080733],[1618081430738,0.0640492413973782],[1618085247091,0.06409247753025601],[1618088551112,0.06317458535127725],[1618092359092,0.06350826187702577],[1618095885366,0.06327238257708283]],"total_volumes":[[1618013181585,1232750777.5230281],[1618016596861,1220689581.3054242],[1618020341966,1215352915.6148124],[1618023704561,1234391911.6661282],[1618027475548,1236792711.743086],[1618031082804,1261354589.2603161],[1618034450024,1274944420.880561],[1618038436445,1267612507.875943],[1618042063109,1275425668.4463787],[1618045571492,1263238281.196131],[1618049192813,1265406588.2857778],[1618052949425,1253663612.6416826],[1618056118051,1274578306.0510893],[1618059897136,1242962618.0452185],[1618063487994,1255117381.3191178],[1618066971711,1245646317.5237896],[1618070963409,1249776372.6564472],[1618074386616,1268042598.9629962],[1618077827977,1341224013.9344068],[1618081430738,1389127226.990308],[1618085247091,1441713911.0221295],[1618088551112,1442664236.599136],[1618092359092,1474904351.3234243],[1618095885366,1465903775.2766063]]}