{"stats":[[1615161996486,0.0520729597489061],[1615166364573,0.051782747123754615],[1615169509662,0.05418403560960153],[1615173048969,0.054389692189350865],[1615176146780,0.05485644117021212],[1615179665195,0.054444779761873945],[1615183422190,0.05581205705711547],[1615187005106,0.05700750750089378],[1615190520749,0.0565612714847926],[1615194137800,0.055522137169205676],[1615198043772,0.05515159059306146],[1615202040061,0.05500144369682812],[1615204901157,0.05532022412528899],[1615208671736,0.054995818375880724],[1615212137872,0.05648513689503617],[1615215868552,0.05592666733191046],[1615219353376,0.05707326922521348],[1615223210826,0.05576165400895493],[1615226857797,0.056087366390538504],[1615230224841,0.05624451200697332],[1615234149806,0.05719741214835342],[1615237452947,0.057468483750909335],[1615241116522,0.058887702355040906],[1615244768419,0.059271681107277]],"total_volumes":[[1615161996486,1031859614.1040968],[1615166364573,1066967475.3086767],[1615169509662,1231250452.6582758],[1615173048969,1359739656.6909225],[1615176146780,1489875039.4543598],[1615179665195,1557095072.4273],[1615183422190,1647367728.4986525],[1615187005106,2007178409.0228136],[1615190520749,2159981914.9152226],[1615194137800,2267936270.9776387],[1615198043772,2339389399.8221006],[1615202040061,2429803782.6623983],[1615204901157,2494784350.977528],[1615208671736,2531880142.8100276],[1615212137872,2686551957.641439],[1615215868552,2745499676.864128],[1615219353376,2872459135.552159],[1615223210826,2880709254.0678625],[1615226857797,2910274777.27628],[1615230224841,2955160968.4030995],[1615234149806,3027736648.0057507],[1615237452947,3077366166.3585534],[1615241116522,3251437865.78806],[1615244768419,3361110726.46311]]}