{"stats":[[1613174998451,0.06945370102975335],[1613179806706,0.07023346102156097],[1613182180951,0.07155338507672228],[1613185742158,0.07004031323450355],[1613189110277,0.07019828891819262],[1613193053228,0.06997823648137581],[1613196546393,0.06872116267130497],[1613200071327,0.06887530219598037],[1613203479741,0.06952647066617557],[1613206961902,0.06912011431959882],[1613211023291,0.06951973315937056],[1613214257048,0.06820307938247548],[1613217764600,0.06680658494972808],[1613221450781,0.06795248951157974],[1613224983556,0.06781349095734153],[1613228534416,0.06824568926292661],[1613232686665,0.0679792576495273],[1613235797910,0.06960575707859576],[1613239835023,0.0681884831475125],[1613243503356,0.06805318654609385],[1613246590504,0.06763584417957065],[1613250479793,0.06677970053029392],[1613254097272,0.0670069214297351],[1613257609358,0.06728068189192428]],"total_volumes":[[1613174998451,3539448444.2534075],[1613179806706,3532012094.2710824],[1613182180951,3558482798.6767764],[1613185742158,3348253237.699322],[1613189110277,3167023698.641658],[1613193053228,2986108837.085107],[1613196546393,2868363888.466693],[1613200071327,2829835270.9581666],[1613203479741,2809290476.9502153],[1613206961902,2760495649.768317],[1613211023291,2745276791.380605],[1613214257048,2695315824.467042],[1613217764600,2680409209.8543725],[1613221450781,2706567509.485948],[1613224983556,2669527453.7868457],[1613228534416,2631439885.3560176],[1613232686665,2603734968.353323],[1613235797910,2642127018.1288786],[1613239835023,2581684945.5680513],[1613243503356,2578981098.144888],[1613246590504,2567110433.134066],[1613250479793,2388760908.8319693],[1613254097272,2325911653.582818],[1613257609358,2319966695.325082]]}