{"stats":[[1618704376958,0.28396817413239644],[1618706823506,0.27588449153000255],[1618708739954,0.2801751985477507],[1618711893148,0.29558706055180967],[1618713839211,0.2957792929026172],[1618716506044,0.2755128583781114],[1618719001582,0.26707211918633333],[1618721799566,0.26452554908251835],[1618724207850,0.26634434616762775],[1618726984053,0.27814598184211836],[1618729593869,0.279670144982994],[1618732938906,0.29034831138932415],[1618736548310,0.30940103275730213],[1618740417040,0.3051870870128735],[1618743768335,0.30863855316294264],[1618747360732,0.29012423621198646],[1618751269836,0.3013412010042124],[1618754534387,0.30414044645592236],[1618759204720,0.3167955202718433],[1618761930999,0.3096274744708634],[1618766018811,0.3086392237103022],[1618768842285,0.3088555419700411],[1618772714109,0.3218405270745913],[1618776714612,0.328430522589689],[1618779933766,0.3413668598212231],[1618785178798,0.334760471897997],[1618787048914,0.322674968693816]],"total_volumes":[[1618704376958,30117803641.321762],[1618706823506,28981467873.90637],[1618708739954,29181087029.709103],[1618711893148,29887209507.188145],[1618713839211,29798013642.469643],[1618716506044,28775860635.777706],[1618719001582,28022429767.787483],[1618721799566,26704893191.70178],[1618724207850,25309259964.517868],[1618726984053,25384231718.09204],[1618729593869,25099989689.44964],[1618732938906,25560793014.795433],[1618736548310,27100611628.123882],[1618740417040,27324277067.498035],[1618743768335,27782835476.804825],[1618747360732,25855742598.41105],[1618751269836,25781276071.50654],[1618754534387,24592335849.93472],[1618759204720,24276383044.67409],[1618761930999,23868438007.30403],[1618766018811,23166800978.46586],[1618768842285,23222411991.035862],[1618772714109,24286070003.95045],[1618776714612,23606265739.732086],[1618779933766,23672103896.850418],[1618785178798,23824414274.26913],[1618787048914,23608695450.665344]]}