{"stats":[[1618791373269,0.31675525990130105],[1618794113710,0.3153697608517838],[1618797868027,0.3233691350554484],[1618801274378,0.32615511555806564],[1618805470911,0.34164704819246144],[1618809556965,0.33607442289693124],[1618812803029,0.3336637098498814],[1618816229802,0.3476211070499396],[1618820806826,0.3786561786793067],[1618822860484,0.37733930650159014],[1618826791599,0.4009567729201828],[1618830068816,0.4182244542662762],[1618835314278,0.40025282490714215],[1618839119322,0.39613665009651416],[1618843373935,0.37348035654739975],[1618844598985,0.3533703258805495],[1618848245047,0.36756720507874135],[1618853605803,0.38951110289679625],[1618856462330,0.39332003201793914],[1618859250999,0.3957679040452265],[1618862799672,0.3951390256484187],[1618866147099,0.3944362542698338],[1618869875950,0.39600579245303924],[1618874752593,0.41221602271667557]],"total_volumes":[[1618791373269,23444244494.70855],[1618794113710,22179036896.87876],[1618797868027,22086802813.008183],[1618801274378,23171265702.678726],[1618805470911,23393101064.878696],[1618809556965,22531007082.687756],[1618812803029,21140863389.677845],[1618816229802,22826528424.051975],[1618820806826,25915394522.34003],[1618822860484,25891232909.81481],[1618826791599,27252928610.482025],[1618830068816,29421352924.884125],[1618835314278,29615439662.611275],[1618839119322,29510812403.72907],[1618843373935,29558189309.23219],[1618844598985,29126363114.79435],[1618848245047,30187998117.340294],[1618853605803,30469677747.609253],[1618856462330,32207673272.297314],[1618859250999,32476332039.233376],[1618862799672,31927625149.214928],[1618866147099,30801826296.705086],[1618869875950,30359352955.992203],[1618874752593,29237378191.590076]]}