{"stats":[[1610410141585,0.008834938568833826],[1610413307344,0.008506433699671676],[1610417055992,0.008317970104814753],[1610420952074,0.008424589687115914],[1610424540608,0.008612907269356871],[1610428686549,0.00874004679885046],[1610431510421,0.00879104054253307],[1610435475976,0.008968772237143144],[1610438683200,0.00897989951515618],[1610442939506,0.008730636283017497],[1610445847804,0.008731692522876111],[1610449642258,0.008400405627739405],[1610454209613,0.008625978164843454],[1610456829418,0.008489465648629145],[1610460718521,0.008157838203913385],[1610464044913,0.008138142470688796],[1610467896676,0.008309919659759732],[1610471818009,0.008507419672296826],[1610476299957,0.008408319620451243],[1610478683184,0.00830314901896383],[1610482023056,0.008068778848582432],[1610486638966,0.008154041151361872],[1610489493334,0.00825112548297322],[1610492575617,0.007973763795145838]],"total_volumes":[[1610410141585,561254297.4372066],[1610413307344,547249818.3054216],[1610417055992,539121714.6351964],[1610420952074,539416863.4290323],[1610424540608,532313263.52694523],[1610428686549,528370480.59705865],[1610431510421,531226659.30372584],[1610435475976,532827360.5830191],[1610438683200,520467550.36784315],[1610442939506,496848185.53851026],[1610445847804,491811737.9637803],[1610449642258,478834478.3597121],[1610454209613,481745874.590938],[1610456829418,469352193.48839426],[1610460718521,441177245.328904],[1610464044913,429329064.95549273],[1610467896676,431295977.5506109],[1610471818009,422363198.1262951],[1610476299957,400832052.96812934],[1610478683184,390917474.0073206],[1610482023056,372778160.08553475],[1610486638966,363342525.06186235],[1610489493334,360825945.3875088],[1610492575617,345825034.80355495]]}