{"stats":[[1615766618446,0.05882799777920147],[1615770121312,0.0591036480412699],[1615773647874,0.05924458250909886],[1615777311174,0.05929763877989421],[1615781218683,0.05950936884771541],[1615784692377,0.0590270945757898],[1615788329680,0.05819497609029203],[1615791716589,0.057402735641597216],[1615795470864,0.056335632774240176],[1615799229528,0.05629455421713003],[1615802552598,0.05521647389959905],[1615806085836,0.05666173356505456],[1615809739624,0.056735018586082334],[1615813594342,0.057355453371232996],[1615816921252,0.05685754115252249],[1615820871785,0.05636323979971125],[1615824116390,0.056450421637828666],[1615827654907,0.05649491285867981],[1615831601074,0.056414974953100556],[1615835224897,0.05660983068500328],[1615838593959,0.057208478287562585],[1615842453758,0.05739770208962933],[1615845683445,0.05733253309948899],[1615849333653,0.05652436414325505]],"total_volumes":[[1615766618446,2759123151.6855946],[1615770121312,2348076065.53551],[1615773647874,2267874594.300645],[1615777311174,2204860514.3740864],[1615781218683,2126323349.0011952],[1615784692377,2021978409.9043972],[1615788329680,1990056147.8090172],[1615791716589,1966817048.9702678],[1615795470864,1989967052.471486],[1615799229528,1929721948.8749046],[1615802552598,1881274883.1329355],[1615806085836,1908174546.7394307],[1615809739624,1860278670.1099174],[1615813594342,1858511196.8880744],[1615816921252,1808951069.3396327],[1615820871785,1772607633.9611268],[1615824116390,1761220379.4166505],[1615827654907,1738157974.0116267],[1615831601074,1697116990.654279],[1615835224897,1684528506.5831215],[1615838593959,1681782793.4449644],[1615842453758,1711289518.2685535],[1615845683445,1710825984.8265505],[1615849333653,1721597053.1577232]]}