{"stats":[[1618617888617,0.3741602130190218],[1618621399000,0.35850094964186197],[1618625351041,0.35097001020206375],[1618628776556,0.340343525996311],[1618632450609,0.31555123744524166],[1618636136822,0.28282864970205396],[1618639346552,0.31970826038593375],[1618643397238,0.3219453211846276],[1618647085237,0.31514073370054024],[1618650599784,0.3151544527019138],[1618653956877,0.2904951043949432],[1618659481679,0.2730460483761507],[1618663644391,0.2651286344233204],[1618667673865,0.2599762223163545],[1618672273411,0.2642644057029207],[1618677713064,0.2791732073088033],[1618682842476,0.27438782198960887],[1618688653217,0.2950485254997283],[1618689822496,0.3185441849920191],[1618692689318,0.30525548391767543],[1618698928732,0.29917258856542944],[1618701360115,0.30428242430236935]],"total_volumes":[[1618617888617,50960650646.95082],[1618621399000,47995786968.581215],[1618625351041,45012316927.66931],[1618628776556,40925418140.68989],[1618632450609,37649874624.9676],[1618636136822,34540890911.81768],[1618639346552,37865947289.579025],[1618643397238,53023771084.61865],[1618647085237,51955048553.51855],[1618650599784,51602313637.68283],[1618653956877,33779676495.043133],[1618659481679,44285616339.430756],[1618663644391,42857229175.992485],[1618667673865,40994229152.1088],[1618672273411,25818810980.59562],[1618677713064,34818182486.96693],[1618682842476,32637850433.17435],[1618688653217,34475529472.303246],[1618689822496,35159793255.46853],[1618692689318,34057835003.294624],[1618698928732,32763252118.435688],[1618701360115,30475967352.857937]]}