{"stats":[[1614470699330,0.05086647416115915],[1614475108768,0.050453652480014786],[1614477863640,0.050293051454126915],[1614481480157,0.0490945576440622],[1614484931205,0.04763382309367317],[1614488494359,0.04842937011329723],[1614492217063,0.04858782136843912],[1614495870811,0.04799131137150241],[1614499529172,0.04719568653390808],[1614503423980,0.048548662545292144],[1614506778794,0.048688362208943015],[1614510249338,0.048665057755613673],[1614513881322,0.048810281609342455],[1614517451194,0.04828947445435817],[1614521212621,0.047426819443820725],[1614524650897,0.04721319805164114],[1614528255658,0.04524239310199331],[1614531618153,0.04658084606536979],[1614535476124,0.04634272363702346],[1614539266601,0.0476156138330842],[1614542585793,0.04872601154979961],[1614546538647,0.04917386827838798],[1614549743955,0.0485848644140529],[1614553768648,0.04902584815210287]],"total_volumes":[[1614470699330,1478258321.6618836],[1614475108768,1463449908.7002792],[1614477863640,1447727277.0366952],[1614481480157,1439061155.8300118],[1614484931205,1421095608.4863915],[1614488494359,1482256734.1930752],[1614492217063,1515725476.3598309],[1614495870811,1519377926.7147381],[1614499529172,1497878977.3457227],[1614503423980,1527861566.8983788],[1614506778794,1498808644.770713],[1614510249338,1481023875.510679],[1614513881322,1465002367.8464186],[1614517451194,1436607171.4625833],[1614521212621,1394858473.6013937],[1614524650897,1384546046.1933842],[1614528255658,1337216378.909012],[1614531618153,1398680868.2047703],[1614535476124,1416527756.089937],[1614539266601,1488579609.922547],[1614542585793,1531097222.9348474],[1614546538647,1574540460.5730124],[1614549743955,1569540372.5326624],[1614553768648,1609659846.350968]]}