{"stats":[[1618531545210,0.18186880515544324],[1618535369820,0.22069870278348197],[1618538677634,0.23403632479462647],[1618542394011,0.2779037077487327],[1618545742948,0.26796718189679986],[1618549568499,0.2348292344891275],[1618553799204,0.25589971867429795],[1618556448532,0.2502313982539089],[1618560585700,0.2455956865744952],[1618565402353,0.2693506043109655],[1618567368885,0.2654324736335558],[1618572042065,0.2993126020498065],[1618575121011,0.29210365723006954],[1618578458443,0.3202302046862971],[1618581908428,0.3952818353465607],[1618585403486,0.3851070478142981],[1618589399380,0.37650478693244976],[1618592763674,0.3511799125461196],[1618596332451,0.3611659626792318],[1618599679496,0.34448629554402577],[1618603246345,0.3279610185695609],[1618606988910,0.3554644702212759],[1618611159137,0.3543002104012328],[1618614271399,0.37992929020950267]],"total_volumes":[[1618531545210,17469667746.1327],[1618535369820,22209701835.90133],[1618538677634,25288603180.11527],[1618542394011,33016745065.077667],[1618545742948,33250659968.130196],[1618549568499,31347308217.278152],[1618553799204,33926236981.77425],[1618556448532,34079403786.768814],[1618560585700,34096493989.760666],[1618565402353,37611660198.32619],[1618567368885,37717386566.060425],[1618572042065,44141107262.28119],[1618575121011,44499800720.50088],[1618578458443,49814903999.15823],[1618581908428,63421574283.86302],[1618585403486,63214838623.375],[1618589399380,68085085491.231735],[1618592763674,65756435867.25357],[1618596332451,69751911455.30853],[1618599679496,68105439113.15032],[1618603246345,64801560460.70478],[1618606988910,66468548495.43353],[1618611159137,65802819264.17558],[1618614271399,70772770653.19597]]}