{"stats":[[1615075278193,0.05088238385261625],[1615080547263,0.0507928463262968],[1615083220599,0.05075800320648543],[1615086150929,0.05140472757987694],[1615089847647,0.051243999962198854],[1615093926073,0.05109035934693726],[1615097382402,0.05111415754561321],[1615100523935,0.0512840194615716],[1615104420563,0.051668393417478385],[1615107895732,0.051381063081762046],[1615111374231,0.05173918345542966],[1615115071101,0.05132400775555907],[1615118433906,0.05134190187799384],[1615122117699,0.05127015322871804],[1615125732122,0.05119300862401264],[1615129378141,0.050666229827559396],[1615133079555,0.051078026025256164],[1615136528628,0.05155606606746834],[1615140134107,0.05130162138443708],[1615143763345,0.05106804337804089],[1615147495414,0.05108987822201603],[1615151161283,0.05110356071757757],[1615154690537,0.051391764629156254],[1615158180209,0.05174646224140708]],"total_volumes":[[1615075278193,1561141043.921425],[1615080547263,1555423085.9923036],[1615083220599,1549102103.7541811],[1615086150929,1581349666.6003487],[1615089847647,1576911115.1041923],[1615093926073,1467998536.5295203],[1615097382402,1321148963.5042968],[1615100523935,1273197174.3055809],[1615104420563,1254292739.5144475],[1615107895732,1233994680.5697553],[1615111374231,1219119592.3061085],[1615115071101,1192597851.585014],[1615118433906,1174203814.489929],[1615122117699,1129377462.5593567],[1615125732122,1073268034.5621892],[1615129378141,1066688083.0924093],[1615133079555,1073242821.7110376],[1615136528628,1072135027.343635],[1615140134107,1058028910.9267107],[1615143763345,1049360011.4657576],[1615147495414,1040467595.4032984],[1615151161283,1009031629.1499671],[1615154690537,993461114.8876364],[1615158180209,997012667.2817305]]}