{"stats":[[1611014515210,0.009161624551937569],[1611018693512,0.009162687718983495],[1611022617578,0.00914577411615303],[1611026376989,0.009215372913144507],[1611029223016,0.009130469212213601],[1611032882179,0.009242820342305126],[1611036577441,0.009244874259456954],[1611040361729,0.00951883790872068],[1611043441548,0.009375923937124572],[1611047206581,0.009401506822518196],[1611050991662,0.009365182064855366],[1611054274307,0.009327819989992006],[1611058363696,0.009400320372547783],[1611061671021,0.009277848776521233],[1611065959510,0.009277352807869526],[1611069561686,0.009101216404562766],[1611072545323,0.009225316078434263],[1611076600081,0.009140177979727571],[1611079474567,0.009133117612117549],[1611083087162,0.009041308384541457],[1611087748870,0.009032652262392605],[1611090843279,0.009146060824620276],[1611094692285,0.009150678417476766],[1611097853495,0.009127150526388378]],"total_volumes":[[1611014515210,292476114.0269545],[1611018693512,287847774.5576982],[1611022617578,283787211.8753106],[1611026376989,285489236.8836512],[1611029223016,278869178.68569297],[1611032882179,285574678.5707774],[1611036577441,283405330.81826305],[1611040361729,299594398.04028475],[1611043441548,315403102.27516663],[1611047206581,321991747.4180112],[1611050991662,320657600.43485755],[1611054274307,319756850.9010597],[1611058363696,321236167.0741831],[1611061671021,313574676.56144345],[1611065959510,314430249.35055244],[1611069561686,314873925.9724651],[1611072545323,321232752.2873859],[1611076600081,319878451.9849327],[1611079474567,318969286.60839236],[1611083087162,321270636.13545114],[1611087748870,323925195.8277959],[1611090843279,326884805.35094523],[1611094692285,328290975.35926855],[1611097853495,329253658.050799]]}