{"stats":[[1618531545210,23268014310.929626],[1618535369820,27893774054.42476],[1618538677634,29788500510.778027],[1618542394011,36533720457.64794],[1618545742948,34818631112.16407],[1618549568499,30238938337.37656],[1618553799204,33046914616.43224],[1618556448532,32326677126.830715],[1618560585700,31780789576.6754],[1618565402353,34828757369.8596],[1618567368885,34081614803.700245],[1618572042065,38674183482.74167],[1618575121011,37742715670.27357],[1618578458443,40723305502.64506],[1618581908428,49592465325.728966],[1618585403486,49758447205.226944],[1618589399380,49334960304.036934],[1618592763674,45312433767.0807],[1618596332451,46949825913.53163],[1618599679496,44192580182.91442],[1618603246345,41682040807.99025],[1618606988910,45929566776.62905],[1618611159137,45779132756.83313],[1618614271399,48232718167.42023]],"total_volumes":[[1618531545210,17469667746.1327],[1618535369820,22209701835.90133],[1618538677634,25288603180.11527],[1618542394011,33016745065.077667],[1618545742948,33250659968.130196],[1618549568499,31347308217.278152],[1618553799204,33926236981.77425],[1618556448532,34079403786.768814],[1618560585700,34096493989.760666],[1618565402353,37611660198.32619],[1618567368885,37717386566.060425],[1618572042065,44141107262.28119],[1618575121011,44499800720.50088],[1618578458443,49814903999.15823],[1618581908428,63421574283.86302],[1618585403486,63214838623.375],[1618589399380,68085085491.231735],[1618592763674,65756435867.25357],[1618596332451,69751911455.30853],[1618599679496,68105439113.15032],[1618603246345,64801560460.70478],[1618606988910,66468548495.43353],[1618611159137,65802819264.17558],[1618614271399,70772770653.19597]]}