{"stats":[[1615852911496,7324737827.105644],[1615856644650,7207275063.070751],[1615860161564,7357255524.353144],[1615863885674,7381657012.29554],[1615867435332,7287873040.645371],[1615870888680,7348854346.634075],[1615874673588,7261240809.6260805],[1615878242379,7476989156.906923],[1615881776054,7393517342.993166],[1615885219848,7463924621.998014],[1615888875140,7442377543.8820305],[1615892823929,7396621930.554795],[1615896437855,7360459032.697933],[1615899771632,7397917715.695712],[1615903435966,7399744885.193388],[1615906923011,7416756416.118645],[1615910787637,7484679549.713327],[1615914571753,7492677119.31907],[1615918233200,7429862000.765584],[1615921420835,7476011704.765105],[1615924951826,7527238630.570572],[1615928678287,7493610405.086016],[1615932164294,7516100781.18013],[1615935755395,7568121327.665037]],"total_volumes":[[1615852911496,1743281980.1706939],[1615856644650,1716168304.2706373],[1615860161564,1778332338.9276915],[1615863885674,1791746711.2938085],[1615867435332,1793049909.05237],[1615870888680,1806384765.0557501],[1615874673588,1766197160.6112669],[1615878242379,1816573253.6232753],[1615881776054,1734706106.0353744],[1615885219848,1708008096.5618982],[1615888875140,1640173748.41865],[1615892823929,1593399091.5282178],[1615896437855,1574801074.7430582],[1615899771632,1544048748.2850304],[1615903435966,1532906451.2689846],[1615906923011,1534897917.6820204],[1615910787637,1528718371.033882],[1615914571753,1542629549.3131602],[1615918233200,1571969716.3652656],[1615921420835,1579550031.4210694],[1615924951826,1584622817.37886],[1615928678287,1523876698.5669048],[1615932164294,1506795861.7929888],[1615935755395,1503981644.8683324]]}