{"stats":[[1612743402278,10112491769.125225],[1612746574008,9557007399.074564],[1612750141177,9676774986.09322],[1612753951655,9241144847.56654],[1612757000420,8710613542.722254],[1612760862178,9122499420.517359],[1612765113794,9171623043.045734],[1612768401881,9138635014.725294],[1612771938971,9163649756.292126],[1612775369982,9288161244.018787],[1612779146925,9470588884.780523],[1612782898950,9639301041.547691],[1612785829273,9562661268.342207],[1612789317898,9649130324.98268],[1612793513708,9895814245.951235],[1612796812862,10401373468.902067],[1612800544837,10532070466.247614],[1612803791993,10432938452.635178],[1612808304251,10132621246.796469],[1612811556363,9801010257.163456],[1612814700661,10285303893.730967],[1612818747253,10369605556.739946],[1612821785249,10189306359.687387],[1612825918111,9934064123.191748]],"total_volumes":[[1612743402278,13365081291.70729],[1612746574008,13373539584.58253],[1612750141177,12925716843.580742],[1612753951655,11978336492.85289],[1612757000420,12147930612.150846],[1612760862178,12612348928.711374],[1612765113794,12759607877.026188],[1612768401881,12607297135.453913],[1612771938971,12578542004.246408],[1612775369982,12335329924.461086],[1612779146925,12864023018.663353],[1612782898950,13245192189.225683],[1612785829273,13224410513.15052],[1612789317898,13497160412.80725],[1612793513708,13976605348.209295],[1612796812862,14860453782.191236],[1612800544837,15036688646.24223],[1612803791993,14525749462.405373],[1612808304251,13777005596.05811],[1612811556363,13028814940.410372],[1612814700661,12924224655.9866],[1612818747253,12762568278.585747],[1612821785249,12382511079.39254],[1612825918111,11019847158.172516]]}