{"stats":[[1615680145378,7750447457.349575],[1615683631627,7789540726.262843],[1615687335286,7818901153.854504],[1615691014592,7911506023.763909],[1615694475994,7961186616.229248],[1615698007909,7967288583.324831],[1615701627955,7912932343.131745],[1615705409908,7915390969.013675],[1615709020796,7782026173.017727],[1615712596687,7959418073.473758],[1615716100416,8044045473.827714],[1615719864494,7878848130.071376],[1615723301367,7797938527.856968],[1615727267361,7856417005.687333],[1615730524903,7821042570.683975],[1615734205608,7879685483.401304],[1615737957484,7812519225.614985],[1615741329368,7764050317.329412],[1615744836245,7619914076.576376],[1615748465080,7749077368.741211],[1615752081823,7692578638.832822],[1615755693276,7643115777.709211],[1615759321965,7650567001.234577],[1615762813180,7689924094.069347]],"total_volumes":[[1615680145378,1908931773.5006745],[1615683631627,2269087332.616046],[1615687335286,2408648515.755651],[1615691014592,2510894198.52479],[1615694475994,2600958512.664595],[1615698007909,2727215701.9041915],[1615701627955,2756527928.452052],[1615705409908,2817927483.0377398],[1615709020796,2804293088.954271],[1615712596687,2915048553.988374],[1615716100416,3014082108.4712286],[1615719864494,2989479047.936308],[1615723301367,3056359117.9108133],[1615727267361,3069600497.078681],[1615730524903,3109665551.3061123],[1615734205608,3128988129.6596107],[1615737957484,3124436360.01283],[1615741329368,3118142312.5339055],[1615744836245,3145019113.475232],[1615748465080,3177059478.9911685],[1615752081823,3084195635.8270564],[1615755693276,2972564191.3110924],[1615759321965,2923771179.351747],[1615762813180,2916213347.770253]]}