{"stats":[[1610323765444,1263664502.9384043],[1610327311475,1232305744.973096],[1610331202959,1214467009.8556345],[1610334782344,1201916282.5248604],[1610338482502,1171201370.7061713],[1610341421413,1148601039.1970732],[1610346108274,1100357205.924037],[1610349290045,1054284275.5929463],[1610352457311,1110641615.7145283],[1610357076965,1160586653.653026],[1610359940607,1193855433.621091],[1610363350288,1159057183.8756764],[1610366688345,1139816013.1787713],[1610370890272,1139630446.0230126],[1610374127614,1076500942.5032153],[1610377796132,1056687876.4179453],[1610382419257,905659894.730747],[1610386153544,928014138.2692846],[1610388830516,1001908297.9251145],[1610391658577,1034891419.9438319],[1610396833967,970367099.5234597],[1610399958188,992165071.4664159],[1610404062770,1030450649.8578275],[1610406855256,1065442939.0451238]],"total_volumes":[[1610323765444,429355232.85925776],[1610327311475,422699619.013652],[1610331202959,410699506.5426153],[1610334782344,414385328.0460852],[1610338482502,426906895.6280907],[1610341421413,428364091.8307868],[1610346108274,414333326.0833716],[1610349290045,405550826.7344517],[1610352457311,438824280.59497464],[1610357076965,465330699.24126935],[1610359940607,473705655.9734662],[1610363350288,451385892.5704882],[1610366688345,432943321.130893],[1610370890272,432203898.84672093],[1610374127614,420524759.6500174],[1610377796132,435277870.0903966],[1610382419257,392483118.083536],[1610386153544,449604964.835296],[1610388830516,477607246.03578275],[1610391658577,477653069.14845514],[1610396833967,477445317.21332234],[1610399958188,481469576.3411716],[1610404062770,509767611.00240237],[1610406855256,522114357.9636599]]}