{"stats":[[1614038935616,6873239454.790128],[1614042277404,6870343949.070725],[1614046108925,6742899168.088738],[1614049622630,6543952832.704463],[1614053368165,6644550586.733764],[1614056961998,6568623210.222381],[1614060457499,6579813642.218162],[1614063997579,6493622273.040196],[1614067751782,6548764767.123336],[1614071402441,6275649459.039754],[1614074481148,6029119059.483018],[1614078509635,5887350311.709623],[1614082117189,5609598813.806879],[1614086349551,6056079578.02081],[1614089313278,6002292405.898733],[1614092939932,5782112368.025009],[1614096452494,6040327637.228282],[1614099668819,5869546413.60803],[1614103546862,5932193657.887709],[1614107165420,5883492889.577741],[1614110428730,5705130320.873555],[1614114223885,5896079500.619842],[1614118054928,6034641418.729079],[1614121270926,6070414487.756595]],"total_volumes":[[1614038935616,3437880979.563735],[1614042277404,3388473121.99949],[1614046108925,3296349101.780798],[1614049622630,3169356802.3442807],[1614053368165,3193329515.9445276],[1614056961998,3092416753.265896],[1614060457499,3094833410.3345346],[1614063997579,3021707451.5751467],[1614067751782,2995575980.6222005],[1614071402441,2868558434.332007],[1614074481148,2746923715.630518],[1614078509635,2595505955.7143097],[1614082117189,2505146246.435284],[1614086349551,2638158829.9212403],[1614089313278,2607261248.282604],[1614092939932,2393848959.4790783],[1614096452494,2388924949.9171453],[1614099668819,2360487129.8158517],[1614103546862,2327482586.2061844],[1614107165420,2288955087.9168005],[1614110428730,2233101098.555538],[1614114223885,2315257221.3727593],[1614118054928,2361340090.7516594],[1614121270926,2355654500.303488]]}