{"stats":[[1614297830394,6454021311.804082],[1614301717439,6308787437.361839],[1614305101452,6487623530.14693],[1614308545885,6547141662.119305],[1614312475315,6610826878.045586],[1614315737666,6515161793.463784],[1614319652846,6371749795.03544],[1614323375957,6546012005.53655],[1614326654823,6298147608.763723],[1614330536062,6498576004.081611],[1614333910676,6533587119.150887],[1614337789419,6511119715.130067],[1614340808258,6377771719.862607],[1614345568887,6462469642.47415],[1614348425185,6490183024.584662],[1614351874392,6492771340.459538],[1614355876519,6569767590.306326],[1614359292452,6705027805.447489],[1614362754875,6601543124.352512],[1614366350376,6608510826.157973],[1614369864858,6501217719.898195],[1614373437437,6513607144.46743],[1614377334346,6485232992.324605],[1614380412883,6535746550.897375]],"total_volumes":[[1614297830394,2469967978.237412],[1614301717439,2446449879.1557035],[1614305101452,2482556422.80717],[1614308545885,2504976322.8734035],[1614312475315,2505007859.391537],[1614315737666,2453352747.0673904],[1614319652846,2362458775.383183],[1614323375957,2382064479.875795],[1614326654823,2322168934.154202],[1614330536062,2384859451.313091],[1614333910676,2381617309.1229534],[1614337789419,2348583952.655479],[1614340808258,2330583181.8384657],[1614345568887,2268901514.0267615],[1614348425185,2173652619.4042044],[1614351874392,2139836922.3596373],[1614355876519,2134943950.2742372],[1614359292452,2184648335.056942],[1614362754875,2050713009.0369046],[1614366350376,2033581105.6766183],[1614369864858,1938788962.375613],[1614373437437,1933229764.2155237],[1614377334346,1897088864.250017],[1614380412883,1893973002.079315]]}