{"stats":[[1617926657128,7962866152.083406],[1617930233105,7996950369.149368],[1617933812589,7925080719.241352],[1617937405456,7932086930.276367],[1617941123934,7913677080.009324],[1617944574733,7899929090.72086],[1617948210569,7883956308.545424],[1617951803850,7877753491.87496],[1617955357585,8076054823.608315],[1617958950749,8003345626.51264],[1617962537446,8037839146.908055],[1617966097932,8105613952.546694],[1617969848826,8048125769.546776],[1617973382986,7948417940.191289],[1617977687549,7917656660.381002],[1617980735893,7899188719.572274],[1617984093410,7906628327.782787],[1617987864376,7924487388.18928],[1617991293223,7967507732.187369],[1617995041516,7948565945.06754],[1617998628810,7943319324.687062],[1618002394109,7958422528.399757],[1618006005833,8009037140.467042],[1618009501041,7959743331.044354]],"total_volumes":[[1617926657128,1254061265.4891999],[1617930233105,1225022001.8074963],[1617933812589,1193068565.8528306],[1617937405456,1170599976.0995924],[1617941123934,1150818947.7539532],[1617944574733,1079121792.2975478],[1617948210569,1032874476.496072],[1617951803850,999537332.268945],[1617955357585,1196185015.7769077],[1617958950749,1250389022.5712874],[1617962537446,1259410406.5314155],[1617966097932,1263764147.964698],[1617969848826,1254238024.8904684],[1617973382986,1261843788.5564582],[1617977687549,1277673156.263288],[1617980735893,1294564670.7848265],[1617984093410,1292112595.2328532],[1617987864376,1290792769.4286494],[1617991293223,1281314363.7915897],[1617995041516,1270464980.0257633],[1617998628810,1267136970.0313072],[1618002394109,1265234735.4920132],[1618006005833,1269677183.5670993],[1618009501041,1236187299.6064515]]}