{"stats":[[1614816099261,6527074840.471931],[1614819961761,6587814881.166531],[1614823676238,6587276418.780127],[1614826992804,6506842464.137514],[1614830790737,6448907616.983808],[1614834242936,6443800152.330554],[1614837839847,6514179227.908107],[1614841531519,6465474208.645832],[1614845191721,6484997978.381638],[1614848847425,6483179399.133928],[1614852411451,6477582712.615666],[1614856270914,6475028547.767266],[1614859392790,6481643850.317379],[1614863093617,6419080065.364814],[1614866473881,6486720146.756491],[1614870250835,6390114344.813026],[1614874271855,6465940708.690185],[1614877488732,6488110267.608176],[1614881204373,6457090378.88837],[1614884544986,6226680271.082282],[1614888444238,6364347546.303722],[1614892022469,6383407818.785609],[1614895525287,6454063984.213284],[1614899371341,6574051507.297096]],"total_volumes":[[1614816099261,1233795413.868452],[1614819961761,1251397188.830334],[1614823676238,1257081567.221821],[1614826992804,1248548576.9218268],[1614830790737,1253180643.389276],[1614834242936,1262501309.1010892],[1614837839847,1279970105.1984315],[1614841531519,1263729300.2268531],[1614845191721,1260055463.8881488],[1614848847425,1252050239.436594],[1614852411451,1267423557.8981175],[1614856270914,1260418535.256392],[1614859392790,1249352712.3831747],[1614863093617,1211524219.596395],[1614866473881,1208579471.8092086],[1614870250835,1170602003.0888782],[1614874271855,1191855453.8896492],[1614877488732,1197425121.005127],[1614881204373,1185755545.229368],[1614884544986,1201432262.2477195],[1614888444238,1256194642.3504648],[1614892022469,1265524206.1937437],[1614895525287,1290947818.7369442],[1614899371341,1328941887.3186207]]}