{"stats":[[1611275003625,1040979491.3324572],[1611277844808,1002786021.3579608],[1611281981311,1014079910.4302301],[1611285696559,1035891885.4211473],[1611289179809,1055820757.9295999],[1611293182191,1064442624.7651508],[1611295502644,1082548164.2837224],[1611299244185,1077341706.4548724],[1611302593139,1039888145.601085],[1611306301968,1061291909.9764615],[1611310097827,1074398559.8683572],[1611314687475,1080538596.791553],[1611317864932,1079643090.2784286],[1611321444873,1088425763.2286112],[1611325078384,1100403448.6517549],[1611327778360,1113583010.8832624],[1611332644616,1090272510.559323],[1611335396567,1109238259.220971],[1611338936149,1103709806.202971],[1611343378512,1108162505.297156],[1611345877876,1101913100.9684448],[1611350498607,1097137828.4929757],[1611353846385,1103774253.3573115],[1611356668688,1088875851.4206889]],"total_volumes":[[1611275003625,294879245.67258257],[1611277844808,294852673.9210812],[1611281981311,312233424.7194086],[1611285696559,321985793.9837507],[1611289179809,331754199.2721923],[1611293182191,334796617.1713839],[1611295502644,343127155.57805383],[1611299244185,342967350.90676653],[1611302593139,332654137.74981457],[1611306301968,343081413.2448835],[1611310097827,332705929.4061345],[1611314687475,328457383.1579014],[1611317864932,323195913.4767609],[1611321444873,318437340.0709932],[1611325078384,320325735.7164243],[1611327778360,322074415.76476043],[1611332644616,310464339.167287],[1611335396567,311838552.169488],[1611338936149,305937821.6291706],[1611343378512,307771533.76201725],[1611345877876,309412042.8973377],[1611350498607,306956387.05899787],[1611353846385,307786384.14842755],[1611356668688,296193481.10173005]]}