{"stats":[[1611014515210,1180603793.0878499],[1611018693512,1172803625.0329313],[1611022617578,1170945228.489317],[1611026376989,1175150083.308958],[1611029223016,1170453778.67918],[1611032882179,1182537735.82936],[1611036577441,1181883157.0854256],[1611040361729,1198417357.76014],[1611043441548,1200227616.0847554],[1611047206581,1203502523.7903287],[1611050991662,1200885479.5220182],[1611054274307,1194069749.8116963],[1611058363696,1199204121.483724],[1611061671021,1187647123.240762],[1611065959510,1189168149.9270651],[1611069561686,1177467034.6159604],[1611072545323,1176096361.7477508],[1611076600081,1170342252.8786712],[1611079474567,1172114654.068805],[1611083087162,1157392922.7068052],[1611087748870,1159263257.2710738],[1611090843279,1170802456.7727802],[1611094692285,1170761738.1922295],[1611097853495,1168381718.0468128]],"total_volumes":[[1611014515210,292476114.0269545],[1611018693512,287847774.5576982],[1611022617578,283787211.8753106],[1611026376989,285489236.8836512],[1611029223016,278869178.68569297],[1611032882179,285574678.5707774],[1611036577441,283405330.81826305],[1611040361729,299594398.04028475],[1611043441548,315403102.27516663],[1611047206581,321991747.4180112],[1611050991662,320657600.43485755],[1611054274307,319756850.9010597],[1611058363696,321236167.0741831],[1611061671021,313574676.56144345],[1611065959510,314430249.35055244],[1611069561686,314873925.9724651],[1611072545323,321232752.2873859],[1611076600081,319878451.9849327],[1611079474567,318969286.60839236],[1611083087162,321270636.13545114],[1611087748870,323925195.8277959],[1611090843279,326884805.35094523],[1611094692285,328290975.35926855],[1611097853495,329253658.050799]]}