{"stats":[[1612829667498,10164021992.649546],[1612834591893,10191706839.734417],[1612836448122,10259071352.738625],[1612839896103,10276081173.835283],[1612843811964,10476130773.062288],[1612847406947,10377170639.736279],[1612850855675,10359422168.592783],[1612854505657,10249529845.63028],[1612857703349,10266717286.94783],[1612861287695,10095829678.521025],[1612865076414,9969027229.38593],[1612868684667,10091724462.848143],[1612872101142,10259442579.436708],[1612875722346,10160957207.16863],[1612879439442,10251222832.761183],[1612883099199,9996188008.686962],[1612887101172,9192172956.805601],[1612890131884,9084680070.445215],[1612893880310,9105169168.426832],[1612898010239,8873010427.24009],[1612901085168,9372252191.351213],[1612905210385,9111575754.61279],[1612908719536,9160049147.997921],[1612911837956,9097874668.376503]],"total_volumes":[[1612829667498,10663606550.964922],[1612834591893,9705354175.046452],[1612836448122,9731561129.109055],[1612839896103,9543851675.912348],[1612843811964,9085739172.510155],[1612847406947,8752161535.05516],[1612850855675,8570165898.552384],[1612854505657,8427046015.593418],[1612857703349,8175202666.816139],[1612861287695,8167869855.681994],[1612865076414,7827883324.475235],[1612868684667,7656689100.222109],[1612872101142,7736945713.357354],[1612875722346,7524085211.582498],[1612879439442,7123052341.451284],[1612883099199,6530949003.867866],[1612887101172,6195943272.059185],[1612890131884,6438309967.956345],[1612893880310,6529175231.866997],[1612898010239,6332769196.850756],[1612901085168,6580576791.160479],[1612905210385,6494041330.7085085],[1612908719536,6397180025.566765],[1612911837956,6312362212.999726]]}