{"stats":[[1612311191722,4054295191.8342094],[1612314268050,4153530031.7959065],[1612318345839,4198268372.2077665],[1612321877260,4208293781.3288536],[1612325309874,4228645481.019878],[1612328993873,4182487970.9050474],[1612332287006,4162415847.0868483],[1612335759885,4149066681.845571],[1612339794819,4179897178.6673956],[1612343491701,4125252721.6481485],[1612346784750,4192797430.1354113],[1612350662615,4203353079.5963845],[1612354053087,4124635384.5166507],[1612357657105,4043309600.287426],[1612361338029,4059688772.236797],[1612364470544,4057915046.9771137],[1612368119114,4060211701.487717],[1612371874629,4077683564.856264],[1612375675181,4123431669.8173094],[1612379686740,4166574358.737327],[1612383272261,4177178354.086225],[1612386288655,4420218277.43025],[1612389920891,4800218491.419908],[1612394169958,4663733607.670395]],"total_volumes":[[1612311191722,2417343183.829606],[1612314268050,2356293147.4378095],[1612318345839,2215636711.7209325],[1612321877260,2182070044.684575],[1612325309874,2161349441.6508183],[1612328993873,2097599486.3809967],[1612332287006,2049894451.1016078],[1612335759885,2012943572.228952],[1612339794819,1959806453.569227],[1612343491701,1888465967.9389904],[1612346784750,1883601498.6848595],[1612350662615,1836516175.311645],[1612354053087,1780269419.9667404],[1612357657105,1777551397.3501315],[1612361338029,1780030357.251986],[1612364470544,1691129550.0178046],[1612368119114,1609632019.0883477],[1612371874629,1576930722.3695881],[1612375675181,1616690070.930658],[1612379686740,1607914115.7780914],[1612383272261,1594830949.3997803],[1612386288655,1828724785.9674206],[1612389920891,2478428734.8278723],[1612394169958,2580188754.1194363]]}