{"stats":[[1610582467839,1106626599.018502],[1610586471118,1102711197.9646351],[1610591305840,1089915590.5979922],[1610593636670,1082360602.2453954],[1610598736019,1075187008.1295033],[1610600942253,1075130711.5352175],[1610605468480,1093024380.8020658],[1610608749926,1099106093.076515],[1610612624559,1115453272.9266965],[1610615444274,1103294312.210627],[1610620169275,1099346104.990622],[1610622646871,1099506593.3443797],[1610626457975,1095802018.653179],[1610629399708,1107163665.0555065],[1610634659614,1155495396.231639],[1610637484008,1224099661.8711936],[1610641003020,1235502601.8692124],[1610643895819,1209156553.6769493],[1610647846529,1179919854.9374208],[1610651794525,1195586034.293608],[1610654714460,1210496785.16803],[1610659742932,1184593519.3420324],[1610662878339,1186657751.325912],[1610666773903,1192220435.6633148]],"total_volumes":[[1610582467839,279274226.79731566],[1610586471118,279375600.51523876],[1610591305840,275445183.24904305],[1610593636670,270580151.3039896],[1610598736019,265111281.27355704],[1610600942253,262634684.8432246],[1610605468480,261410842.3053632],[1610608749926,263988241.5492415],[1610612624559,262807027.27389053],[1610615444274,258540744.98595622],[1610620169275,266528932.8144687],[1610622646871,265957089.90759644],[1610626457975,262663396.98051816],[1610629399708,269155580.855657],[1610634659614,297875445.4903121],[1610637484008,339970932.37767065],[1610641003020,400809030.16023797],[1610643895819,407287323.8598979],[1610647846529,410030031.3828302],[1610651794525,419087553.5883488],[1610654714460,439279491.35611373],[1610659742932,437051057.4746678],[1610662878339,455299418.49537927],[1610666773903,465789625.90440756]]}