{"stats":[[1609891375436,1257877104.268277],[1609895955023,1256334480.591962],[1609899540578,1256719599.872033],[1609903158389,1255523405.8238633],[1609906811745,1285969474.8537402],[1609909554876,1355890481.7383316],[1609913587366,1331577996.0255933],[1609916483418,1366577618.8964686],[1609920262329,1319207945.6080825],[1609923799070,1337969120.2636251],[1609927754492,1303273779.2721093],[1609931319901,1295849749.6137981],[1609934590613,1315955774.8990119],[1609940331604,1292031829.5626206],[1609941825023,1291295265.946946],[1609946055918,1282140385.0458555],[1609949047518,1281540683.2884283],[1609953089036,1293333242.5254233],[1609956186986,1317576076.0905952],[1609960112815,1319551023.5465045],[1609965017342,1264499946.8914852],[1609967058587,1319767264.1829739],[1609970630596,1301465250.6764607],[1609974420568,1314450354.7168546]],"total_volumes":[[1609891375436,643097357.7319219],[1609895955023,635338876.5892037],[1609899540578,631051786.1830053],[1609903158389,622172629.8909687],[1609906811745,637956467.8970486],[1609909554876,685195010.1098529],[1609913587366,722826991.718999],[1609916483418,748008476.278401],[1609920262329,730617849.8544023],[1609923799070,742823845.0582292],[1609927754492,723889098.1230255],[1609931319901,702093978.7683493],[1609934590613,710309299.7993026],[1609940331604,694060898.7867442],[1609941825023,700774267.4793777],[1609946055918,689392004.2574596],[1609949047518,681958674.9121656],[1609953089036,703842479.4361318],[1609956186986,709872662.0093653],[1609960112815,713523706.5206592],[1609965017342,704422775.2394092],[1609967058587,731173099.1642612],[1609970630596,722092529.872505],[1609974420568,721183890.6144522]]}