{"stats":[[1611187486819,1158148986.8963308],[1611191941229,1160484199.0949392],[1611194785268,1146107973.9453914],[1611198402524,1145558617.1376781],[1611201892189,1136629448.9843202],[1611205912774,1127351790.626744],[1611210298459,1137514000.5994065],[1611213075567,1141452701.9240336],[1611216211960,1146944136.5234416],[1611219925016,1108884948.5737522],[1611223497964,1108091152.361839],[1611227053316,1100209003.6643617],[1611230533813,1089887694.8282886],[1611234710491,1102408486.7733583],[1611238034458,1091449643.4785635],[1611241347091,1068114721.5283988],[1611246373496,1089848030.8480282],[1611248826916,1061867028.0587642],[1611252485041,1074884195.9386027],[1611256188095,1082274324.0210285],[1611259944629,1097630012.433304],[1611264240642,1094085351.6772723],[1611267829694,1059041970.7362974],[1611271373423,1056614710.1819941]],"total_volumes":[[1611187486819,313732430.34542584],[1611191941229,313043075.3017188],[1611194785268,309653691.59176797],[1611198402524,308764104.68657166],[1611201892189,303874910.8102091],[1611205912774,295207676.4008556],[1611210298459,298221916.67729765],[1611213075567,292662294.9901577],[1611216211960,289249110.7454362],[1611219925016,279941738.74259275],[1611223497964,284867100.3026023],[1611227053316,282754397.6675863],[1611230533813,278727719.64044875],[1611234710491,284869461.1429803],[1611238034458,281479632.4069813],[1611241347091,273821722.6230863],[1611246373496,281445052.7758607],[1611248826916,275014993.3445164],[1611252485041,282730980.61441034],[1611256188095,287043996.2601811],[1611259944629,292197600.1630515],[1611264240642,291214695.0674186],[1611267829694,284514539.97745186],[1611271373423,295354863.02368546]]}