{"stats":[[1615507289729,7201587925.215205],[1615511119805,7166889887.543103],[1615514688713,7179473448.201056],[1615518430458,7187939837.353108],[1615521997901,7285579056.852688],[1615525330378,7251281152.02627],[1615528979780,7289293856.581995],[1615532518427,7258866638.555334],[1615536069199,7215909712.638451],[1615540032517,7184645590.149552],[1615543646414,7175785803.371598],[1615547207676,7185227017.609321],[1615550651309,7164933705.845359],[1615554441300,7164826192.775175],[1615557705494,7115866546.65123],[1615561282077,7033976299.110336],[1615565186198,7139107358.119404],[1615568665271,7084101184.052034],[1615572500976,7090221469.707627],[1615575877927,7070385504.630849],[1615579252839,7057312434.223647],[1615583147786,7078472515.038765],[1615586981585,7083491582.369534],[1615590094444,7126932970.3910885]],"total_volumes":[[1615507289729,1390253342.513301],[1615511119805,1394748434.545543],[1615514688713,1371290240.935399],[1615518430458,1363568988.6954865],[1615521997901,1416841551.2881858],[1615525330378,1421701112.1259851],[1615528979780,1429406530.3518085],[1615532518427,1430507592.1692655],[1615536069199,1425764492.1234453],[1615540032517,1409821767.74219],[1615543646414,1400534724.951974],[1615547207676,1412448023.835849],[1615550651309,1415773417.1710315],[1615554441300,1412207541.936565],[1615557705494,1454123688.4992032],[1615561282077,1408824862.234201],[1615565186198,1396208061.9694006],[1615568665271,1381318537.446373],[1615572500976,1371020153.466706],[1615575877927,1350814378.9184651],[1615579252839,1334808754.1707757],[1615583147786,1338240322.1720552],[1615586981585,1350641243.8523197],[1615590094444,1361215398.8601763]]}