{"stats":[[1611792411348,956296193.5175658],[1611797790192,976981724.6519676],[1611801564351,992842382.2840968],[1611803062813,988838799.2934821],[1611807236956,1021931116.2305909],[1611810875031,1450813652.1249928],[1611814116187,1609017133.6121516],[1611817489803,1408242629.964468],[1611821605924,1405958665.1984723],[1611825365145,1448043759.6320803],[1611828834508,1564306175.4492958],[1611831891629,1611856855.2021751],[1611835536496,1624182825.9084194],[1611839365631,1545285244.0913374],[1611843667795,1796448710.4203558],[1611846154697,1870742517.9572937],[1611850902372,2189049770.6166244],[1611853881767,2464272158.094424],[1611857683143,2526775529.6214957],[1611861672429,3064723925.776932],[1611864423883,2816529053.1655617],[1611868132012,3033130063.047222],[1611871380997,3107089749.457401],[1611875977944,3343872524.902655]],"total_volumes":[[1611792411348,222286527.11496532],[1611797790192,234182423.51557785],[1611801564351,238899184.45276767],[1611803062813,238840937.01069218],[1611807236956,247614183.07138357],[1611810875031,596386470.3499546],[1611814116187,1067677277.7059333],[1611817489803,1204308532.1018593],[1611821605924,1436730638.0701194],[1611825365145,1592408265.4307642],[1611828834508,1805069013.9034011],[1611831891629,2028509929.8644018],[1611835536496,2187062690.1203704],[1611839365631,2208985698.088792],[1611843667795,2759191524.61076],[1611846154697,3540636276.4406414],[1611850902372,5108101507.609519],[1611853881767,6245059110.95129],[1611857683143,6999210090.200253],[1611861672429,9083444392.757734],[1611864423883,8801356644.646435],[1611868132012,10167441908.195469],[1611871380997,10592751393.341356],[1611875977944,11939433084.748283]]}