{"stats":[[1616889698013,6962666597.6680355],[1616893684579,7094007015.629554],[1616897294195,7105974948.960632],[1616900687425,7093078206.876444],[1616904029000,7090691322.012919],[1616907978055,7110403637.072036],[1616911496179,7114400597.640196],[1616915737014,7102848040.338463],[1616918886851,7115490011.057008],[1616922261370,7130781538.555404],[1616925941886,7118633616.790861],[1616929324980,7065923257.744878],[1616933050873,7063015991.829347],[1616936447131,7008972887.206886],[1616941182662,7006952429.669686],[1616943704800,7052938284.9788065],[1616948061459,7057861978.02232],[1616951519945,7058119783.911631],[1616955196743,7034884964.207135],[1616958477949,6775871040.40984],[1616962616445,6943569563.011059],[1616965887732,6939450478.87306],[1616968832790,6986758204.752775],[1616973039693,6986801438.496468]],"total_volumes":[[1616889698013,1017584672.3414593],[1616893684579,1012941400.9547952],[1616897294195,1015716332.0959417],[1616900687425,1003202200.0918233],[1616904029000,997349141.2679098],[1616907978055,1001450623.5649374],[1616911496179,1002590612.3518754],[1616915737014,1004004265.162928],[1616918886851,1015569951.6424513],[1616922261370,1015845915.0981491],[1616925941886,934807978.650032],[1616929324980,912373733.764023],[1616933050873,890045731.8067555],[1616936447131,885697157.2513932],[1616941182662,876558057.8471487],[1616943704800,876766349.5185093],[1616948061459,880421959.5191671],[1616951519945,867119511.0626631],[1616955196743,855838840.3461952],[1616958477949,845660014.665937],[1616962616445,842801798.4955748],[1616965887732,841556572.4344635],[1616968832790,835556478.0358486],[1616973039693,836418741.7214789]]}