{"stats":[[1617149000306,7046811980.471197],[1617153386130,7101700500.711159],[1617156695265,7091648865.8642],[1617160710373,7003925996.824367],[1617163721152,6993976767.421692],[1617166906420,7037508370.919839],[1617171964579,7056945255.241874],[1617174656292,7076320256.342034],[1617178197130,6929648333.115391],[1617182501082,6924150178.029687],[1617185617276,6789660021.783528],[1617188626997,6879542628.627735],[1617192242780,6927360938.790134],[1617196525413,6927208515.306803],[1617199611158,6940218176.271524],[1617204063984,6993397869.144118],[1617206600963,7003845830.53483],[1617210227768,6951514846.383614],[1617214470531,6797785977.973312],[1617217432567,6987721351.0170965],[1617221003069,6963543186.03241],[1617224895472,6974526819.949702],[1617229125247,6991201100.484234],[1617232785245,6944258866.170643]],"total_volumes":[[1617149000306,1141286834.2853527],[1617153386130,1151417922.3507993],[1617156695265,1146302244.7804174],[1617160710373,1143547421.7427895],[1617163721152,1135329573.7056894],[1617166906420,1133542855.2776449],[1617171964579,1140577494.5075],[1617174656292,1145871869.9423945],[1617178197130,1126069040.597866],[1617182501082,1185325483.7381465],[1617185617276,1160495552.111343],[1617188626997,1168302344.7236357],[1617192242780,1156638625.3784258],[1617196525413,1141229313.7925112],[1617199611158,1132750511.613141],[1617204063984,1014576043.4200788],[1617206600963,999462601.4530828],[1617210227768,1002920828.8634897],[1617214470531,941768257.6757824],[1617217432567,965313575.9558852],[1617221003069,946529220.2799065],[1617224895472,975403761.1349412],[1617229125247,989071623.5383499],[1617232785245,1019548489.4367863]]}