{"stats":[[1617494822443,7226456579.243811],[1617499385942,7244761395.814879],[1617502703208,7329675703.244692],[1617507383083,7362791508.630617],[1617510711103,7382411645.934217],[1617514395667,7379565859.382592],[1617516131063,7378204333.347725],[1617519605075,7355489149.043918],[1617523210859,7347089139.464577],[1617527057111,7433268164.589859],[1617530496299,7448131993.852898],[1617534263808,7410442326.988077],[1617537782042,7375366386.056629],[1617541283375,7372714753.337338],[1617544908598,7451472476.459016],[1617548557973,7437683688.925869],[1617552463724,7393195860.003347],[1617555966591,7438754672.1784725],[1617559290373,7541532921.741991],[1617563075845,7452047610.404617],[1617566729032,7429199397.896666],[1617570247449,7404609358.795264],[1617573877954,7447045547.231351],[1617577692378,7443360926.499118]],"total_volumes":[[1617494822443,1447825844.1998043],[1617499385942,1478213492.893052],[1617502703208,1487880450.8101993],[1617507383083,1475092415.0194533],[1617510711103,1459091806.8431954],[1617514395667,1445488891.1050842],[1617516131063,1443497891.0694005],[1617519605075,1405790757.2068465],[1617523210859,1402348470.7963328],[1617527057111,1391278506.162883],[1617530496299,1376437037.1162865],[1617534263808,1346142864.3744314],[1617537782042,1334784198.1076589],[1617541283375,1366785989.0764906],[1617544908598,1406587930.8526113],[1617548557973,1423703678.7420611],[1617552463724,1407408106.6143274],[1617555966591,1416703185.7919695],[1617559290373,1435248900.7009692],[1617563075845,1388338813.2784371],[1617566729032,1364466405.730078],[1617570247449,1342839531.6870956],[1617573877954,1327997902.5649269],[1617577692378,1303043845.0581412]]}