{"stats":[[1611706839588,1052139151.5426245],[1611711136161,1039690532.5356445],[1611712851272,1042119933.4274849],[1611716711071,1042397699.5593115],[1611720453032,1035269202.9664292],[1611724616102,1031962769.6013045],[1611727554226,1027711689.8586086],[1611731920267,1031810822.1640502],[1611735479516,1031225521.4840652],[1611739621043,1012504036.0413653],[1611741174226,1011223918.1626701],[1611743070945,1013096743.9952288],[1611745407516,1019057122.9971247],[1611750273916,995774298.7353925],[1611752541291,1006530531.448307],[1611757127225,967585989.1953831],[1611759673970,936111160.7580212],[1611763472902,986346231.4647707],[1611767086301,975382296.1688701],[1611771118484,960651550.4265175],[1611775141606,950671271.445162],[1611777768176,960013008.8273128],[1611782210844,971119256.7144789],[1611785858610,962801967.1927358],[1611789383199,954146408.2506493]],"total_volumes":[[1611706839588,209698125.3545777],[1611711136161,206769030.34974244],[1611712851272,205727868.01260075],[1611716711071,205381281.51499873],[1611720453032,201063937.40394565],[1611724616102,198012820.21497273],[1611727554226,197524775.70872882],[1611731920267,195485931.00837442],[1611735479516,193456072.00732782],[1611739621043,192232734.56290558],[1611741174226,192641445.6079009],[1611743070945,192399296.4820637],[1611745407516,193756047.90958136],[1611750273916,191613551.09180626],[1611752541291,192024828.65890017],[1611757127225,189766587.76603913],[1611759673970,190829174.34872162],[1611763472902,205914631.65033624],[1611767086301,205051726.381946],[1611771118484,207855346.76265755],[1611775141606,212016729.3425221],[1611777768176,213312009.2653921],[1611782210844,218499461.7963289],[1611785858610,219859553.14489836],[1611789383199,217648256.40606105]]}