{"stats":[[1613261094974,8583843025.684837],[1613266095419,8407034092.762243],[1613268121711,8297512889.62128],[1613272022642,8468792575.267215],[1613275722021,8348309281.13406],[1613278839699,8130794964.438138],[1613282944054,8354314633.50494],[1613286454660,8451641320.763088],[1613289999273,8405234723.213409],[1613293423963,8362626571.756265],[1613297559174,8331417227.645301],[1613300890926,8233086923.874835],[1613304310991,8242882141.388222],[1613307616487,8034553981.0623455],[1613311222048,7573930309.134844],[1613314940888,7452023741.737627],[1613318837288,7667625466.770435],[1613322793286,7954667617.027287],[1613325862667,7757935384.1711235],[1613329382568,7430614233.070912],[1613333191747,7621937606.191457],[1613336836794,7687004166.250401],[1613340086550,7657660893.002706],[1613343980072,7475384805.439338]],"total_volumes":[[1613261094974,2275047526.10314],[1613266095419,2266255993.999975],[1613268121711,2273019501.633875],[1613272022642,2275705248.6489615],[1613275722021,2228647496.2966185],[1613278839699,2205982935.1223626],[1613282944054,2309822493.59783],[1613286454660,2351459191.551749],[1613289999273,2327670896.5223236],[1613293423963,2300843770.4668627],[1613297559174,2307273016.882712],[1613300890926,2269625822.013673],[1613304310991,2256958586.626409],[1613307616487,2226948753.13876],[1613311222048,2249621012.985746],[1613314940888,2463381348.89216],[1613318837288,2667011876.701247],[1613322793286,2862339298.8260036],[1613325862667,2854734917.390671],[1613329382568,2898210734.777944],[1613333191747,2953659718.885911],[1613336836794,2953510263.776746],[1613340086550,2926738759.02629],[1613343980072,2881288121.394443]]}