{"stats":[[1611533935044,1109606385.0562608],[1611536870984,1118895466.6486497],[1611540754184,1117100288.4355197],[1611544406040,1119141451.832231],[1611547455941,1127869872.0495858],[1611551614943,1125273634.563065],[1611554892103,1115442762.7934136],[1611558553505,1128566409.1278574],[1611562069796,1118928353.8800874],[1611566042338,1121549554.1440852],[1611570644837,1108137872.6918073],[1611573914521,1109347532.8349519],[1611577130611,1103890028.0326052],[1611579889973,1130435387.4688566],[1611583718240,1120113104.07841],[1611588321582,1104692526.219216],[1611590675203,1104965567.069314],[1611594303094,1094715327.131731],[1611597858306,1095612075.574529],[1611602395122,1089663860.7717354],[1611606208588,1084136370.1716106],[1611609289354,1082924378.1194446],[1611612099725,1074357098.3941512],[1611617083302,1073432310.5197272]],"total_volumes":[[1611533935044,253670509.11342493],[1611536870984,252502029.90049654],[1611540754184,255446743.600047],[1611544406040,256033573.20832342],[1611547455941,259241716.78020072],[1611551614943,257592701.5479537],[1611554892103,255736337.20080978],[1611558553505,256017422.85502568],[1611562069796,256726911.26271453],[1611566042338,258045461.96015263],[1611570644837,259013550.77517632],[1611573914521,262267467.84487417],[1611577130611,256333496.74884793],[1611579889973,262011124.13586786],[1611583718240,264220210.5245777],[1611588321582,262030273.66367945],[1611590675203,256476552.862423],[1611594303094,253568052.22214204],[1611597858306,252215992.15353],[1611602395122,247422692.71688068],[1611606208588,239734398.32057485],[1611609289354,237120151.321582],[1611612099725,234999725.7297598],[1611617083302,236288365.99883008]]}