{"stats":[[1616371977848,7362361574.872333],[1616375621475,7333464172.086473],[1616378901457,7390017732.52745],[1616382298442,7373081402.452345],[1616386037287,7399758658.158081],[1616389483186,7432375308.588279],[1616393044230,7433822041.583727],[1616397273574,7422461514.446587],[1616400322868,7389617331.023188],[1616404176787,7356290458.102444],[1616408063943,7406157160.673457],[1616411616374,7449567020.680265],[1616415168695,7436416930.331037],[1616418457985,7387143451.914932],[1616422499894,7333775008.354046],[1616425888572,7357843045.958229],[1616429498537,7352161619.396509],[1616432578443,7366475398.786081],[1616436386207,7353092273.7442465],[1616439879971,7341221604.057406],[1616443232127,7303643920.656005],[1616447335664,7155163489.100783],[1616450452571,7179551705.605992],[1616454898850,7174145448.613343]],"total_volumes":[[1616371977848,938271631.3967655],[1616375621475,933499416.1036627],[1616378901457,936272603.6088985],[1616382298442,920520954.2365327],[1616386037287,910405089.2885853],[1616389483186,915746997.9978616],[1616393044230,906175449.0515205],[1616397273574,884589465.4244359],[1616400322868,861078010.3553505],[1616404176787,853479358.3450979],[1616408063943,843059389.3378236],[1616411616374,840325407.6682949],[1616415168695,820130678.0462112],[1616418457985,806556747.0798517],[1616422499894,794515566.2425745],[1616425888572,791718755.445902],[1616429498537,788826958.7251655],[1616432578443,791758449.3015655],[1616436386207,795415769.1120522],[1616439879971,791036089.665775],[1616443232127,808073223.8373358],[1616447335664,825234277.9998287],[1616450452571,855025157.4183536],[1616454898850,878947171.1185035]]}