{"stats":[[1612915314259,8978311025.66714],[1612918852426,9141422252.250383],[1612923011942,9112900769.960241],[1612926291811,9045573213.028421],[1612930169156,9021792614.716873],[1612933471026,8975117801.647377],[1612937106571,9403305803.150877],[1612940578211,9678418667.874456],[1612944223584,9733208712.247929],[1612947759678,9509308230.987305],[1612951600938,9220700101.5062],[1612955124327,9256690947.430624],[1612958649959,9368037929.831438],[1612964109933,8963673982.870901],[1612966041321,9111418129.997349],[1612969651060,8894224059.40785],[1612973077567,9484031011.576609],[1612976866593,9740274230.54467],[1612980201960,9543445125.29885],[1612984297845,9300990078.382708],[1612987437633,9510908562.382875],[1612991393074,9350553855.403313],[1612994666585,9396595396.569042],[1612998876198,9472388112.990927]],"total_volumes":[[1612915314259,6181134722.819423],[1612918852426,6149460568.104976],[1612923011942,6063904554.023304],[1612926291811,5992078387.738752],[1612930169156,5874653395.835857],[1612933471026,5796620032.590277],[1612937106571,6187516306.613001],[1612940578211,6439060139.918021],[1612944223584,6525817190.910892],[1612947759678,6455034478.034749],[1612951600938,6324660166.74656],[1612955124327,6313692338.611623],[1612958649959,6331537058.1847515],[1612964109933,6283638286.379528],[1612966041321,6349940157.035511],[1612969651060,6238157918.498462],[1612973077567,7144030343.18188],[1612976866593,6914121361.367642],[1612980201960,6749056126.029023],[1612984297845,6528475495.465236],[1612987437633,6533793042.98002],[1612991393074,6404386782.221411],[1612994666585,6428603986.005034],[1612998876198,6382085841.73414]]}