{"stats":[[1610410141585,1132719253.9873154],[1610413307344,1087635657.4522924],[1610417055992,1063873859.3873488],[1610420952074,1077955101.4239936],[1610424540608,1096404254.2867498],[1610428686549,1118000851.4147398],[1610431510421,1124382801.7880125],[1610435475976,1149995879.7154672],[1610438683200,1148662941.77126],[1610442939506,1109546682.078379],[1610445847804,1116913569.3601968],[1610449642258,1072751953.9729924],[1610454209613,1100575964.5268843],[1610456829418,1081411999.1111782],[1610460718521,1039967008.0800714],[1610464044913,1035765417.586425],[1610467896676,1050885788.2015358],[1610471818009,1079122216.7337508],[1610476299957,1079837024.7788985],[1610478683184,1062096470.2323028],[1610482023056,1034738159.3423439],[1610486638966,1043023352.370368],[1610489493334,1055441884.8673487],[1610492575617,1027812601.8439938]],"total_volumes":[[1610410141585,561254297.4372066],[1610413307344,547249818.3054216],[1610417055992,539121714.6351964],[1610420952074,539416863.4290323],[1610424540608,532313263.52694523],[1610428686549,528370480.59705865],[1610431510421,531226659.30372584],[1610435475976,532827360.5830191],[1610438683200,520467550.36784315],[1610442939506,496848185.53851026],[1610445847804,491811737.9637803],[1610449642258,478834478.3597121],[1610454209613,481745874.590938],[1610456829418,469352193.48839426],[1610460718521,441177245.328904],[1610464044913,429329064.95549273],[1610467896676,431295977.5506109],[1610471818009,422363198.1262951],[1610476299957,400832052.96812934],[1610478683184,390917474.0073206],[1610482023056,372778160.08553475],[1610486638966,363342525.06186235],[1610489493334,360825945.3875088],[1610492575617,345825034.80355495]]}