{"stats":[[1611879987632,4835696692.778538],[1611882331490,5640300970.778427],[1611886233017,4789032210.694323],[1611890347291,5512757026.762381],[1611893112223,9066242284.713171],[1611897588779,8963053505.194305],[1611901152382,7256925249.723632],[1611904673204,7334846914.679379],[1611907489942,6514707053.676924],[1611911682738,6797561090.639262],[1611914552017,5070121645.349211],[1611918385790,5625036695.025074],[1611922180359,6412969550.938472],[1611925439193,7771909602.033484],[1611929245633,6974830435.712681],[1611933613136,7345946165.965407],[1611936749541,6915100020.570355],[1611940097741,6673107531.54134],[1611943754319,5497699405.173868],[1611947645384,5978548441.894542],[1611951546035,6084269373.8848295],[1611954896594,6658768586.04053],[1611958479854,6773129353.558862],[1611961411437,6656695610.356019]],"total_volumes":[[1611879987632,17630190434.161865],[1611882331490,21252532570.118263],[1611886233017,19552859017.768013],[1611890347291,1182497203.0042007],[1611893112223,40196351616.297844],[1611897588779,40427833851.26328],[1611901152382,1471888512.1884146],[1611904673204,28774082314.540413],[1611907489942,27257414634.557953],[1611911682738,27155978531.072243],[1611914552017,23635229202.153233],[1611918385790,26981559297.83632],[1611922180359,28436391410.471622],[1611925439193,33427821512.038406],[1611929245633,31173459497.87066],[1611933613136,31967770510.18962],[1611936749541,28756542769.529133],[1611940097741,26862779344.51469],[1611943754319,23498544094.257065],[1611947645384,23345654237.022724],[1611951546035,23268593946.570366],[1611954896594,24223175301.770676],[1611958479854,24708782129.503376],[1611961411437,23380973430.65918]]}