{"stats":[[1618272145038,9196724800.293638],[1618275897965,9326573997.794308],[1618279315238,9761225742.49699],[1618282913017,9613573090.347757],[1618286641887,9508128755.129671],[1618290355785,9635348026.449047],[1618294158297,9495407489.481663],[1618297353948,9435785277.281956],[1618300914839,9498635192.103073],[1618304499430,9467057676.170769],[1618308248856,9606341305.60204],[1618311840429,9931062246.431437],[1618315820834,9945938642.34858],[1618319184570,9871620985.187342],[1618322524082,10276715208.622572],[1618326586874,10304074955.070312],[1618330296194,10640542288.645378],[1618333325236,11690084722.969185],[1618337165592,11653399633.168352],[1618340979173,11405831183.629047],[1618344232888,11447565924.855589],[1618347695099,11738181441.06212],[1618351340797,11796512369.415634],[1618355221614,11724899393.09034]],"total_volumes":[[1618272145038,2913823058.7413216],[1618275897965,2908632437.797024],[1618279315238,3121065869.494354],[1618282913017,3165766898.1061683],[1618286641887,3173038868.478124],[1618290355785,3215845476.0585017],[1618294158297,3160192385.937727],[1618297353948,3154676901.243569],[1618300914839,3157883255.675132],[1618304499430,3151801417.0381293],[1618308248856,3132605424.672353],[1618311840429,3259864401.100178],[1618315820834,3393570913.26347],[1618319184570,3386551755.3838983],[1618322524082,3641149430.473793],[1618326586874,3909256110.8456235],[1618330296194,4143043736.07393],[1618333325236,5489618131.496397],[1618337165592,6098738003.093512],[1618340979173,6218931936.47442],[1618344232888,6473792281.714868],[1618347695099,6751744548.623513],[1618351340797,6928738708.121583],[1618355221614,7054937778.095736]]}