{"stats":[[1609805077387,1226307420.3356287],[1609808694272,1218314357.9708245],[1609812924969,1265920790.7662284],[1609816160536,1233122616.2631602],[1609820295675,1191073180.927496],[1609823430498,1165981678.7825136],[1609826716200,1153912481.4713924],[1609831142874,1165688859.5095403],[1609834494040,1168205866.0883987],[1609838023639,1174801508.2690969],[1609841971120,1194135173.0663218],[1609845121648,1219219588.3646183],[1609848360925,1254035516.111976],[1609852053017,1221473475.19979],[1609855907513,1186176222.018945],[1609860096519,1223776087.394223],[1609863403471,1204892931.379466],[1609866911115,1226716759.0205603],[1609869806084,1236254710.0183744],[1609873397495,1247048686.241858],[1609877305635,1228421507.8689015],[1609880859639,1219152936.6004286],[1609884740027,1235693391.6726966],[1609887853143,1258133247.9993925]],"total_volumes":[[1609805077387,1238833461.1610012],[1609808694272,1222618291.5638463],[1609812924969,1229713102.3058765],[1609816160536,1186735002.3025231],[1609820295675,1102349720.4174812],[1609823430498,1077242779.9366117],[1609826716200,1039230154.4719872],[1609831142874,1023017628.0675007],[1609834494040,994620616.6501595],[1609838023639,973558243.0582987],[1609841971120,931136057.6631887],[1609845121648,887634625.7516289],[1609848360925,885309010.0314053],[1609852053017,822592632.1945783],[1609855907513,768940824.61525],[1609860096519,760617204.4670979],[1609863403471,687114059.5641693],[1609866911115,662916804.431365],[1609869806084,647019055.8802696],[1609873397495,637148581.0737209],[1609877305635,615594949.4644811],[1609880859639,611478950.4549273],[1609884740027,604913339.3823167],[1609887853143,619450465.1361196]]}