{"stats":[[1619395549012,32636359084.02264],[1619399258856,34199627450.097214],[1619402452155,35113080934.954865],[1619406162478,34085477737.22543],[1619409734888,34324596967.425117],[1619413410795,33931844585.302513],[1619416856657,34062643112.695663],[1619420615407,34760136149.216606],[1619424186274,34397579232.17881],[1619427884417,33984745546.95492],[1619431481130,34467020983.684944],[1619435213780,34015446498.926655],[1619438445871,34573725534.18927],[1619442475340,35449569329.7107],[1619449346378,35034192697.17595],[1619451560740,34828219304.34119],[1619453798631,34846090063.9188],[1619456544709,34542278540.80206],[1619460184496,34696817734.13606],[1619463917759,34575427983.17176],[1619467599441,34689208006.25951],[1619470830588,34577780412.70849],[1619474581563,34430516653.65571],[1619478193583,34634849181.87236]],"total_volumes":[[1619395549012,6723774184.550104],[1619399258856,7787208520.22485],[1619402452155,7948577715.92625],[1619406162478,7013586791.119026],[1619409734888,6987497849.630822],[1619413410795,7043873165.927851],[1619416856657,7240755182.365217],[1619420615407,8156346913.797056],[1619424186274,7473468357.819262],[1619427884417,7395661210.508851],[1619431481130,8197924169.121862],[1619435213780,7326700350.279287],[1619438445871,7483795249.797785],[1619442475340,8672110653.236544],[1619449346378,8043667360.31606],[1619451560740,7997069407.601463],[1619453798631,7766472280.920657],[1619456544709,7697271601.524856],[1619460184496,8523585096.181763],[1619463917759,8069394676.425029],[1619467599441,7925710544.173346],[1619470830588,7690454818.540593],[1619474581563,7125442982.417719],[1619478193583,6640689763.52864]]}