{"stats":[[1611447209224,1098138943.8773112],[1611452258904,1098914144.0292828],[1611454403608,1095250093.249161],[1611457616633,1098894729.8270288],[1611461376205,1100525494.7562969],[1611464506869,1108344725.31107],[1611468736420,1113060638.8213701],[1611472579660,1104525050.591269],[1611475742215,1107478794.6381369],[1611478935379,1103723601.4915133],[1611482602478,1106014188.4710073],[1611486693649,1119841424.364038],[1611490726969,1136933605.9024856],[1611493995730,1106297672.4928873],[1611498122405,1113319404.2085683],[1611500781334,1114198596.0325177],[1611505482471,1109539660.6447449],[1611507875467,1110531299.2652104],[1611512668051,1121576606.3817449],[1611516706411,1092845885.4380207],[1611520033270,1102705768.0373435],[1611522313887,1108692478.8270104],[1611526452975,1108285901.9497483],[1611530780871,1111816617.751514]],"total_volumes":[[1611447209224,260456081.36374703],[1611452258904,263099128.76210234],[1611454403608,260233608.93405867],[1611457616633,259907637.56112453],[1611461376205,260982283.33428514],[1611464506869,260646471.047158],[1611468736420,260871626.4396802],[1611472579660,255622141.6364173],[1611475742215,257853656.63180548],[1611478935379,255806657.0431995],[1611482602478,249481796.16579875],[1611486693649,247114822.22371402],[1611490726969,251562161.13866585],[1611493995730,250084338.79937744],[1611498122405,246987955.16492736],[1611500781334,247201618.94394267],[1611505482471,250214986.69299787],[1611507875467,252477379.28930715],[1611512668051,256038160.58976108],[1611516706411,248963679.60031667],[1611520033270,255912213.89161366],[1611522313887,256678617.28499073],[1611526452975,254434781.28145128],[1611530780871,255590739.04696634]]}