{"stats":[[1618791373269,41360056945.14536],[1618794113710,41212787996.328766],[1618797868027,42090271375.57156],[1618801274378,42510813727.85126],[1618805470911,44164384339.9182],[1618809556965,42940961715.24502],[1618812803029,43013965502.30525],[1618816229802,44930710695.27368],[1618820806826,48737346848.12378],[1618822860484,49024716104.46549],[1618826791599,50837151526.35034],[1618830068816,53983288926.38454],[1618835314278,51620510531.76977],[1618839119322,51898761150.665794],[1618843373935,48826720562.88387],[1618844598985,45615560168.13563],[1618848245047,48188975173.5762],[1618853605803,50647169413.54601],[1618856462330,50692784882.1868],[1618859250999,51244626812.51769],[1618862799672,51272094358.88328],[1618866147099,51651058683.594055],[1618869875950,51042754461.80628],[1618874752593,53793266697.17759]],"total_volumes":[[1618791373269,23444244494.70855],[1618794113710,22179036896.87876],[1618797868027,22086802813.008183],[1618801274378,23171265702.678726],[1618805470911,23393101064.878696],[1618809556965,22531007082.687756],[1618812803029,21140863389.677845],[1618816229802,22826528424.051975],[1618820806826,25915394522.34003],[1618822860484,25891232909.81481],[1618826791599,27252928610.482025],[1618830068816,29421352924.884125],[1618835314278,29615439662.611275],[1618839119322,29510812403.72907],[1618843373935,29558189309.23219],[1618844598985,29126363114.79435],[1618848245047,30187998117.340294],[1618853605803,30469677747.609253],[1618856462330,32207673272.297314],[1618859250999,32476332039.233376],[1618862799672,31927625149.214928],[1618866147099,30801826296.705086],[1618869875950,30359352955.992203],[1618874752593,29237378191.590076]]}