{"stats":[[1609545858841,713465417.9832299],[1609551504818,719713593.7416402],[1609554284569,733781558.4210159],[1609557538910,814895986.8916227],[1609561065458,855935429.743137],[1609565191353,935709404.7235771],[1609568202045,927184793.7192092],[1609570876598,901008131.3157141],[1609575401733,899447035.6478171],[1609578439096,867522807.5085639],[1609582947284,878008432.7078383],[1609586886468,933434698.7549964],[1609590532538,909232386.440491],[1609592950499,882534672.9227201],[1609597889786,942752310.1581423],[1609600154991,978126871.4202856],[1609603431800,1178195915.8142679],[1609608722156,1176852959.6151295],[1609611690816,1272424050.815818],[1609614436359,1403759709.076577],[1609618362027,1497327873.547331],[1609622788058,1288883489.9126568],[1609626737082,1437430252.1475813],[1609629852184,1367156212.5876358]],"total_volumes":[[1609545858841,250098836.04479197],[1609551504818,285220527.6615092],[1609554284569,299193392.52796966],[1609557538910,392769612.8605341],[1609561065458,473128030.9984306],[1609565191353,663305195.1893852],[1609568202045,693414400.0523286],[1609570876598,714015048.4525886],[1609575401733,809786937.275944],[1609578439096,807298892.6463836],[1609582947284,847414600.5504813],[1609586886468,931830993.4684612],[1609590532538,938878754.9311782],[1609592950499,952409022.0077455],[1609597889786,1052193465.7226661],[1609600154991,1124750558.7663646],[1609603431800,1456201613.839526],[1609608722156,1698777441.0658855],[1609611690816,1938191561.8767664],[1609614436359,2406472000.0931425],[1609618362027,2822029058.330626],[1609622788058,2747965863.879283],[1609626737082,3100289375.335219],[1609629852184,3093024013.6420946]]}