{"stats":[[1616025936933,7517749272.836182],[1616029311579,7558432398.104981],[1616033277388,7574598254.584504],[1616036877860,7565795901.978986],[1616040102719,7528846881.176533],[1616044111834,7513582488.869032],[1616047452871,7546560487.081834],[1616050930701,7511036738.8223505],[1616054758466,7480090206.780881],[1616058483327,7472349224.876438],[1616061677654,7507886623.977812],[1616065857138,7502603349.199636],[1616068916993,7473219646.458444],[1616072861953,7488122683.710882],[1616076448601,7456728005.687765],[1616079943570,7478183284.790814],[1616085392759,7560296981.70429],[1616088728952,7514170101.413953],[1616092325370,7459388003.561849],[1616096005069,7431598766.8473],[1616099354438,7403167600.194279],[1616102892883,7459310755.474031],[1616106639766,7448050466.904738],[1616109827210,7444585442.584918]],"total_volumes":[[1616025936933,993264504.3152883],[1616029311579,1003412647.0353888],[1616033277388,1051552049.1296089],[1616036877860,1044979152.2332886],[1616040102719,1048211787.6630191],[1616044111834,1035236492.367771],[1616047452871,1037546085.411848],[1616050930701,1025743519.0030226],[1616054758466,1037528232.8174672],[1616058483327,1035321993.0266553],[1616061677654,1028951747.4558196],[1616065857138,1020122411.815558],[1616068916993,1014144223.3981159],[1616072861953,1015965411.3110144],[1616076448601,1007184609.9836382],[1616079943570,1019520146.0135851],[1616085392759,1024493769.4963338],[1616088728952,1026061590.3500315],[1616092325370,999857980.3177485],[1616096005069,991864048.0876031],[1616099354438,983056930.4632558],[1616102892883,996646422.0413454],[1616106639766,995968225.0853885],[1616109827210,990924025.3589069]]}