{"stats":[[1611102179457,1158403220.8159778],[1611105578872,1162938618.814779],[1611108599382,1161267204.5888302],[1611112687267,1166343728.3999634],[1611116085985,1143238483.0103288],[1611119867862,1151200758.1724162],[1611123383020,1157205488.1500156],[1611127093645,1149625753.8638098],[1611129903953,1163641369.9330025],[1611134383936,1149931897.4424307],[1611137686134,1132835537.0837662],[1611141235517,1139488020.2240915],[1611144277133,1123913590.0779822],[1611147825511,1139657164.729093],[1611152187237,1151768236.320133],[1611155066289,1135597468.562126],[1611158636844,1118202489.4706414],[1611163478399,1140904682.7305887],[1611167104559,1142209926.3482182],[1611169606393,1157359186.559621],[1611174027585,1153387397.9761798],[1611177005440,1145684489.939966],[1611180875717,1151622673.9342089],[1611183981702,1148374934.4346015]],"total_volumes":[[1611102179457,327626550.8235398],[1611105578872,321464594.1074734],[1611108599382,322734264.4179295],[1611112687267,320423412.4251422],[1611116085985,318828072.4929463],[1611119867862,321631967.04534954],[1611123383020,326102271.4049084],[1611127093645,316032203.763662],[1611129903953,308056043.7322992],[1611134383936,298740297.1011947],[1611137686134,295685341.18457407],[1611141235517,302579909.4737192],[1611144277133,302326081.68311685],[1611147825511,311619283.2259831],[1611152187237,318011908.91140145],[1611155066289,312438795.02192074],[1611158636844,303202892.9842292],[1611163478399,315653609.2359637],[1611167104559,313759056.22613144],[1611169606393,315462472.3006819],[1611174027585,312549156.47458595],[1611177005440,311677004.9699007],[1611180875717,312588090.6238601],[1611183981702,309863723.559367]]}