{"stats":[[1615939428203,7556337741.529358],[1615943067396,7505403424.764548],[1615946520407,7560686426.020276],[1615950365185,7493581893.784687],[1615954002396,7498802775.807949],[1615957635063,7485343765.277651],[1615960999851,7498319797.309103],[1615964417805,7482245491.637945],[1615968221682,7484275088.184088],[1615971874765,7473353749.37052],[1615975439750,7353094386.556483],[1615979333404,7428006459.044513],[1615982578118,7454594470.113439],[1615986062099,7426834896.452313],[1615989855695,7365037963.306547],[1615993564990,7342344099.720158],[1615997206214,7336516428.374325],[1616000786915,7380964617.4923315],[1616004405423,7422820516.423455],[1616007769531,7540672690.561758],[1616011313030,7503481351.505533],[1616015434671,7488423796.362496],[1616018483993,7524495285.326423],[1616022077933,7529899793.776059]],"total_volumes":[[1615939428203,1451939102.7613668],[1615943067396,1399062998.8693094],[1615946520407,1368973938.8374023],[1615950365185,1330409891.0075986],[1615954002396,1287909125.6828177],[1615957635063,1275702547.326271],[1615960999851,1270026380.2168112],[1615964417805,1206603830.7488341],[1615968221682,1162083575.9398057],[1615971874765,1145368002.3237975],[1615975439750,1123032217.1898613],[1615979333404,1119896228.868924],[1615982578118,1116530930.41232],[1615986062099,1124143862.4366431],[1615989855695,1115310955.3601677],[1615993564990,1092232656.7661855],[1615997206214,1098703246.4899518],[1616000786915,1083417549.120912],[1616004405423,1022947639.3630191],[1616007769531,1027069901.6147144],[1616011313030,1026144410.6832842],[1616015434671,1011536888.5083123],[1616018483993,1010070270.521519],[1616022077933,993218982.0864356]]}