{"stats":[[1614384529443,6496759715.733427],[1614387919181,6618461202.173417],[1614391505297,6587912404.45671],[1614394813703,6545159068.360634],[1614398710738,6626543698.387476],[1614402044026,6608684033.101282],[1614406147770,6575072867.290329],[1614409528943,6565487603.694217],[1614413315480,6561044777.128462],[1614416955135,6439892799.879654],[1614420303076,6381933666.6608515],[1614423943721,6507737556.902014],[1614427677966,6467320292.082913],[1614431350459,6386574458.412424],[1614434637293,6534733000.602766],[1614438565514,6524715269.073853],[1614442303760,6478325365.114918],[1614445679337,6428390792.42411],[1614449013795,6513972835.437366],[1614452532031,6553454906.410852],[1614456291286,6543632809.582225],[1614460064777,6512881121.736994],[1614463715779,6498281302.153234],[1614467105655,6464585431.083975]],"total_volumes":[[1614384529443,1844888474.4750957],[1614387919181,1795923361.6575022],[1614391505297,1758519411.3127627],[1614394813703,1713024734.5690734],[1614398710738,1747446845.937154],[1614402044026,1745342402.6626217],[1614406147770,1714560932.7616026],[1614409528943,1682970767.47222],[1614413315480,1660217434.297578],[1614416955135,1624713688.9216063],[1614420303076,1620837765.6325128],[1614423943721,1624753384.4471674],[1614427677966,1609583471.2581406],[1614431350459,1615541850.4015934],[1614434637293,1622568230.7114635],[1614438565514,1639305750.06852],[1614442303760,1622744830.7571197],[1614445679337,1628435836.3187153],[1614449013795,1611733556.3124046],[1614452532031,1584475856.600831],[1614456291286,1567460399.23762],[1614460064777,1529378941.2506561],[1614463715779,1506867344.0758035],[1614467105655,1449913358.9915411]]}