{"stats":[[1616630496288,6729987270.272253],[1616634891872,6625427080.314686],[1616639799697,6568300940.278916],[1616643228835,6546907119.654596],[1616646061067,6576678723.341198],[1616649187623,6583030057.969581],[1616653664567,6731321550.952107],[1616656581392,6694442638.883363],[1616659272719,6549012955.0388],[1616664863807,6670027727.523986],[1616668429836,6650781588.725094],[1616670080554,6727812788.643814],[1616675468527,6527766212.162228],[1616678629413,6439926501.801513],[1616682344542,6559555560.897726],[1616684820806,6497908778.040794],[1616689912582,6525737477.8781],[1616691992784,6545771285.080266],[1616695556687,6506808046.756953],[1616702966195,6626820363.841436],[1616705129768,6614965970.834361],[1616708562434,6713023738.747504],[1616711370136,6707215404.802946],[1616714513332,6619133369.267727]],"total_volumes":[[1616630496288,1043427664.3756895],[1616634891872,1078429677.458775],[1616639799697,1108985447.7475002],[1616643228835,1133610100.6996186],[1616646061067,1156661544.0075638],[1616649187623,1177736950.9178636],[1616653664567,1234738359.2036898],[1616656581392,1212260671.9929953],[1616659272719,1193589953.2757027],[1616664863807,1215534994.0190568],[1616668429836,1212030478.1062589],[1616670080554,1224268576.2999985],[1616675468527,1194951564.1419666],[1616678629413,1233702841.5011837],[1616682344542,1277600468.7054412],[1616684820806,1269343128.9222121],[1616689912582,1300072205.3915195],[1616691992784,1318581358.7942834],[1616695556687,1318029010.5897884],[1616702966195,1359219638.855494],[1616705129768,1342702361.0858922],[1616708562434,1349630742.049506],[1616711370136,1324385848.9806244],[1616714513332,1271821054.842112]]}