{"stats":[[1618099759164,8240420948.060676],[1618102917154,8417449157.728327],[1618106671427,8651139902.854507],[1618110067030,8599663207.84142],[1618113755824,8501794800.164647],[1618117642304,8372795388.442271],[1618121049019,8370713773.421093],[1618124471075,8544156403.025116],[1618128019828,8484235149.719493],[1618132098634,8684959601.728582],[1618135455762,9037735038.308907],[1618138963032,9617619040.93615],[1618142436249,9970735051.986542],[1618146107737,9540934644.63081],[1618149813647,9181867760.778793],[1618153475803,9302865867.959206],[1618156933610,9240933727.106487],[1618160833227,9349859861.42433],[1618164109591,9509709475.549143],[1618167955330,9628736929.036081],[1618171459091,9513086950.078459],[1618174834289,9714933402.802912],[1618178563542,9953358272.083012],[1618182286081,9644058359.15193]],"total_volumes":[[1618099759164,1493660143.770443],[1618102917154,1606532885.5466943],[1618106671427,2014171433.9062428],[1618110067030,2092907231.337996],[1618113755824,2126960813.779975],[1618117642304,2157662130.412308],[1618121049019,2224363836.0459976],[1618124471075,2394186037.1101604],[1618128019828,2301300965.9031067],[1618132098634,2303418943.57435],[1618135455762,2695860161.9088235],[1618138963032,3315275423.6366997],[1618142436249,4260142817.4974804],[1618146107737,4615247002.643179],[1618149813647,4876020545.28874],[1618153475803,5137005982.633105],[1618156933610,5293022487.571661],[1618160833227,5525888537.92656],[1618164109591,5789733704.849328],[1618167955330,5941746831.970212],[1618171459091,5951642353.627289],[1618174834289,6140873115.154269],[1618178563542,6485098377.258048],[1618182286081,6499989980.019057]]}