{"stats":[[1616803668736,6940289324.519491],[1616806899672,6925101965.0034],[1616811242453,6880529314.088497],[1616816072502,6916668259.4690275],[1616817853371,6930300186.263136],[1616821354901,6958898931.971045],[1616825804885,6961174428.65045],[1616830332177,6932893437.886849],[1616833791516,6906778089.919827],[1616837627581,6954235744.488248],[1616841018623,7131915897.498663],[1616842928249,7100899321.062527],[1616847665382,6998549219.20012],[1616850497810,6931548074.722078],[1616854858769,7060614510.747203],[1616859188070,7013068638.145208],[1616863067681,7135321948.084336],[1616866645186,7102970863.607582],[1616870297026,7079943401.106609],[1616873841063,7081212600.313196],[1616877086228,6975334609.404989],[1616878876010,6970774080.562256],[1616884306906,7080303935.095416],[1616887748725,7082242589.595653]],"total_volumes":[[1616803668736,834518336.243901],[1616806899672,822473335.9564326],[1616811242453,810501314.6432406],[1616816072502,817831533.5696224],[1616817853371,815842329.1461772],[1616821354901,821550185.2823877],[1616825804885,806823219.1289251],[1616830332177,808938150.9963654],[1616833791516,808456740.7169911],[1616837627581,829823886.0757942],[1616841018623,924526255.3489274],[1616842928249,936286571.910696],[1616847665382,938686270.4694943],[1616850497810,940443970.6934162],[1616854858769,948934852.5114391],[1616859188070,950885677.4328384],[1616863067681,968014873.0002201],[1616866645186,977971772.6894554],[1616870297026,980896997.1325469],[1616873841063,996056287.0916358],[1616877086228,989799370.1949261],[1616878876010,1008676480.0478255],[1616884306906,1012477841.5445843],[1616887748725,1015343407.0829616]]}