{"stats":[[1616286672063,7678636441.153093],[1616288912482,7638593862.373924],[1616292451177,7651372312.980993],[1616296222773,7504638113.916146],[1616299460127,7583066943.926441],[1616303440547,7501623956.294733],[1616306754618,7521954421.820929],[1616310579159,7510281777.380316],[1616314128761,7490595351.541923],[1616317253156,7507174147.104395],[1616321499097,7434014754.492938],[1616324783994,7420496094.51613],[1616328400163,7401476864.633281],[1616331683044,7418615830.417399],[1616335390267,7453766524.442384],[1616338822999,7451719404.291403],[1616342951413,7443643044.25154],[1616346873189,7423220276.369001],[1616350136338,7412522742.332673],[1616353654700,7490882614.165012],[1616357013386,7450767999.15143],[1616360487835,7421918175.976344],[1616364564390,7471112532.34189],[1616367937361,7466410764.581416]],"total_volumes":[[1616286672063,1147989370.3280928],[1616288912482,1141675199.7640657],[1616292451177,1158430759.3307142],[1616296222773,1152276228.9805987],[1616299460127,1180660199.3905072],[1616303440547,1167387903.8282208],[1616306754618,1185051508.4396372],[1616310579159,1184217990.8989632],[1616314128761,1073959543.6030066],[1616317253156,1032688521.524287],[1616321499097,1030928240.1313123],[1616324783994,1027220700.2050155],[1616328400163,1037303690.0868059],[1616331683044,1047615584.9204977],[1616335390267,1045260983.8745013],[1616338822999,1041531357.6124055],[1616342951413,1024466867.7500288],[1616346873189,1018428551.6667765],[1616350136338,1020064082.4112552],[1616353654700,1035171565.099882],[1616357013386,1038842440.1389732],[1616360487835,1035181921.2683123],[1616364564390,1032861450.8898407],[1616367937361,973547476.973759]]}