{"stats":[[1619568364896,35151669024.74555],[1619571973686,35201927440.89012],[1619575464079,34966479359.7123],[1619578994836,35034296851.98286],[1619582693510,34610734478.80502],[1619586098421,34640888075.26383],[1619589626801,34170709468.640667],[1619593349529,38476935315.40676],[1619596893615,37464966824.36833],[1619600584153,39127523924.775],[1619604242916,42109467088.878334],[1619607931205,42288498839.73372],[1619611407726,41178459866.68662],[1619615243672,41405593681.902725],[1619618518757,40192987212.993355],[1619622254915,39096134589.87803],[1619625648038,39650032527.96252],[1619629346136,39795360102.7888],[1619632910395,39899632276.98701],[1619636602604,39599928201.174995],[1619640179127,40162256795.29425],[1619643831261,39504571860.51448],[1619647460165,40053046703.61127],[1619650838801,40414670932.55166]],"total_volumes":[[1619568364896,4306013552.478451],[1619571973686,4235481649.8867893],[1619575464079,4187345703.833053],[1619578994836,4155884679.271674],[1619582693510,3801180936.7313614],[1619586098421,4154279475.639544],[1619589626801,3795356223.8499846],[1619593349529,6060139086.494991],[1619596893615,6997773442.337415],[1619600584153,7832554252.5591135],[1619604242916,10471988926.69229],[1619607931205,11599249415.907602],[1619611407726,12313060221.117855],[1619615243672,12185821788.34756],[1619618518757,12386797750.54394],[1619622254915,12662850302.524858],[1619625648038,13873452249.209776],[1619629346136,13462397400.017294],[1619632910395,13850759808.06749],[1619636602604,13853552023.152668],[1619640179127,14017888698.595678],[1619643831261,14078945622.166386],[1619647460165,14435469301.169214],[1619650838801,15755966289.427742]]}