{"stats":[[1610928359587,1155387088.7706044],[1610931754044,1163614725.5430202],[1610935768549,1166374222.3816679],[1610940117950,1156618075.3343842],[1610943664143,1155411663.3168705],[1610947001454,1151100471.0842993],[1610950851459,1162110354.278464],[1610953424328,1157968000.3519478],[1610957243980,1173514533.305009],[1610960878812,1172337899.2256403],[1610964683497,1179216022.0667765],[1610968081915,1168305011.2206554],[1610972328716,1188192867.7612822],[1610975072760,1173450676.2685935],[1610979174525,1177559501.9346144],[1610982539215,1167437497.5261319],[1610986633222,1165699921.0586705],[1610990713662,1165654456.0913234],[1610993470519,1165150055.061541],[1610996847905,1168337109.2693582],[1611000150461,1176308833.349994],[1611003652264,1172658083.306207],[1611007910609,1169904768.77345],[1611011775033,1174484794.8681989]],"total_volumes":[[1610928359587,333291559.8399539],[1610931754044,334089345.1914299],[1610935768549,339360616.39202607],[1610940117950,336184310.9761582],[1610943664143,341619535.2160344],[1610947001454,339082065.55989593],[1610950851459,332920752.1330763],[1610953424328,332146115.8563823],[1610957243980,328878222.3653912],[1610960878812,320331495.18023676],[1610964683497,321217392.8419701],[1610968081915,315700423.9517873],[1610972328716,321493000.5777272],[1610975072760,321722552.3242019],[1610979174525,320843972.45028466],[1610982539215,319678037.0014637],[1610986633222,315248009.4636745],[1610990713662,308356816.1514319],[1610993470519,305282026.18575794],[1610996847905,306490261.4893139],[1611000150461,310043920.0126763],[1611003652264,307352519.02215],[1611007910609,298590163.79050696],[1611011775033,292409327.4790487]]}