{"stats":[[1618358716757,12113258471.399336],[1618362510170,13114622515.172575],[1618365864950,14036689501.54012],[1618369578924,14638014404.082926],[1618373070103,14562296749.237677],[1618377279232,14408031912.424845],[1618380431012,15342349645.948168],[1618383845837,16949445590.28346],[1618387822324,16692472828.521551],[1618390854931,18050723485.90411],[1618394830950,16709251562.83916],[1618398193438,16939102024.298912],[1618401843411,17762403264.40878],[1618405593015,17419133607.972393],[1618408984504,17002248886.004488],[1618412648165,16349316513.331284],[1618416483432,17031334486.82508],[1618419927488,17009032191.927149],[1618423510187,16485131579.818493],[1618426906184,16125314812.011044],[1618430934254,15069974226.52574],[1618434082801,14271018439.390425],[1618438105792,15658261676.553179],[1618441314927,16436186173.381525]],"total_volumes":[[1618358716757,7417122229.146062],[1618362510170,8572253881.218418],[1618365864950,9958930711.805414],[1618369578924,11025932063.30813],[1618373070103,11226277851.29671],[1618377279232,11741360977.833277],[1618380431012,13166749275.473642],[1618383845837,15294075146.79799],[1618387822324,15679694065.192223],[1618390854931,17577283474.094975],[1618394830950,17918508320.43877],[1618398193438,18248905154.84373],[1618401843411,19916659632.99929],[1618405593015,19326369372.2777],[1618408984504,18730466418.700806],[1618412648165,19598452791.062668],[1618416483432,20470710484.177937],[1618419927488,18983627554.696148],[1618423510187,18184403242.13653],[1618426906184,17708088622.38128],[1618430934254,17521267989.134613],[1618434082801,17650851087.923435],[1618438105792,19319693406.94291],[1618441314927,19930265734.21964]]}