{"stats":[[1617235661257,7014689872.852019],[1617239843015,7046572589.276455],[1617244158830,7075075954.936813],[1617246170994,6882404804.576243],[1617250350067,6871953805.477228],[1617253312926,7085359663.727525],[1617257103126,7073859896.516377],[1617260627923,7091179929.172861],[1617264967484,7080842171.857508],[1617267735310,7098199352.34257],[1617271842822,7057502773.001702],[1617274839167,8245105472.816143],[1617279251437,8674819298.018467],[1617283078883,8208734617.475554],[1617286180346,8007041560.818628],[1617289941091,7786094366.974561],[1617293873400,7667076463.662578],[1617296780534,7858264431.160458],[1617301090909,7648091283.446245],[1617304473140,7611785840.198382],[1617308051034,7590022863.252019],[1617311577807,7707738824.29684],[1617315509949,7687917138.155608],[1617319590058,7793997114.18286]],"total_volumes":[[1617235661257,1044102928.7400846],[1617239843015,1055710577.495931],[1617244158830,1032046137.5187483],[1617246170994,1034097428.8012193],[1617250350067,1014210672.0928558],[1617253312926,1012906607.7256459],[1617257103126,1053215288.3396896],[1617260627923,1078996329.8265944],[1617264967484,1063087846.1020204],[1617267735310,1037630017.90221],[1617271842822,1043361114.2399347],[1617274839167,1985272279.378347],[1617279251437,3287436809.8466516],[1617283078883,3965934204.7817388],[1617286180346,4168514375.348611],[1617289941091,4550809874.450047],[1617293873400,4669583201.160333],[1617296780534,5031366989.519632],[1617301090909,5090476933.997394],[1617304473140,5266227838.029018],[1617308051034,5332989358.37572],[1617311577807,5601174514.689121],[1617315509949,5644310542.57439],[1617319590058,5812855168.156929]]}