{"stats":[[1619741095683,39626179176.75362],[1619745369477,39203569621.97704],[1619748183257,39678419399.94334],[1619751866654,40033985716.03028],[1619755356454,39993589407.18257],[1619759025481,40090093714.58621],[1619762696880,40178175573.82835],[1619766079472,40274344077.76754],[1619769920026,40225367639.359474],[1619773333629,40730716463.33399],[1619776844468,40693232291.71055],[1619780678684,40602272700.56072],[1619784170084,40366870897.87584],[1619788367444,40465647107.8409],[1619791944331,40823218248.26689],[1619795185427,41209188028.03351],[1619798505204,40815560225.61831],[1619802226831,40620003258.39887],[1619805613094,41151517208.04491],[1619809427024,42909475738.03662],[1619812913641,42038152124.646194],[1619816460405,42398810673.18161],[1619820179641,42736567292.66856],[1619823819098,43204324069.34455]],"total_volumes":[[1619741095683,5635975307.340045],[1619745369477,5260919449.288817],[1619748183257,5232373093.951029],[1619751866654,5283988078.730747],[1619755356454,5852110342.343262],[1619759025481,4932611943.781927],[1619762696880,4881157628.694511],[1619766079472,4877569171.045645],[1619769920026,4689045519.481584],[1619773333629,4754469899.145571],[1619776844468,4725821186.996108],[1619780678684,4615032915.471463],[1619784170084,4492613856.729121],[1619788367444,4417649374.414668],[1619791944331,4905519855.134432],[1619795185427,5012573184.573227],[1619798505204,4275771389.259523],[1619802226831,4159212077.001416],[1619805613094,4076315242.3083577],[1619809427024,4887629775.776251],[1619812913641,5092637431.680555],[1619816460405,5176794855.177117],[1619820179641,5272470722.115109],[1619823819098,5601725084.848709]]}