{"stats":[[1612224220791,4433684615.525329],[1612228509519,3909046494.454862],[1612231471791,4194768493.3604035],[1612235211971,4062800120.6668653],[1612238993977,4184466212.2196155],[1612242688236,4204636124.875364],[1612245811335,4292421461.1738014],[1612249426917,4394309862.64131],[1612253048558,4293022288.9304967],[1612256550139,4230450868.415013],[1612260497184,4225433170.5356464],[1612264123529,4307324673.162417],[1612267297476,4240684965.0874124],[1612271088909,4241696006.9669113],[1612274855612,4204723207.0993633],[1612278211640,3992471626.2217674],[1612281984085,3950713467.240554],[1612285508169,4019116715.866976],[1612289488164,4028291132.7169414],[1612292649050,3953106300.927453],[1612296415917,3995338643.891122],[1612299854705,3977998247.8114967],[1612303924027,3940354460.6033564],[1612307494857,4128959148.8073907]],"total_volumes":[[1612224220791,4656523408.6088085],[1612228509519,4309449508.067646],[1612231471791,4692505539.949057],[1612235211971,4527602538.947292],[1612238993977,4530071919.382511],[1612242688236,4361528393.815388],[1612245811335,4291939601.833923],[1612249426917,4163428089.9658723],[1612253048558,4000920745.662438],[1612256550139,3930231050.6353135],[1612260497184,3874122533.118143],[1612264123529,3811819874.4954123],[1612267297476,3668737057.83951],[1612271088909,3545246840.834263],[1612274855612,3188231771.293463],[1612278211640,3030626957.3339906],[1612281984085,2954904073.853413],[1612285508169,2972665994.126229],[1612289488164,2853749562.617868],[1612292649050,2687515169.6480026],[1612296415917,2638726668.2332315],[1612299854705,2571570351.2545633],[1612303924027,2494999483.3115854],[1612307494857,2511110981.865363]]}