{"stats":[[1615421095742,7232723297.052502],[1615424684012,7107225489.417602],[1615428398634,7197903633.635446],[1615432144297,7223291665.276871],[1615435269879,7210671750.6816225],[1615438923770,7219581593.700754],[1615442519035,7153266085.566208],[1615446356841,7172973562.151862],[1615449882483,7147810193.7261505],[1615453861382,7096168713.174521],[1615456978698,7091765636.486991],[1615460608087,7147613831.472742],[1615464202225,7207738462.087271],[1615469562387,7208332272.397036],[1615472175195,7264416052.03911],[1615474843084,7222580079.835307],[1615478501487,7053319841.548844],[1615482359267,7217638329.065811],[1615485866530,7104946798.977102],[1615489547803,7294043459.894978],[1615492893548,7225114718.183356],[1615496796280,7235676286.021025],[1615500517523,7185024672.205433],[1615504262960,7241240480.700014]],"total_volumes":[[1615421095742,1677010512.2692254],[1615424684012,1626251141.9635835],[1615428398634,1599331777.6972287],[1615432144297,1505737999.927812],[1615435269879,1491467466.3223913],[1615438923770,1476501710.8827727],[1615442519035,1455257255.9313874],[1615446356841,1443851793.68273],[1615449882483,1442677595.5907521],[1615453861382,1447697779.0674129],[1615456978698,1445993317.157995],[1615460608087,1470512362.1581979],[1615464202225,1468795825.2428622],[1615469562387,1454346720.6727238],[1615472175195,1440657341.0538442],[1615474843084,1451648202.3833427],[1615478501487,1427230078.890021],[1615482359267,1446905693.7530756],[1615485866530,1433311898.5114937],[1615489547803,1485204561.7630801],[1615492893548,1455801948.5955224],[1615496796280,1449585776.4110808],[1615500517523,1418097284.4554067],[1615504262960,1409456761.0966098]]}