{"stats":[[1613434277983,7306725577.541543],[1613439102874,7342349363.160219],[1613441040261,7460603391.488087],[1613444602130,7602108667.954973],[1613448172836,7571889716.163927],[1613452073796,7597366887.498876],[1613455626934,7408469964.885075],[1613459495334,7511064599.407294],[1613462618092,7520969479.940114],[1613466677580,7564269856.939279],[1613469804408,7562430010.18466],[1613473530084,7514663624.40577],[1613477625754,7363340911.051035],[1613482421973,7349777251.2295685],[1613484223536,7249252742.557892],[1613488130636,7175507631.039618],[1613491713389,7122108348.730346],[1613495461199,7173290145.494463],[1613498521636,7138803764.7527275],[1613502177344,6921016349.45259],[1613506022001,6748696908.255285],[1613509300140,6808806190.256356],[1613512962432,6844204465.018915],[1613517192117,6975835484.870656]],"total_volumes":[[1613434277983,3980198335.6180234],[1613439102874,3992245527.8889728],[1613441040261,3941501418.9624014],[1613444602130,3767638577.115291],[1613448172836,3679212237.244246],[1613452073796,3553997622.1580315],[1613455626934,3418407644.1065774],[1613459495334,3384307084.5103683],[1613462618092,3344243765.4671755],[1613466677580,3285059259.383725],[1613469804408,3238408345.647109],[1613473530084,3135936942.312292],[1613477625754,3006793363.982325],[1613482421973,2965337984.668001],[1613484223536,2909937931.9418664],[1613488130636,2735449575.781987],[1613491713389,2622898455.612219],[1613495461199,2670067175.1892056],[1613498521636,2604750616.2798233],[1613502177344,2631458119.6105313],[1613506022001,2620300512.802107],[1613509300140,2734665166.589463],[1613512962432,2748899297.9751043],[1613517192117,2750769759.9916863]]}