{"stats":[[1611965528233,6067971852.134215],[1611968800786,6187216799.761765],[1611972408006,5651194064.538695],[1611976735413,5068400061.383788],[1611980085103,4387485048.672754],[1611984094688,4353490561.388884],[1611987499757,3953374360.228595],[1611991448274,3973174228.3234787],[1611994534164,4097978502.083785],[1611998595464,4039790895.8513875],[1612001284340,4579422796.794487],[1612005219874,4289069930.834347],[1612009059533,4284769511.9395294],[1612014106889,4245934647.990557],[1612015457651,4401150208.652113],[1612019431964,4214482259.733908],[1612022668601,4160996595.6746416],[1612026806935,3443785189.7895775],[1612030266479,3678734748.8053985],[1612033644000,3452055608.309092],[1612037301749,3055180504.917677],[1612040535807,3094567156.9017873],[1612044624891,3445740011.0247016],[1612048200170,3973957794.3551373]],"total_volumes":[[1611965528233,21810868643.18828],[1611968800786,20504130204.417286],[1611972408006,18659896529.33133],[1611976735413,16703988714.846079],[1611980085103,14575933965.417624],[1611984094688,13850203518.183357],[1611987499757,12891146602.567593],[1611991448274,12103768012.260885],[1611994534164,11515864650.20912],[1611998595464,11063429464.895084],[1612001284340,11900115714.23777],[1612005219874,11071462292.662405],[1612009059533,10589211981.106258],[1612014106889,9351542785.887865],[1612015457651,9462551053.400616],[1612019431964,8853380680.856579],[1612022668601,8514315021.619449],[1612026806935,7666961891.409271],[1612030266479,7709651703.80585],[1612033644000,7221799180.032198],[1612037301749,6742249611.676385],[1612040535807,6746586004.894588],[1612044624891,6848973894.473192],[1612048200170,7705396755.996145]]}