{"stats":[[1616457936098,7123649251.311721],[1616461890394,7183128877.900808],[1616465395816,7225362583.534542],[1616469351766,7131974205.745529],[1616472563350,7119186220.217304],[1616476466595,7114860845.079656],[1616481351327,7013748117.034496],[1616484826200,6947007773.225961],[1616487351242,6990954387.799512],[1616491982106,7063868663.880579],[1616495189476,7052167382.89533],[1616497230056,7063886491.208858],[1616501783514,7019042934.493395],[1616506371083,7153534191.927017],[1616508116281,7150846111.537186],[1616512349726,7157932152.028655],[1616517208159,7109147376.304079],[1616519295566,7067219581.021962],[1616523946573,7045509975.896158],[1616528089663,7011941996.92228],[1616529944070,7006451825.387949],[1616534323128,6935978713.575476],[1616537532730,6967107862.571505],[1616540481362,6995597892.601622]],"total_volumes":[[1616457936098,888069755.8843118],[1616461890394,908980269.5049205],[1616465395816,929668979.0295203],[1616469351766,919112003.2559432],[1616472563350,921942443.7049881],[1616476466595,914920915.2232304],[1616481351327,952788262.6560917],[1616484826200,994781849.9278078],[1616487351242,1026090290.3878521],[1616491982106,1045837036.0600816],[1616495189476,1041153539.4996183],[1616497230056,1045130772.3809729],[1616501783514,1043483858.9046644],[1616506371083,1062316518.539893],[1616508116281,1051822593.0679142],[1616512349726,1064368798.0986437],[1616517208159,1068358667.5526319],[1616519295566,1069515287.838709],[1616523946573,1063723505.0935082],[1616528089663,1041452459.8696978],[1616529944070,1037344664.6522875],[1616534323128,995317981.4080633],[1616537532730,1001281904.6849322],[1616540481362,1004236600.868078]]}