{"stats":[[1613520861262,6943871270.690156],[1613525651034,6994506991.128645],[1613527628948,7008290881.891606],[1613530804461,7071776896.964618],[1613534983463,6970470814.725237],[1613538251527,6664497812.164399],[1613542191372,6829298555.673448],[1613545800551,6831922794.584638],[1613548848610,6896399817.008224],[1613553083869,6842752756.408236],[1613556691496,6925194766.964035],[1613560053906,6865474866.651803],[1613563806165,6755291668.633319],[1613568806287,6852172251.056871],[1613570910667,6849916058.155417],[1613574285650,6786188491.5876045],[1613578151691,6750924908.185917],[1613581567802,6636640796.781608],[1613584871918,6729452004.739228],[1613588884483,6678748266.842068],[1613592221829,6658456960.123806],[1613596603279,6514201506.315571],[1613599590286,6434339519.165636],[1613603313498,6407908388.901827]],"total_volumes":[[1613520861262,2712828826.709878],[1613525651034,2703530074.8242145],[1613527628948,2687243342.4934373],[1613530804461,2623619887.1590195],[1613534983463,2599493733.5924497],[1613538251527,2557897950.7552295],[1613542191372,2551438986.1223145],[1613545800551,2530705244.981815],[1613548848610,2582683640.3390765],[1613553083869,2594332661.994337],[1613556691496,2580843648.6390376],[1613560053906,2588979870.6566973],[1613563806165,2540145732.1507053],[1613568806287,2516044736.5467625],[1613570910667,2526040274.3896475],[1613574285650,2477963987.0989385],[1613578151691,2426153480.9904714],[1613581567802,2363476084.343949],[1613584871918,2418056686.800309],[1613588884483,2348347892.7460356],[1613592221829,2276353418.509862],[1613596603279,2207300119.0990105],[1613599590286,2206131372.7386003],[1613603313498,2206137327.351265]]}