{"stats":[[1613174998451,8937647950.69853],[1613179806706,9127283785.737991],[1613182180951,9187134605.864086],[1613185742158,9005509912.696947],[1613189110277,9003608283.332838],[1613193053228,8980122738.29579],[1613196546393,8814658087.421978],[1613200071327,8945624211.453167],[1613203479741,8914558781.617281],[1613206961902,8876953063.681097],[1613211023291,8917790950.887518],[1613214257048,8791564556.150343],[1613217764600,8624564890.525066],[1613221450781,8714240304.637194],[1613224983556,8838044067.387959],[1613228534416,8759953527.08172],[1613232686665,8725754611.71094],[1613235797910,8934530573.450764],[1613239835023,8665247508.681768],[1613243503356,8764443093.772665],[1613246590504,8681674376.462612],[1613250479793,8489632494.295664],[1613254097272,8619670300.307161],[1613257609358,8637116783.155172]],"total_volumes":[[1613174998451,3539448444.2534075],[1613179806706,3532012094.2710824],[1613182180951,3558482798.6767764],[1613185742158,3348253237.699322],[1613189110277,3167023698.641658],[1613193053228,2986108837.085107],[1613196546393,2868363888.466693],[1613200071327,2829835270.9581666],[1613203479741,2809290476.9502153],[1613206961902,2760495649.768317],[1613211023291,2745276791.380605],[1613214257048,2695315824.467042],[1613217764600,2680409209.8543725],[1613221450781,2706567509.485948],[1613224983556,2669527453.7868457],[1613228534416,2631439885.3560176],[1613232686665,2603734968.353323],[1613235797910,2642127018.1288786],[1613239835023,2581684945.5680513],[1613243503356,2578981098.144888],[1613246590504,2567110433.134066],[1613250479793,2388760908.8319693],[1613254097272,2325911653.582818],[1613257609358,2319966695.325082]]}