{"stats":[[1615766618446,7610317577.680777],[1615770121312,7643615092.043725],[1615773647874,7628153391.697473],[1615777311174,7626279206.707827],[1615781218683,7654658853.828792],[1615784692377,7667503957.0819],[1615788329680,7502406702.812726],[1615791716589,7391002755.566951],[1615795470864,7254377553.304819],[1615799229528,7242066904.5108],[1615802552598,7110262707.709424],[1615806085836,7254318295.307506],[1615809739624,7317866256.053714],[1615813594342,7340364265.41261],[1615816921252,7313429654.97611],[1615820871785,7260198215.449611],[1615824116390,7266651731.37571],[1615827654907,7290424638.678559],[1615831601074,7252857627.177403],[1615835224897,7284240265.918746],[1615838593959,7366774460.688882],[1615842453758,7390811598.325402],[1615845683445,7377509329.502495],[1615849333653,7269743544.181601]],"total_volumes":[[1615766618446,2759123151.6855946],[1615770121312,2348076065.53551],[1615773647874,2267874594.300645],[1615777311174,2204860514.3740864],[1615781218683,2126323349.0011952],[1615784692377,2021978409.9043972],[1615788329680,1990056147.8090172],[1615791716589,1966817048.9702678],[1615795470864,1989967052.471486],[1615799229528,1929721948.8749046],[1615802552598,1881274883.1329355],[1615806085836,1908174546.7394307],[1615809739624,1860278670.1099174],[1615813594342,1858511196.8880744],[1615816921252,1808951069.3396327],[1615820871785,1772607633.9611268],[1615824116390,1761220379.4166505],[1615827654907,1738157974.0116267],[1615831601074,1697116990.654279],[1615835224897,1684528506.5831215],[1615838593959,1681782793.4449644],[1615842453758,1711289518.2685535],[1615845683445,1710825984.8265505],[1615849333653,1721597053.1577232]]}