{"stats":[[1612397572019,4790863866.93706],[1612400786065,4737058957.110928],[1612404726099,4740584738.546405],[1612407885473,4987982965.158054],[1612412230448,4934811568.367202],[1612415566535,5201702184.292046],[1612418872094,5160447867.585578],[1612422431025,5134284659.095311],[1612426490312,6646751936.932571],[1612429863539,6390781755.54616],[1612433617066,6323419534.846227],[1612436957258,6840954669.835634],[1612440867832,6749305263.159602],[1612443985957,6221081474.272399],[1612447590985,6552165927.550272],[1612450916551,6411355432.804526],[1612454626532,6152927672.13011],[1612458063156,5579162712.149504],[1612461656860,5989225072.852133],[1612465590370,6291687423.933345],[1612469812026,6178376130.771941],[1612472812814,6224240938.050718],[1612476279224,6392705799.612597],[1612479894725,6557656924.701522]],"total_volumes":[[1612397572019,2696503774.1314993],[1612400786065,2703957374.173633],[1612404726099,2725621190.689798],[1612407885473,2932342304.310751],[1612412230448,3021605941.21413],[1612415566535,3363478517.066167],[1612418872094,3654975544.6325235],[1612422431025,3768240696.0155754],[1612426490312,5855038194.141225],[1612429863539,7003731029.69734],[1612433617066,7726883142.333324],[1612436957258,8730994324.829906],[1612440867832,9409502033.171875],[1612443985957,9615562070.29919],[1612447590985,10247221907.739132],[1612450916551,10421610156.607407],[1612454626532,10298829853.415403],[1612458063156,10639070451.2418],[1612461656860,11054053256.656355],[1612465590370,11488305503.459726],[1612469812026,11681076600.49145],[1612472812814,11444683629.24646],[1612476279224,11223489550.774683],[1612479894725,11321028905.916409]]}