{"stats":[[1615161996486,6676613064.82093],[1615166364573,6642578857.810581],[1615169509662,6989436089.044852],[1615173048969,6861659981.497714],[1615176146780,7057853662.381468],[1615179665195,7004889125.920097],[1615183422190,7125604759.134221],[1615187005106,7334610795.293529],[1615190520749,7277982252.5877495],[1615194137800,7144272367.566338],[1615198043772,7101018044.382767],[1615202040061,7077272497.310219],[1615204901157,7068099023.670052],[1615208671736,7076785967.767143],[1615212137872,7260516947.321027],[1615215868552,7271920829.182056],[1615219353376,7343863205.584891],[1615223210826,7175092030.263623],[1615226857797,7207433641.702083],[1615230224841,7258424758.927115],[1615234149806,7346387264.503891],[1615237452947,7390828840.399003],[1615241116522,7578697222.501683],[1615244768419,7605809471.308329]],"total_volumes":[[1615161996486,1031859614.1040968],[1615166364573,1066967475.3086767],[1615169509662,1231250452.6582758],[1615173048969,1359739656.6909225],[1615176146780,1489875039.4543598],[1615179665195,1557095072.4273],[1615183422190,1647367728.4986525],[1615187005106,2007178409.0228136],[1615190520749,2159981914.9152226],[1615194137800,2267936270.9776387],[1615198043772,2339389399.8221006],[1615202040061,2429803782.6623983],[1615204901157,2494784350.977528],[1615208671736,2531880142.8100276],[1615212137872,2686551957.641439],[1615215868552,2745499676.864128],[1615219353376,2872459135.552159],[1615223210826,2880709254.0678625],[1615226857797,2910274777.27628],[1615230224841,2955160968.4030995],[1615234149806,3027736648.0057507],[1615237452947,3077366166.3585534],[1615241116522,3251437865.78806],[1615244768419,3361110726.46311]]}