{"stats":[[1613088228953,8951728841.132595],[1613092934327,8806860959.163439],[1613095698254,8633552294.64653],[1613099094585,8472332554.297862],[1613102585450,8148792024.595843],[1613106091596,8348339875.960062],[1613109623430,8604794189.882929],[1613113548450,8577268538.263226],[1613117116010,8291981693.714283],[1613121011998,8481095494.881268],[1613124573916,8602850814.127615],[1613128195430,8575901550.144304],[1613131818348,8675747372.705772],[1613134818612,8562212227.013626],[1613138521960,8657988765.505472],[1613142756043,8719670551.58578],[1613145920534,8626102087.481375],[1613149455282,8771377584.735355],[1613153022518,8671503947.700615],[1613156546979,8734529937.486732],[1613160408695,8763622832.673592],[1613164398710,9034986905.830648],[1613167341039,9013442208.59554],[1613171177754,9013240642.348972]],"total_volumes":[[1613088228953,3377206172.403933],[1613092934327,3284007672.3609533],[1613095698254,3267630211.407666],[1613099094585,3375917850.176611],[1613102585450,3419170231.4291706],[1613106091596,3681730293.644709],[1613109623430,3828532518.477807],[1613113548450,3863753788.0989957],[1613117116010,3794875080.417084],[1613121011998,3866128343.114717],[1613124573916,3800487381.059271],[1613128195430,3754786856.9865236],[1613131818348,3779082961.125708],[1613134818612,3748314832.0747013],[1613138521960,3709987737.600976],[1613142756043,3740222395.1974735],[1613145920534,3620351246.5285397],[1613149455282,3574305882.236133],[1613153022518,3467135345.114797],[1613156546979,3393645657.19552],[1613160408695,3299926612.287093],[1613164398710,3510251177.673498],[1613167341039,3587770402.6244464],[1613171177754,3604755373.253592]]}