{"stats":[[1613952465170,7345301352.426924],[1613957350453,7202014206.880951],[1613959425063,7323564829.378838],[1613963041268,7343753313.527864],[1613966553652,7349295872.0062],[1613970443375,7461138880.48529],[1613974044456,7347317333.325263],[1613977436234,7385007501.264729],[1613981062614,7384621932.649109],[1613984626907,7514631999.232316],[1613988022822,7368209263.649835],[1613992681774,7359859182.096845],[1613995521099,7224925758.8676605],[1613999255862,6983951821.172307],[1614003041640,6990820834.718869],[1614006395901,6986736805.533208],[1614010134304,6846314852.561235],[1614013459265,6958437806.4284115],[1614017184860,6737444943.882711],[1614020885939,6831918974.8052],[1614024018390,6835519632.00645],[1614027938511,6946539040.065],[1614031462328,7002469809.197772],[1614035189436,6895521967.681363]],"total_volumes":[[1613952465170,2712612291.131445],[1613957350453,2693319335.5098495],[1613959425063,2736196846.2469387],[1613963041268,2778452591.7233124],[1613966553652,2901479536.992454],[1613970443375,3012659011.6311493],[1613974044456,3024670810.938893],[1613977436234,3105557849.062686],[1613981062614,3162726606.924763],[1613984626907,3230963324.655102],[1613988022822,3386712118.617832],[1613992681774,3486699152.491113],[1613995521099,3536055158.8607793],[1613999255862,3565328822.6163073],[1614003041640,3527263134.901166],[1614006395901,3781568164.336822],[1614010134304,3816766226.255284],[1614013459265,3844625972.1249833],[1614017184860,3801426251.160865],[1614020885939,3906958316.3472652],[1614024018390,3932356303.239625],[1614027938511,3977987103.6505976],[1614031462328,3737096056.333014],[1614035189436,3488833202.705667]]}