{"stats":[[1610670706278,1204298201.8697367],[1610673029111,1215925750.8593113],[1610676548349,1206486394.9553535],[1610679928058,1213521028.5940392],[1610684107671,1201109177.3014593],[1610688451468,1209075785.0419965],[1610690492723,1221294281.8755975],[1610694589084,1205027662.6888733],[1610698716985,1221809197.166522],[1610703454524,1225851732.4319415],[1610706807493,1239724713.3098674],[1610710274826,1213506543.470065],[1610712758082,1215192313.2775974],[1610717193104,1212480684.6131868],[1610720333998,1206481573.411627],[1610723972035,1181505731.1223953],[1610728273391,1146082940.0915604],[1610730122530,1175163021.6297314],[1610734167983,1163455371.5581207],[1610738973149,1171542685.2145948],[1610742625656,1150377173.3913848],[1610745535171,1162683276.5190835],[1610749674639,1182762800.8333097],[1610752614866,1192093437.8879464]],"total_volumes":[[1610670706278,473225578.5070327],[1610673029111,479300040.7551431],[1610676548349,476225579.3302908],[1610679928058,484443275.4053395],[1610684107671,479915126.1553248],[1610688451468,490271408.5507466],[1610690492723,493200912.0722672],[1610694589084,505697997.6838421],[1610698716985,512634899.43514264],[1610703454524,526128470.7325063],[1610706807493,531594146.01621187],[1610710274826,540982997.5898731],[1610712758082,541629980.6377805],[1610717193104,540057637.1225673],[1610720333998,538850684.8418885],[1610723972035,503723417.36348194],[1610728273391,487991430.1673852],[1610730122530,486753047.251458],[1610734167983,485782365.55722976],[1610738973149,487722477.7886351],[1610742625656,458369610.7009234],[1610745535171,458549952.0915036],[1610749674639,449386769.68590313],[1610752614866,447958611.8270701]]}