{"stats":[[1613347490941,7963525499.222657],[1613350854669,7748754491.329471],[1613354747109,7437997989.637908],[1613358588739,6933269039.741805],[1613361684806,6831407489.373231],[1613365489105,6561790541.908891],[1613369302515,6796731825.86364],[1613373292959,6953738014.811919],[1613376706865,7046357523.740542],[1613379794018,7205299278.922051],[1613383434447,7120999597.779636],[1613387062650,7263243665.085519],[1613390718285,7723343637.0366125],[1613395876157,7715560599.917466],[1613397853836,7680950685.522877],[1613401395083,8201487942.874761],[1613405478422,7835265031.862986],[1613409013646,7721618808.617492],[1613412889652,7566398415.929796],[1613416286193,7535603830.84938],[1613419224249,7660177783.780676],[1613423679917,7496355800.749322],[1613426569591,7384989686.481582],[1613430889392,7427689168.087128]],"total_volumes":[[1613347490941,3318277601.178434],[1613350854669,3359904465.205319],[1613354747109,3354742799.011773],[1613358588739,3394167731.5881267],[1613361684806,3574468377.773236],[1613365489105,3583744641.152764],[1613369302515,3752492779.4219604],[1613373292959,3868844707.2097106],[1613376706865,3979439756.290562],[1613379794018,4103219872.501968],[1613383434447,4096573949.8494706],[1613387062650,4254340505.317243],[1613390718285,4469705553.910917],[1613395876157,4563114716.842313],[1613397853836,4495891513.176027],[1613401395083,4626238541.275624],[1613405478422,4521472957.566451],[1613409013646,4394946854.40162],[1613412889652,4318593626.580928],[1613416286193,4247755010.9489403],[1613419224249,4287202408.4172387],[1613423679917,4228777276.2564483],[1613426569591,4225021858.452022],[1613430889392,4304620230.845358]]}