{"stats":[[1619741000124,1001973605935.3958],[1619745447754,996869459482.6866],[1619748176757,999845537567.4264],[1619751912659,1001060949969.824],[1619755330833,1003563844492.5186],[1619758993541,1011422092987.0596],[1619762539403,1015476029121.4568],[1619766099665,1019085162505.7123],[1619769790038,1015736608690.4243],[1619773350971,1017247530030.9609],[1619776900741,1018742687616.3184],[1619780498256,1018009055904.9127],[1619784358315,1013335019566.6656],[1619788367860,1025096600791.8931],[1619791891243,1046397270643.9585],[1619795183928,1061975289011.818],[1619798523529,1066747959078.9346],[1619802166300,1061994556864.9114],[1619805673721,1059698281546.7488],[1619809331208,1066448189033.7223],[1619812943963,1064011415492.8722],[1619816685093,1061645232286.0349],[1619820179553,1065523936562.665],[1619823855506,1068762232994.7161]],"total_volumes":[[1619741000124,46958036373.360306],[1619745447754,48433838360.63742],[1619748176757,47835717025.48171],[1619751912659,48137366663.953125],[1619755330833,48860059621.136375],[1619758993541,49183120949.421],[1619762539403,50726828913.4237],[1619766099665,50576426607.29003],[1619769790038,49150137186.639336],[1619773350971,48953839048.539024],[1619776900741,48499597862.29442],[1619780498256,48216979702.49818],[1619784358315,48169113920.785835],[1619788367860,49494432940.40602],[1619791891243,50861974407.323006],[1619795183928,52655126870.030106],[1619798523529,54975744074.30964],[1619802166300,55763957194.84143],[1619805673721,55204507381.77809],[1619809331208,54867836820.31083],[1619812943963,52822597468.87112],[1619816685093,53709821431.49707],[1619820179553,52280611845.377686],[1619823855506,54280818560.85222]]}