{"stats":[[1613607194415,971516568847.578],[1613611985108,972218253756.8584],[1613614045259,972782558654.9818],[1613617594403,973183856850.1083],[1613621370337,969359405262.4822],[1613625439029,971948589496.2802],[1613628154945,971556872525.974],[1613632086763,968433377293.9658],[1613635477933,968716246399.6366],[1613639100452,967083504028.6816],[1613642943565,965824190105.613],[1613646098361,962109519493.9636],[1613649818860,956941612453.0094],[1613653335817,959891832326.1555],[1613657544475,967552680326.587],[1613660664863,971501499431.4321],[1613664406645,960786564153.213],[1613668606868,969250132664.1002],[1613671335866,966355621138.1302],[1613675115642,967499986870.0786],[1613678847350,968356616166.0785],[1613682091940,968607524888.947],[1613685877515,970875973899.3206],[1613689320460,965795303352.3358]],"total_volumes":[[1613607194415,68786353185.79692],[1613611985108,69176435890.4991],[1613614045259,69769025485.31673],[1613617594403,68836749233.81924],[1613621370337,67799044961.49984],[1613625439029,67036809840.60901],[1613628154945,67313121242.14567],[1613632086763,64535132470.13003],[1613635477933,63890354953.28551],[1613639100452,63105412957.85933],[1613642943565,62743478613.73212],[1613646098361,61596514345.0584],[1613649818860,61699930681.370705],[1613653335817,61429886433.946526],[1613657544475,60819341642.09731],[1613660664863,61892862452.02619],[1613664406645,61475549307.1477],[1613668606868,61272109071.057724],[1613671335866,61184818225.48335],[1613675115642,60964888996.28386],[1613678847350,59614917627.01254],[1613682091940,59451059437.47384],[1613685877515,59261150523.07854],[1613689320460,58703533469.41601]]}