{"stats":[[1610757078810,693873011256.8857],[1610759427146,693685243630.8611],[1610763294526,691239204409.782],[1610767709211,677485901694.8174],[1610770523266,680863514741.459],[1610774984933,676947465692.5054],[1610778248260,671846759042.0078],[1610781981893,684013274657.2692],[1610785421504,684394785663.1669],[1610788966461,698205942497.5856],[1610792953705,703401500152.2661],[1610796583924,694437594873.7646],[1610800089200,700490678093.2059],[1610802698068,695471629457.1582],[1610806524330,689260578758.8903],[1610810480986,692315453277.8041],[1610813636416,695926626716.4336],[1610817501704,691933972929.848],[1610821875120,690075723795.1218],[1610824741977,678920388359.4481],[1610828603754,677240231112.1255],[1610831856152,680020446164.5717],[1610836005361,666794324369.9722],[1610839732333,672832228340.5236]],"total_volumes":[[1610757078810,62748101513.3337],[1610759427146,64012280858.57473],[1610763294526,63302052220.9982],[1610767709211,63439756431.525276],[1610770523266,63663451297.75557],[1610774984933,61438512165.118324],[1610778248260,63734854813.28097],[1610781981893,64452245050.83744],[1610785421504,63082397542.57435],[1610788966461,65460337308.70127],[1610792953705,67861746359.634285],[1610796583924,66948834153.060135],[1610800089200,67922584270.438255],[1610802698068,64431390472.52518],[1610806524330,63226365821.79067],[1610810480986,61883023680.8632],[1610813636416,59067556700.275696],[1610817501704,55564783991.446976],[1610821875120,53954888563.989044],[1610824741977,52363636633.703125],[1610828603754,53358271949.19212],[1610831856152,54241908135.45638],[1610836005361,54293176565.17281],[1610839732333,54521824115.09542]]}