{"stats":[[1612224382876,621908231690.1377],[1612227977733,626021774652.1637],[1612231441081,623808416423.023],[1612235112205,624256999652.5945],[1612238656295,622837414501.151],[1612242683365,627546416683.073],[1612245830994,632538975914.6776],[1612249593769,636374078029.1438],[1612253483919,637287897172.5781],[1612256469582,637762738292.0415],[1612260429477,653112733870.2605],[1612264223036,652329645026.8108],[1612267807799,646578194035.1008],[1612271055026,644455666008.8998],[1612274523660,645595217996.5432],[1612278391788,645039675116.6304],[1612282009930,642999103918.1848],[1612285305755,650089947532.3741],[1612288986105,646223449450.175],[1612292683424,654479470970.2427],[1612296498742,664100543396.5872],[1612299941569,664411913615.5983],[1612303710192,665844265122.473],[1612307401256,664202797017.4988]],"total_volumes":[[1612224382876,49204476809.78883],[1612227977733,49295371714.09303],[1612231441081,48830144913.496284],[1612235112205,48643476258.45371],[1612238656295,48335951318.15548],[1612242683365,48226305220.46248],[1612245830994,48377599553.3342],[1612249593769,47812039820.489914],[1612253483919,48066683526.14987],[1612256469582,48099880437.35675],[1612260429477,50158146909.900764],[1612264223036,49964233520.93077],[1612267807799,48737464977.5243],[1612271055026,47685489947.297386],[1612274523660,47035249079.469795],[1612278391788,46475801553.21323],[1612282009930,46178792188.22938],[1612285305755,48307596341.395935],[1612288986105,48159834831.69046],[1612292683424,48432803465.41644],[1612296498742,49846660171.4461],[1612299941569,51058642341.63308],[1612303710192,51186106277.47768],[1612307401256,50018525844.65098]]}