{"stats":[[1612915567533,867280555017.1847],[1612920532186,863067663105.279],[1612922985891,861328096652.9993],[1612926572715,866188126279.8011],[1612930173585,859797094430.7114],[1612933901219,856397265584.1788],[1612937092482,860897162156.1552],[1612940443022,866793386794.9867],[1612944990372,870626958858.7498],[1612948131502,868432769032.3248],[1612951629146,866386154176.559],[1612955687496,865722165573.4418],[1612958866923,866786633442.5336],[1612962087469,845972465424.0759],[1612966216258,848157765375.9639],[1612969931064,835022967474.1906],[1612972926538,824785706798.7236],[1612976441129,827261670612.0767],[1612980196043,838898609316.2893],[1612983758913,838582883551.0203],[1612988309148,839189439148.933],[1612990992669,830661567321.3306],[1612994682692,835624917534.5944],[1612998817387,840183346495.6188]],"total_volumes":[[1612915567533,76998746725.24602],[1612920532186,73337158757.46977],[1612922985891,74457357519.16205],[1612926572715,74394308374.79675],[1612930173585,73626870114.17484],[1612933901219,71305841681.66432],[1612937092482,71938343697.80142],[1612940443022,70899825018.41911],[1612944990372,69491491097.25117],[1612948131502,69683616007.18605],[1612951629146,68511607684.95192],[1612955687496,67611386579.52585],[1612958866923,67441276560.694756],[1612962087469,69035139878.95177],[1612966216258,68267981297.7624],[1612969931064,68186320773.48804],[1612972926538,69340399480.23839],[1612976441129,70467478994.219],[1612980196043,71580914824.44301],[1612983758913,70844920245.3384],[1612988309148,70906413079.84172],[1612990992669,68558590537.22021],[1612994682692,70704814318.17528],[1612998817387,70287532148.96437]]}