{"stats":[[1616285979902,1090675371957.3483],[1616288605657,1094646281765.0807],[1616292243572,1091393855935.7598],[1616296011828,1077094254707.1777],[1616299344468,1083372788992.5913],[1616303279836,1065019855917.4774],[1616306986124,1070804511212.53],[1616310524524,1071153029396.849],[1616314074468,1066705291366.597],[1616317251670,1071184521532.2241],[1616321597563,1047732128493.704],[1616324937717,1052805233793.9839],[1616328462216,1054681596773.9652],[1616331656647,1053609867779.6582],[1616335676788,1069632484503.7726],[1616339264204,1071720014818.6555],[1616343092715,1067269795926.9243],[1616346290056,1073801503241.3549],[1616350483787,1073340813974.5564],[1616353767776,1072527027369.1948],[1616357042749,1076532645113.9022],[1616360458951,1080907544810.0925],[1616364160603,1086604740143.5751],[1616367728232,1081114730675.619]],"total_volumes":[[1616285979902,55079121588.122345],[1616288605657,56717563145.911064],[1616292243572,57210409619.65553],[1616296011828,57200019806.16421],[1616299344468,57736449948.38582],[1616303279836,58416641917.6193],[1616306986124,59184454787.11481],[1616310524524,59383054514.73603],[1616314074468,58494907680.58114],[1616317251670,59275939428.11574],[1616321597563,60307143150.16196],[1616324937717,61607302676.17213],[1616328462216,61482992107.14128],[1616331656647,61340234602.87569],[1616335676788,61361764460.7787],[1616339264204,60056269050.87294],[1616343092715,59074185835.376274],[1616346290056,59324276023.4924],[1616350483787,58574598341.9341],[1616353767776,58856733187.907906],[1616357042749,59083744630.90941],[1616360458951,57839960078.227325],[1616364160603,58434664429.984474],[1616367728232,57670994247.4563]]}