{"stats":[[1619568066360,1027617870421.6592],[1619571978018,1037290000323.9816],[1619575483600,1038529465231.749],[1619579047091,1037236842146.1322],[1619582526531,1027699247890.6503],[1619586210884,1025220604422.1697],[1619589687548,1022685073872.0641],[1619593534439,1012019470645.7242],[1619596948451,1014648977157.4835],[1619600404877,1014227368379.2131],[1619604242295,1015918353869.0233],[1619607889829,1018688834394.0565],[1619611374879,1026451939455.7738],[1619615206445,1031312143986.3424],[1619618531607,1023163702073.1682],[1619622087528,1021914862010.0011],[1619625761462,1015673850206.6199],[1619629335588,1024712665930.4342],[1619632815550,1027245181000.4612],[1619636601053,1025483631805.1088],[1619640070018,1026692896762.7695],[1619643808879,1018777191386.7811],[1619647466821,1025914873254.2457],[1619651048136,1018115057605.7759]],"total_volumes":[[1619568066360,48468560013.13787],[1619571978018,48757442277.807175],[1619575483600,49219717699.27275],[1619579047091,48896490370.16284],[1619582526531,48690300844.63632],[1619586210884,49862306319.07796],[1619589687548,50060641334.94286],[1619593534439,46673405106.25738],[1619596948451,48039879742.132774],[1619600404877,47594002319.239456],[1619604242295,46490498661.113594],[1619607889829,46548829037.378914],[1619611374879,47186541418.350136],[1619615206445,47116767238.59602],[1619618531607,48114555115.20401],[1619622087528,47205725107.60031],[1619625761462,45687611329.46733],[1619629335588,46893571860.279526],[1619632815550,45438842572.775826],[1619636601053,46622510182.694725],[1619640070018,46707835522.73948],[1619643808879,49259822425.28731],[1619647466821,48752064390.447945],[1619651048136,49204327853.15137]]}