{"stats":[[1613347645703,905515462576.995],[1613352599087,898718073102.5128],[1613354668119,894632954826.8685],[1613358706017,873013431288.9136],[1613361700359,874424226817.9462],[1613365489602,872532735096.8507],[1613369308494,870300138684.5223],[1613373257020,879528762612.0846],[1613376395055,881355018164.5042],[1613380222091,887212487619.3528],[1613383596691,885088100637.7935],[1613386919233,883961113398.5476],[1613390829532,891277703840.387],[1613395995288,893926604671.3827],[1613397893320,892802269564.047],[1613401387429,888178803902.807],[1613405536936,894766872147.1603],[1613408987406,901324848997.3693],[1613412440802,901691913101.442],[1613415949902,902094865872.2859],[1613419365262,903654172052.2222],[1613423280887,903032808189.1564],[1613426658832,899059147687.1196],[1613430795726,898855605290.9818]],"total_volumes":[[1613347645703,57595659869.67467],[1613352599087,56655549508.57812],[1613354668119,57583004334.46442],[1613358706017,61013997067.07625],[1613361700359,62652543506.32569],[1613365489602,63619056985.80525],[1613369308494,62957911373.24998],[1613373257020,61370315701.83334],[1613376395055,61544693773.68425],[1613380222091,61905327437.40044],[1613383596691,62299954890.71938],[1613386919233,61454867343.194695],[1613390829532,62023882925.02076],[1613395995288,61686925192.21157],[1613397893320,60664668067.67768],[1613401387429,60059629096.164536],[1613405536936,59813501070.072014],[1613408987406,60666842623.952095],[1613412440802,60882728559.73831],[1613415949902,60755036689.52351],[1613419365262,61240368134.60947],[1613423280887,61183655988.11063],[1613426658832,60931078623.70115],[1613430795726,61607651051.12606]]}