{"stats":[[1612829603656,862413737410.9171],[1612834618589,866272101233.0676],[1612836403544,855750813120.9519],[1612839983775,851308415154.5082],[1612843788960,869173245039.5748],[1612847379553,871609591819.3298],[1612850919179,877310742975.2329],[1612854421502,890733667806.3218],[1612858099485,886326158440.4824],[1612861674390,876893152063.8135],[1612865092658,865969747401.0016],[1612868788227,849726881089.3114],[1612872359908,863958236591.1176],[1612875864094,843284437329.4023],[1612879368185,861249000403.4222],[1612883198085,864904018450.1427],[1612887079759,876365294592.4155],[1612890227739,866010741181.9557],[1612894058547,865900102003.9934],[1612898007828,877708782834.1665],[1612901237619,878960760602.9965],[1612905196693,880289554179.2252],[1612908427592,880717906592.5664],[1612911878697,869687873221.6876]],"total_volumes":[[1612829603656,88922821676.15636],[1612834618589,90479795288.19499],[1612836403544,91527670414.46248],[1612839983775,91912630028.51945],[1612843788960,94464198382.76675],[1612847379553,95311261310.8962],[1612850919179,95773908625.1955],[1612854421502,99688485017.7429],[1612858099485,100871781751.37257],[1612861674390,102815999180.34854],[1612865092658,102904652835.2796],[1612868788227,102265025783.46826],[1612872359908,104481891890.04134],[1612875864094,99860040431.64021],[1612879368185,92413919499.00201],[1612883198085,88868793806.52615],[1612887079759,87145786484.7659],[1612890227739,85544720388.63274],[1612894058547,84518828044.10722],[1612898007828,86100236126.14844],[1612901237619,85881769853.98248],[1612905196693,85224275977.01996],[1612908427592,83293666049.42764],[1612911878697,80670760384.75563]]}