{"stats":[[1618791396238,1053618163309.5769],[1618795331265,1059682085350.904],[1618798106128,1064751431030.1167],[1618801406550,1067651857139.9545],[1618806604533,1067955883538.848],[1618809642939,1063620315929.4608],[1618812807284,1060227025384.2947],[1618816474975,1072861388199.6113],[1618820800810,1067557667839.6809],[1618822855657,1065517117593.6178],[1618826816669,1062135676787.8424],[1618830188694,1053598492083.6606],[1618835256237,1066431457985.8722],[1618839092998,1059637337678.6167],[1618843386855,1052171118274.5172],[1618844760119,1030492500905.4596],[1618848347669,1030994138210.3167],[1618851684107,1030469470039.9642],[1618856646990,1035028847289.9344],[1618858961081,1040720990175.7197],[1618862781336,1046727063879.6246],[1618866165654,1053117994010.9811],[1618869734067,1047869595490.9952],[1618874809673,1047505792770.2786]],"total_volumes":[[1618791396238,103191578341.69826],[1618795331265,103091742200.6751],[1618798106128,101758672283.46126],[1618801406550,101272651138.05473],[1618806604533,86560300880.60124],[1618809642939,82862104468.46829],[1618812807284,78551543892.37363],[1618816474975,76831172949.45073],[1618820800810,74388119540.93181],[1618822855657,73377626179.31596],[1618826816669,69373296192.6845],[1618830188694,68432497386.20438],[1618835256237,68314954398.35635],[1618839092998,66231925461.32717],[1618843386855,65366242656.369095],[1618844760119,65715327719.40068],[1618848347669,65449828324.12349],[1618851684107,68119210039.90431],[1618856646990,68070372142.959236],[1618858961081,68024900979.76225],[1618862781336,68104200514.7965],[1618866165654,68268937843.49194],[1618869734067,67969763851.55164],[1618874809673,66466652282.51443]]}