{"stats":[[1611274474989,568179692699.2488],[1611278029241,546214248101.5304],[1611281892279,556660169849.3993],[1611284476552,570111353115.8082],[1611289426724,585223385272.4601],[1611292809277,572951922118.0856],[1611296714866,589570169550.2207],[1611299344534,589550143822.7197],[1611302991785,570192854651.5951],[1611306493470,589551861847.1906],[1611311286465,586955985067.7714],[1611313439807,581603153646.9618],[1611318211441,592778223856.3975],[1611320999590,587037911800.0571],[1611325214628,602252387478.8541],[1611328605157,605718262894.0721],[1611331604089,604819063566.8868],[1611336071078,604362213736.5455],[1611338975168,601122409333.5884],[1611343430860,619053224623.3495],[1611347191165,622287289808.6262],[1611349953884,624325981396.832],[1611353847141,622388640709.3137],[1611356909226,611713941909.7014]],"total_volumes":[[1611274474989,68748544738.13747],[1611278029241,71047965817.25963],[1611281892279,76379690655.30296],[1611284476552,79404770767.30579],[1611289426724,82213837722.94826],[1611292809277,81561078309.62822],[1611296714866,84201108514.21577],[1611299344534,85167004464.85692],[1611302991785,84192188784.5569],[1611306493470,86134300392.70036],[1611311286465,82093027823.52777],[1611313439807,81737526790.07343],[1611318211441,81127198241.9472],[1611320999590,79486261065.21661],[1611325214628,81432012174.55803],[1611328605157,79352492066.95471],[1611331604089,78095447846.07774],[1611336071078,74491115124.75809],[1611338975168,73525309672.64824],[1611343430860,75399438787.577],[1611347191165,75611708711.65958],[1611349953884,75207719021.26247],[1611353847141,73570975812.84657],[1611356909226,70276537089.68976]]}