{"stats":[[1613174596576,880620921496.0787],[1613179862870,886503987886.4366],[1613182306113,886467542498.6405],[1613185772023,890295507636.6462],[1613189397487,888722510089.4181],[1613192988839,890025292458.1833],[1613196244090,890844792237.356],[1613200155990,887476887121.8156],[1613203457382,878098681381.0824],[1613206929906,882112045535.8597],[1613210789277,878726228505.0264],[1613214518926,871366044229.5662],[1613218212357,863663325939.6925],[1613221485632,873054365642.5836],[1613225055382,876157430375.5106],[1613228690089,874134247618.5114],[1613232668518,874311477347.7914],[1613235905851,877155675530.3381],[1613239698514,870231562978.431],[1613243054006,871611328149.1875],[1613246776837,871174074918.4022],[1613250257033,872480180951.6118],[1613254054945,876353592586.3918],[1613257662027,875589337903.378]],"total_volumes":[[1613174596576,61942185128.99905],[1613179862870,60145929282.85101],[1613182306113,58867086913.72782],[1613185772023,60166773582.2525],[1613189397487,60211822517.47134],[1613192988839,57430760880.670944],[1613196244090,58337363662.01543],[1613200155990,57479909233.196945],[1613203457382,56859017738.435326],[1613206929906,57760399883.40289],[1613210789277,57339806972.46381],[1613214518926,57284470423.52473],[1613218212357,58575243638.48543],[1613221485632,59831196128.32119],[1613225055382,59806348898.58781],[1613228690089,57576547161.098305],[1613232668518,57079575636.22157],[1613235905851,56812469286.66214],[1613239698514,56035916541.582664],[1613243054006,55666876611.51434],[1613246776837,54478731183.617714],[1613250257033,55546859862.37531],[1613254054945,55414063851.922615],[1613257662027,55589493721.32755]]}