{"stats":[[1614038731751,1012011618712.4054],[1614042382489,1001714402978.7451],[1614045821462,987039444583.9945],[1614049273263,956981933425.3516],[1614053355954,974103841003.5103],[1614056966775,939801744126.0151],[1614060596717,940195580083.8116],[1614063923249,920384941792.2649],[1614067483494,940160896795.4956],[1614071207048,898137603128.6963],[1614074749963,895896266252.4218],[1614078269629,877313761206.1007],[1614082076500,857161987831.811],[1614085603384,900447478231.9182],[1614089178100,911306708893.1233],[1614092884745,873364496881.9166],[1614096445481,911586982630.1073],[1614100162701,884775851160.1838],[1614103541873,882494322749.7543],[1614107233898,879861088488.9979],[1614110959610,855398326520.5481],[1614114117561,890039939462.6642],[1614117874429,903853911790.555],[1614121289219,900232768461.5842]],"total_volumes":[[1614038731751,101273175527.52849],[1614042382489,99733197626.21921],[1614045821462,97547977628.09232],[1614049273263,96558838697.28326],[1614053355954,101146072684.57454],[1614056966775,98845080187.4765],[1614060596717,103469951324.96255],[1614063923249,103161613763.40952],[1614067483494,106266901303.03076],[1614071207048,106899505058.33504],[1614074749963,115447397341.73636],[1614078269629,113543704005.76189],[1614082076500,115272250735.18347],[1614085603384,124657005338.8475],[1614089178100,124067007600.29073],[1614092884745,112114933320.5495],[1614096445481,114436806206.67728],[1614100162701,112605080689.85301],[1614103541873,111506985928.68468],[1614107233898,110344373792.5383],[1614110959610,108777474770.47815],[1614114117561,114152536836.04164],[1614117874429,115587289511.73352],[1614121289219,116941579755.11845]]}