{"stats":[[1616113851842,1067531992141.746],[1616116797687,1066015602271.4768],[1616120616139,1074100933805.0355],[1616124339430,1076920806140.509],[1616128447326,1082895390941.0924],[1616131796029,1083651406660.0416],[1616135129947,1087117723497.1777],[1616138771830,1088586070912.6133],[1616142682924,1088512982754.7832],[1616145774807,1101842341339.6245],[1616149243246,1090450971409.125],[1616153134889,1097814823069.7965],[1616157036034,1107129320192.8362],[1616159327042,1100735482484.5864],[1616163739842,1090466075586.7065],[1616167906864,1100705166313.0688],[1616171012204,1101941394753.895],[1616175237724,1098983602060.1056],[1616178074629,1090744857782.831],[1616180955307,1100992567475.9224],[1616185851441,1105571279428.3877],[1616189275261,1100259330806.701],[1616193197295,1092660576603.5802],[1616195834783,1092753714117.7067]],"total_volumes":[[1616113851842,57831098604.33174],[1616116797687,58637800994.78784],[1616120616139,58900403718.19221],[1616124339430,58630833745.1966],[1616128447326,58650915297.657],[1616131796029,58900945427.338135],[1616135129947,59427541485.33789],[1616138771830,59434927816.341736],[1616142682924,59455835153.10368],[1616145774807,60091053793.80042],[1616149243246,59202812942.80126],[1616153134889,58936711107.33436],[1616157036034,60071175233.72073],[1616159327042,59376874701.931725],[1616163739842,59573424504.163925],[1616167906864,59657238582.90092],[1616171012204,57066704364.610954],[1616175237724,55215024517.434906],[1616178074629,54267585718.81036],[1616180955307,53803560153.92041],[1616185851441,52706939780.20558],[1616189275261,52018925548.35656],[1616193197295,52625664646.28312],[1616195834783,52209835311.3765]]}