{"stats":[[1617667493830,1098687703986.922],[1617672717177,1106493043033.8088],[1617674588102,1098940802942.2642],[1617678076379,1098359594795.5427],[1617681629319,1099198168146.2607],[1617685509685,1098246376624.407],[1617689059020,1099799580966.826],[1617692544445,1100326435121.4883],[1617696404404,1092583414715.4026],[1617699903949,1092869322088.9916],[1617703438437,1095564317852.0387],[1617707034510,1093665727609.389],[1617710532087,1092047665485.4795],[1617714271898,1096710161962.9362],[1617717944437,1091497487497.7195],[1617721479980,1080300992621.5637],[1617724967811,1083191333924.5856],[1617728770233,1086176246176.0323],[1617732384643,1088296723168.4326],[1617735975341,1086991322396.8657],[1617739290391,1085727236348.0714],[1617742907406,1087249020528.6985],[1617746815588,1082588429529.0432],[1617750169915,1083335148670.6323]],"total_volumes":[[1617667493830,55060547644.94518],[1617672717177,56069566347.1445],[1617674588102,56478788509.167984],[1617678076379,55904618582.18011],[1617681629319,56233501583.30366],[1617685509685,56023326022.047806],[1617689059020,55961107589.27233],[1617692544445,55385167119.2797],[1617696404404,55316601387.0113],[1617699903949,51324918052.91379],[1617703438437,57652274637.53841],[1617707034510,58807965769.13632],[1617710532087,59259298860.38309],[1617714271898,60694962024.88077],[1617717944437,59706742205.00158],[1617721479980,61777681319.01381],[1617724967811,61902834484.62076],[1617728770233,61515137575.1006],[1617732384643,60719271389.95637],[1617735975341,61153166637.87089],[1617739290391,61299686905.350525],[1617742907406,61207171444.06409],[1617746815588,61013872439.90613],[1617750169915,61525721553.80233]]}