{"stats":[[1614989231730,914601678974.353],[1614992490837,911327489014.1212],[1614996621879,909126710655.3766],[1614999810997,908841159752.437],[1615003721658,908858217303.898],[1615007201901,905849775087.075],[1615010641267,911231470764.2653],[1615014400610,913427436351.5804],[1615018059987,914593177308.651],[1615021493431,910168549027.0143],[1615024869089,901580349019.5886],[1615028607032,902758456744.4302],[1615032902951,902111588187.2913],[1615035729426,892878231595.3381],[1615039791321,883730320140.9606],[1615043475347,890427145640.222],[1615046691337,890330883145.7789],[1615050114326,891809672189.0831],[1615054081866,901362382909.1792],[1615057640223,907148648178.0399],[1615060915482,904078900186.9148],[1615064729766,904602997299.3356],[1615068354414,909343692300.46],[1615072431822,916118952696.2167]],"total_volumes":[[1614989231730,56298115711.31334],[1614992490837,54004390312.5028],[1614996621879,51868160787.96813],[1614999810997,51242765051.50681],[1615003721658,50147166937.09909],[1615007201901,49975183607.27196],[1615010641267,50270882925.342995],[1615014400610,50727265861.71627],[1615018059987,50456155546.124],[1615021493431,49463320382.32395],[1615024869089,48843341415.31171],[1615028607032,48358777552.67889],[1615032902951,48195248823.42645],[1615035729426,47705837367.13621],[1615039791321,46783961230.51078],[1615043475347,45452394105.26566],[1615046691337,41581374839.69405],[1615050114326,43482620087.06788],[1615054081866,42646177727.9045],[1615057640223,42256650330.232346],[1615060915482,41534715551.91414],[1615064729766,41481430534.78657],[1615068354414,41611649185.313255],[1615072431822,41716860957.8603]]}