{"stats":[[1611360245958,613271077002.4795],[1611364136219,608898628996.8942],[1611367920263,610346263349.4489],[1611371018183,602078944701.508],[1611374591946,606386969900.4799],[1611379078202,607029000605.4833],[1611381790527,617124673925.8635],[1611385799426,616472288449.7273],[1611389859529,607895251828.4081],[1611393522722,614515009732.1531],[1611397087758,602424411215.5645],[1611400030118,602465668085.8958],[1611404488176,595034926432.2089],[1611409154331,594767351820.6675],[1611410493557,593352192413.7971],[1611414396042,591229621733.8237],[1611418414560,592887901912.6344],[1611421519661,598558263758.4343],[1611425474376,599867851619.3164],[1611428613974,598694629020.3285],[1611432387943,602923830316.3435],[1611436283312,598499557388.6394],[1611439425288,602154477745.9131],[1611442849415,596984620115.1084]],"total_volumes":[[1611360245958,69549742252.37038],[1611364136219,65106936812.60547],[1611367920263,60750155543.19709],[1611371018183,58759000252.02756],[1611374591946,58226341245.54817],[1611379078202,56842577685.629845],[1611381790527,54960182681.937065],[1611385799426,55896841028.272354],[1611389859529,54301146048.64557],[1611393522722,53259272507.84889],[1611397087758,52165518049.46791],[1611400030118,51677984765.027855],[1611404488176,50808979304.7987],[1611409154331,50552497879.10448],[1611410493557,50318195694.880905],[1611414396042,49320765355.749825],[1611418414560,48354559897.87992],[1611421519661,46805545297.15135],[1611425474376,46715931304.5008],[1611428613974,46212121729.54649],[1611432387943,45558003993.895035],[1611436283312,44620639531.48968],[1611439425288,44875038556.95526],[1611442849415,44358023498.570786]]}