{"stats":[[1616544826563,1018692155025.9739],[1616549651113,1009273239714.9967],[1616552677047,1019239921901.1678],[1616556076322,1016325282837.8864],[1616559993187,1014952911314.4161],[1616563240600,1006216384893.6323],[1616567128908,1004109700622.5511],[1616570607949,1036399673061.3173],[1616574953817,1051748996152.6222],[1616578367528,1054573807983.4565],[1616581465476,1051150894505.4149],[1616585051563,1055096299940.9496],[1616589094303,1060537128118.9797],[1616591928462,1061855952137.9143],[1616594564686,1062227379852.0889],[1616599911730,1054634993430.5518],[1616602949063,1048251669811.192],[1616607306267,1042450163633.1572],[1616609817036,1049846649015.9138],[1616613541795,1035699245106.0131],[1616617356094,1013052162094.5802],[1616620449563,1009738634367.5208],[1616623771940,1003968644565.3348],[1616627566824,981280567232.8397]],"total_volumes":[[1616544826563,60015909646.26715],[1616549651113,60147305095.42153],[1616552677047,60258333752.43399],[1616556076322,59772465733.096985],[1616559993187,60171662185.71609],[1616563240600,59156685637.61183],[1616567128908,57140747782.4376],[1616570607949,59269536728.446014],[1616574953817,60290078059.210365],[1616578367528,61661298721.01536],[1616581465476,62767099605.18544],[1616585051563,63526541905.84619],[1616589094303,62667108320.169975],[1616591928462,62522606954.85812],[1616594564686,63681050693.765625],[1616599911730,63198393185.266884],[1616602949063,61461458696.56972],[1616607306267,60890916782.21832],[1616609817036,61511497224.26847],[1616613541795,60785812091.632385],[1616617356094,61427825004.55801],[1616620449563,63599766240.6646],[1616623771940,63712678630.308304],[1616627566824,69485981424.38214]]}