{"stats":[[1614125059469,904133801444.5278],[1614128682367,899687848308.0638],[1614132121267,940873590336.2168],[1614135986515,940661686319.6111],[1614139731318,953049281737.2385],[1614143210916,948542886434.3904],[1614146972935,940805799776.5308],[1614150508742,932196443919.5651],[1614154749805,937026275578.0405],[1614157790982,946293499449.7219],[1614160872772,951448198635.8286],[1614164841674,940204775070.4509],[1614168684791,942532149797.4585],[1614173635706,939322472387.325],[1614175537285,923885315653.6348],[1614179344189,915876432441.2001],[1614182720216,928612469384.1703],[1614186298363,926858260773.6761],[1614189821165,930194274578.4269],[1614193297089,929289531004.3015],[1614197081397,912605541905.4932],[1614200528968,916059869353.8323],[1614204337339,904669559505.0864],[1614207857715,910855556764.1093]],"total_volumes":[[1614125059469,116689607925.81473],[1614128682367,116767793941.03802],[1614132121267,122585106419.99844],[1614135986515,121790178682.38397],[1614139731318,121792509086.37776],[1614143210916,119226593919.6876],[1614146972935,114378881841.96402],[1614150508742,112877752030.95027],[1614154749805,111375979730.98608],[1614157790982,106678471132.51566],[1614160872772,100811367247.23141],[1614164841674,96412922614.92465],[1614168684791,91386070697.20139],[1614173635706,84177494637.86609],[1614175537285,84294025369.00606],[1614179344189,82424284355.13377],[1614182720216,81646609090.9294],[1614186298363,79609203563.44208],[1614189821165,78784387641.35043],[1614193297089,77258976606.78354],[1614197081397,74403292544.52832],[1614200528968,73180094954.96007],[1614204337339,71966775775.45247],[1614207857715,72267860727.53307]]}