{"stats":[[1616889955891,1042184275332.6417],[1616893679594,1045943560415.2225],[1616896947344,1047479573202.9003],[1616900553334,1042614518225.1982],[1616904149299,1047147886912.6736],[1616908189740,1048773724868.4681],[1616911471063,1049343253430.0239],[1616914917120,1043848758473.8014],[1616919303266,1049706407017.9606],[1616922321672,1050962999509.9457],[1616925870022,1048983355262.9008],[1616929896171,1045301800856.8882],[1616932860609,1043871028106.907],[1616937175671,1038871582750.035],[1616940625680,1037967530512.339],[1616944108339,1041539339152.2765],[1616947691245,1050620946310.0695],[1616951068774,1050079437003.6582],[1616954928589,1045193133798.9143],[1616958617015,1032581636923.9315],[1616962526306,1028590153225.9077],[1616966246988,1025888452944.6436],[1616969932159,1028339480106.3445],[1616972824646,1036763919859.1453]],"total_volumes":[[1616889955891,47248737878.02399],[1616893679594,47294397982.08005],[1616896947344,46882083035.8547],[1616900553334,47557756078.016304],[1616904149299,48309176341.44217],[1616908189740,49618479213.27872],[1616911471063,49683880492.42065],[1616914917120,49451309668.82514],[1616919303266,49957034100.241356],[1616922321672,50817827387.279625],[1616925870022,51017819991.36044],[1616929896171,52053824203.87116],[1616932860609,51983993040.66072],[1616937175671,51606454659.91344],[1616940625680,51923015298.22979],[1616944108339,52187239504.65653],[1616947691245,52727615769.102646],[1616951068774,51349780520.67277],[1616954928589,49621429950.72931],[1616958617015,50268058497.70149],[1616962526306,51116278929.23025],[1616966246988,50576033777.775665],[1616969932159,49807352440.36131],[1616972824646,50325490678.44892]]}