{"stats":[[1614557213876,838307614585.1935],[1614560626949,863902150149.389],[1614564385935,864647793285.6177],[1614567723477,870380537572.0764],[1614571482182,866623595914.8468],[1614575197408,868431694331.8887],[1614578929428,861925632644.2991],[1614582430547,856774938315.9144],[1614586057776,863291640103.9418],[1614589424832,880693477663.1787],[1614593113336,883617246837.4149],[1614596643443,892922179277.8434],[1614600249593,890843880454.9266],[1614603915233,895902062686.2306],[1614607706478,896761922315.4557],[1614611261091,899371681615.6093],[1614614661041,921178795902.9729],[1614618561877,912928175335.8352],[1614621881328,909308190363.8053],[1614625446559,906399618720.2878],[1614629114014,902370627042.5437],[1614632724024,902223821629.8463],[1614636521153,912343880969.8025],[1614640073928,917902986861.5581]],"total_volumes":[[1614557213876,59840956483.91349],[1614560626949,61957022527.49659],[1614564385935,62389561244.947],[1614567723477,62946162456.58383],[1614571482182,61357841211.606064],[1614575197408,60199288306.620026],[1614578929428,58204927317.24488],[1614582430547,55938855528.57659],[1614586057776,56037293405.5819],[1614589424832,57652532664.3553],[1614593113336,58505464645.35573],[1614596643443,59755099886.07165],[1614600249593,60748258730.62208],[1614603915233,61329386329.58579],[1614607706478,61953691200.64359],[1614611261091,61591843416.11201],[1614614661041,63232727637.25873],[1614618561877,62546949590.56185],[1614621881328,61678497569.70718],[1614625446559,62858774269.702614],[1614629114014,62424885966.07549],[1614632724024,62704984410.3012],[1614636521153,62260486924.62501],[1614640073928,62830803011.05604]]}