{"stats":[[1617409726836,1111510140937.0103],[1617411835470,1106001622265.5793],[1617415980643,1104843590503.2476],[1617419080079,1107741126018.553],[1617424012999,1106353697977.033],[1617426842032,1108397964871.5002],[1617429724170,1110033726779.7048],[1617433667443,1108786656247.389],[1617437272135,1107312495405.342],[1617441063755,1102408956122.071],[1617444224902,1106898386626.0942],[1617448421265,1109019881401.1462],[1617451974389,1103789435108.3572],[1617454956111,1106665217599.9138],[1617458505822,1108519605684.6362],[1617462432313,1106229437949.231],[1617466406142,1098942709748.0321],[1617469535587,1098294340928.5441],[1617473312481,1089617679847.3931],[1617476600222,1090386156041.5321],[1617480124803,1090737237416.7144],[1617483751714,1085606153772.3226],[1617487620749,1078696142226.576],[1617490948104,1080063451000.6619]],"total_volumes":[[1617409726836,52609711893.95429],[1617411835470,51593457113.94056],[1617415980643,50943535006.40953],[1617419080079,48736366285.3088],[1617424012999,46795165011.49196],[1617426842032,46485225170.4109],[1617429724170,46762862672.5606],[1617433667443,47020143500.798294],[1617437272135,46621102381.96073],[1617441063755,48370023027.08831],[1617444224902,48602431848.30714],[1617448421265,48672310717.72424],[1617451974389,49560630090.501114],[1617454956111,48222340121.45792],[1617458505822,47992218628.547966],[1617462432313,47106393843.49809],[1617466406142,46461427599.52945],[1617469535587,46519564924.90572],[1617473312481,48570781812.59221],[1617476600222,49988487243.70637],[1617480124803,49949263830.673836],[1617483751714,50692117115.37594],[1617487620749,51227928169.925835],[1617490948104,52988296536.79219]]}