{"stats":[[1617494967288,1066162738969.8163],[1617499464555,1066162738969.8163],[1617503519510,1069158440450.6744],[1617507438359,1070746334010.51],[1617510725477,1075335040543.3134],[1617512530592,1074810371871.0153],[1617516184924,1074061846582.0442],[1617519699291,1072043512103.6554],[1617523430230,1074567406904.8322],[1617526887410,1075500609640.1063],[1617530492127,1077604061088.3802],[1617534345051,1077635150183.4893],[1617537718041,1073573130741.7439],[1617541471040,1080295618754.3412],[1617545018116,1084865603092.6012],[1617548777105,1085327826858.3751],[1617552453629,1082297101757.2301],[1617555792369,1084386115420.0476],[1617559278598,1085235713337.2794],[1617563010833,1084726272724.3265],[1617566635263,1081414580190.0607],[1617570330282,1084211164036.9331],[1617573737649,1085742673087.683],[1617577464292,1085327664490.6887]],"total_volumes":[[1617494967288,53117535590.35953],[1617499464555,53897987092.61856],[1617503519510,55730953677.6945],[1617507438359,54671046032.35558],[1617510725477,55003651955.65936],[1617512530592,55034424725.24535],[1617516184924,54851420638.96671],[1617519699291,54680866474.94191],[1617523430230,54949234771.19873],[1617526887410,54090300688.2287],[1617530492127,53963441831.68008],[1617534345051,53517655138.39556],[1617537718041,54456529461.07534],[1617541471040,54884673887.56173],[1617545018116,55625159648.09316],[1617548777105,55829279806.1349],[1617552453629,55872311391.35547],[1617555792369,55143250097.66394],[1617559278598,53518823835.02951],[1617563010833,51420664500.815],[1617566635263,50649358076.05516],[1617570330282,49762378097.882645],[1617573737649,49071592154.250595],[1617577464292,47486609963.00907]]}