{"stats":[[1611188198003,659552834336.9459],[1611191766351,655172880864.1918],[1611194988709,646639530413.9918],[1611198507565,644851671415.3777],[1611201812070,643888288917.0609],[1611205874085,638909115736.077],[1611209352713,643561404669.0402],[1611212901416,646968222500.0826],[1611217071315,643176020192.1492],[1611220515369,622171690696.3911],[1611223969958,612887228170.5748],[1611227264001,611700325107.1143],[1611231222836,604714093881.123],[1611234192944,607958693548.4078],[1611238382328,604750917153.3049],[1611241641567,582830272245.5613],[1611245528030,592373430264.9391],[1611248815283,583247111399.8502],[1611252851805,594956693026.5758],[1611256340876,591263497168.0071],[1611259369993,608847579461.0292],[1611264271869,594959261833.1816],[1611266952951,583336224281.7106],[1611271501405,578011964720.5754]],"total_volumes":[[1611188198003,58966199126.088394],[1611191766351,59767563500.42993],[1611194988709,59540271736.431114],[1611198507565,59877688398.8561],[1611201812070,56061733887.258446],[1611205874085,54719219594.545525],[1611209352713,57621055144.5047],[1611212901416,57620108642.56425],[1611217071315,56966784642.133156],[1611220515369,57060539976.56559],[1611223969958,59543453931.53355],[1611227264001,60488768201.73997],[1611231222836,58313958211.35034],[1611234192944,61781798171.09416],[1611238382328,61822215325.714424],[1611241641567,62558549328.00798],[1611245528030,62954182506.53424],[1611248815283,61817002669.86991],[1611252851805,63412841223.18726],[1611256340876,63946006174.23577],[1611259369993,66356345314.09587],[1611264271869,65990258781.43178],[1611266952951,65382016027.67112],[1611271501405,69070963682.00456]]}