{"stats":[[1617322747251,1097803230985.0869],[1617325572590,1094090674146.698],[1617329206376,1100320534168.7441],[1617333206284,1121890335462.9937],[1617336414247,1115707204895.2],[1617339741861,1113401844169.7751],[1617343317637,1111989849980.1553],[1617347874924,1114101102891.7856],[1617351532469,1111577313774.1096],[1617354938442,1109579797222.0554],[1617359441974,1112283296768.2183],[1617361387036,1112106231047.779],[1617365336451,1112006267718.6575],[1617369265342,1109934117392.9263],[1617372358222,1104243485963.138],[1617376597093,1113837080883.7214],[1617379866125,1110087654582.6172],[1617382926554,1108583312151.9507],[1617386967819,1105024395956.263],[1617390158842,1102892126561.1843],[1617393747051,1099649828496.6123],[1617397281964,1095940113470.8352],[1617401451583,1096967485174.3066],[1617404481989,1099641282914.1125]],"total_volumes":[[1617322747251,54397354685.42925],[1617325572590,55185832721.16723],[1617329206376,53890060924.79522],[1617333206284,58874826895.358376],[1617336414247,59355790719.99961],[1617339741861,59042919634.57618],[1617343317637,57233842539.58154],[1617347874924,57027276020.20292],[1617351532469,56422270008.760056],[1617354938442,54501223464.889915],[1617359441974,54451178743.22559],[1617361387036,54167843842.00953],[1617365336451,52570298693.34192],[1617369265342,51439615701.83562],[1617372358222,51436229152.35063],[1617376597093,53661404417.315956],[1617379866125,53438684024.02572],[1617382926554,53485677363.81018],[1617386967819,52725496101.74052],[1617390158842,51151408850.93906],[1617393747051,50372870000.89148],[1617397281964,50463495599.19394],[1617401451583,50639854157.16094],[1617404481989,50842267688.37058]]}