{"stats":[[1616026004512,1101028543248.462],[1616029519412,1103591973288.2297],[1616033225896,1105419683686.7173],[1616036888067,1106472379790.1816],[1616040190344,1099727363934.3005],[1616043933137,1100518159668.4878],[1616047298161,1104098985373.6118],[1616051218150,1104972194697.1948],[1616054460512,1087954669159.6445],[1616058058686,1088201619703.0168],[1616061849086,1094302174613.4951],[1616065381728,1095801221366.5646],[1616069247157,1088558826785.0583],[1616072959580,1087201217842.748],[1616076434490,1082861466186.1324],[1616079925050,1083133486698.0817],[1616085485393,1121675653869.6978],[1616089010968,1113564823969.8616],[1616092047998,1100631423325.9167],[1616095713523,1081287115604.2749],[1616099493338,1079125834935.1207],[1616102991808,1082663215414.5057],[1616106426733,1086439926081.4564],[1616110197741,1080010401846.5079]],"total_volumes":[[1616026004512,63647269890.97583],[1616029519412,64230374549.311325],[1616033225896,64563146029.65721],[1616036888067,64694426107.748795],[1616040190344,62872622661.227776],[1616043933137,64518771161.32982],[1616047298161,64798516195.33772],[1616051218150,64211077016.21204],[1616054460512,63845324977.97669],[1616058058686,63707626449.17907],[1616061849086,62971324389.75222],[1616065381728,62763440809.745384],[1616069247157,62294162913.58304],[1616072959580,62013582806.57875],[1616076434490,60717268203.064575],[1616079925050,61018562079.07211],[1616085485393,63750873846.43963],[1616089010968,65348109690.37053],[1616092047998,64197677477.38224],[1616095713523,62165048031.05816],[1616099493338,62023571451.07167],[1616102991808,61750369913.60588],[1616106426733,60393181446.4457],[1616110197741,59505154731.51079]]}