{"stats":[[1617754141720,1084341670320.8142],[1617757381948,1081192373860.3016],[1617761027788,1074032489679.345],[1617764697270,1080550917160.0304],[1617768137159,1082741870246.4958],[1617771843193,1075680059402.037],[1617775455622,1088952296434.7516],[1617779041148,1088110237437.2867],[1617782517775,1080968770863.6086],[1617786171269,1080072177320.1608],[1617789983349,1074840059782.4253],[1617793533771,1065102209026.6747],[1617796957648,1046159377879.9685],[1617800860567,1055919881164.0289],[1617804412316,1060583382078.9581],[1617807682087,1058722937717.0098],[1617811620156,1052283073162.8334],[1617815119127,1058732185373.4563],[1617818663110,1047767790828.6619],[1617822165641,1047974980808.3094],[1617825701377,1044880742994.8739],[1617829625369,1047567401735.8966],[1617832887344,1054563545438.4438],[1617836511453,1055141465645.6797]],"total_volumes":[[1617754141720,61238654742.70642],[1617757381948,60471525223.70598],[1617761027788,60478916707.23359],[1617764697270,61016167312.27499],[1617768137159,61593094904.35026],[1617771843193,62637744841.26653],[1617775455622,64227811219.59257],[1617779041148,65326239045.66472],[1617782517775,65886784134.74165],[1617786171269,64881960240.11829],[1617789983349,66550472891.32576],[1617793533771,67553812265.0499],[1617796957648,67750482833.94912],[1617800860567,68965515732.18701],[1617804412316,69241135533.83807],[1617807682087,66924905901.72875],[1617811620156,65667699942.5434],[1617815119127,66864196419.013985],[1617818663110,66896751563.64456],[1617822165641,67166487759.68756],[1617825701377,68299516191.63025],[1617829625369,68684974186.09457],[1617832887344,68337078955.85483],[1617836511453,68139803348.51239]]}