{"stats":[[1611965470323,635688668063.594],[1611968711120,636091196185.0255],[1611972393509,632366622885.1637],[1611976688403,629316470177.3164],[1611979794782,616668587022.2944],[1611984096130,620232902989.9886],[1611987470138,618598070856.1455],[1611990749765,627904773601.0016],[1611993884300,623794935668.0116],[1611998507760,637761146421.8083],[1612001592384,637096783035.5862],[1612004669516,636105446643.5496],[1612009038531,627640642004.8584],[1612013952689,630321023767.7533],[1612015617458,637234920731.5627],[1612018990350,635475189676.1912],[1612022663053,636453327488.2319],[1612026778328,632042289745.05],[1612029703036,635959773357.0337],[1612033684101,637555811247.1996],[1612037482665,637069789239.6714],[1612041124259,633894049729.6348],[1612045003670,643476266246.5421],[1612048399570,642111423301.0465]],"total_volumes":[[1611965470323,98353883484.39264],[1611968711120,96348801352.90154],[1611972393509,95288884266.19485],[1611976688403,94783468804.20811],[1611979794782,93753457010.2165],[1611984096130,92262391369.49803],[1611987470138,91594905734.39743],[1611990749765,91581034700.70862],[1611993884300,91671395975.7708],[1611998507760,83620546872.5516],[1612001592384,76979947479.04445],[1612004669516,74066509359.99],[1612009038531,70467490899.56125],[1612013952689,68053005661.71764],[1612015617458,67308823292.91978],[1612018990350,64123621235.904434],[1612022663053,63117349132.96232],[1612026778328,60835725476.72731],[1612029703036,61412122494.460175],[1612033684101,59238473769.74515],[1612037482665,56336307353.954544],[1612041124259,54685097506.74292],[1612045003670,54555963428.829285],[1612048399570,53433875287.82666]]}