{"stats":[[1615162072148,955500713305.9845],[1615166389338,960890333407.755],[1615169514069,960673983293.7693],[1615173050925,940874849261.9003],[1615176075977,943050339773.8142],[1615179693245,939355531910.8983],[1615183445307,946101555487.3287],[1615186953557,937583071475.5828],[1615190637617,930410169762.3245],[1615194217360,929626162297.714],[1615197657626,930771424340.2468],[1615201514340,937290782171.5559],[1615205192084,940840173839.3936],[1615208787684,938102863597.6974],[1615212132055,950099876661.0508],[1615215690940,951428602027.808],[1615219362041,954590605595.3208],[1615223203126,945775249732.4235],[1615226469471,947311870657.4672],[1615230234516,948058699697.1104],[1615234133132,957543683225.7097],[1615237228396,966766448783.3575],[1615241232432,967970245897.6099],[1615244620763,960925036555.7181]],"total_volumes":[[1615162072148,46052413207.653625],[1615166389338,47310196285.73321],[1615169514069,47604163493.68429],[1615173050925,47083580465.9808],[1615176075977,45749746550.87296],[1615179693245,45919086367.56317],[1615183445307,46745542789.797165],[1615186953557,47029559026.90906],[1615190637617,47829758446.37732],[1615194217360,47470666193.19105],[1615197657626,46969361377.05702],[1615201514340,47257876745.999565],[1615205192084,47964722126.5962],[1615208787684,48104646891.914085],[1615212132055,49840934347.954666],[1615215690940,49789238534.71719],[1615219362041,51116080868.3307],[1615223203126,50249760201.71349],[1615226469471,50405214814.89261],[1615230234516,50163509587.426056],[1615234133132,51041211997.36128],[1615237228396,51898581511.09845],[1615241232432,52569909226.88773],[1615244620763,52571899694.235085]]}