{"stats":[[1614816598980,942969910364.1804],[1614819961808,954459931400.7927],[1614823413623,962796643236.1296],[1614826904375,952801466555.3115],[1614830846941,924780351424.757],[1614834557785,916732116828.2837],[1614837876365,930534283858.1677],[1614841510584,923638260313.2698],[1614845215236,927812157711.2479],[1614848670140,936267765950.9553],[1614852489056,913820652650.1715],[1614855969051,921435231064.6213],[1614859715694,923703129583.8226],[1614863066361,920840898645.7925],[1614866643965,929479050600.626],[1614870300639,914262854522.3578],[1614874071239,926274621098.9614],[1614877614622,931241398375.873],[1614881335491,918423034774.8483],[1614884729237,904266057305.1606],[1614888184231,902299972654.8234],[1614892030972,901106313887.4772],[1614895418390,898557833479.558],[1614898887234,902585933986.8212]],"total_volumes":[[1614816598980,59023954219.21571],[1614819961808,60512235641.8595],[1614823413623,61690597152.734215],[1614826904375,61688111883.96072],[1614830846941,61630552725.25202],[1614834557785,62399164939.75892],[1614837876365,63876015331.27078],[1614841510584,63554461925.21465],[1614845215236,64010517836.530556],[1614848670140,63661460047.191025],[1614852489056,62693666359.89177],[1614855969051,62582293969.53281],[1614859715694,61962610882.55026],[1614863066361,60702209274.13798],[1614866643965,59874916629.922264],[1614870300639,58192402778.63233],[1614874071239,59125015132.10501],[1614877614622,58449234620.1461],[1614881335491,57933028873.82293],[1614884729237,58631930271.093994],[1614888184231,59954289651.09252],[1614892030972,60419745806.251305],[1614895418390,60146143750.23383],[1614898887234,60499038310.85197]]}