{"stats":[[1609460362756,538527596080.93945],[1609463070685,539366289940.39886],[1609467940130,544674283090.7321],[1609470855518,543882831294.6975],[1609474283677,545061462372.96844],[1609478344762,542002960375.1619],[1609481421862,542540942656.9412],[1609486406550,539933376034.444],[1609489838357,539607360301.5196],[1609492648337,541155934596.096],[1609495981213,543243447246.4676],[1609500778030,546317016716.1268],[1609504462159,544657948961.5707],[1609506486655,544404250300.4579],[1609511140190,547814266337.0288],[1609514953472,546305982775.0642],[1609518088976,543761604597.0615],[1609520896322,545931227790.75775],[1609525021276,543896196472.35126],[1609527668726,538104931960.9989],[1609531305178,540946058809.14307],[1609535617928,543935846732.9286],[1609538714549,543380228773.8747],[1609542544109,544687701518.35876]],"total_volumes":[[1609460362756,43146399901.6611],[1609463070685,37787298975.16558],[1609467940130,38040194891.30727],[1609470855518,39086868805.96785],[1609474283677,38963002359.55586],[1609478344762,38735815103.79297],[1609481421862,36601667504.235245],[1609486406550,37171568783.263664],[1609489838357,36107477369.49608],[1609492648337,37018279769.65355],[1609495981213,36816189061.339775],[1609500778030,37201729098.43028],[1609504462159,37829013408.08533],[1609506486655,38276966587.70918],[1609511140190,36327546927.79146],[1609514953472,35240432786.30991],[1609518088976,33706746948.63738],[1609520896322,33483092483.880325],[1609525021276,33510688400.999203],[1609527668726,33057619260.233517],[1609531305178,33926209051.41325],[1609535617928,34714344928.60263],[1609538714549,34561299418.63684],[1609542544109,34353704843.835396]]}