{"stats":[[1611620925972,605754809948.0508],[1611625114155,602119954652.9141],[1611626698580,609466788058.4398],[1611630554201,603048590684.1298],[1611634008961,590693269546.2684],[1611637768841,598911260576.9948],[1611641375594,598663449835.5068],[1611645140682,586625907807.5577],[1611648061554,585266478627.3058],[1611652210216,593138666331.6171],[1611655740564,589268001873.07],[1611659068064,599514987307.8131],[1611663546896,594170289676.0345],[1611666189845,586849730056.0823],[1611670539537,591505331527.8083],[1611673399762,583039966642.546],[1611677005424,592296572197.3767],[1611681517253,597968077591.71],[1611684753760,599693708500.1975],[1611687936329,597455836811.5499],[1611692348862,600162035514.668],[1611695998348,596967003451.7122],[1611698969172,596719051251.3383],[1611702943727,610482876058.6902]],"total_volumes":[[1611620925972,50666680526.02146],[1611625114155,49263369009.66156],[1611626698580,49645938966.11449],[1611630554201,48737539605.288414],[1611634008961,48072406417.218155],[1611637768841,48003887030.61511],[1611641375594,47881730464.269806],[1611645140682,46746536011.82389],[1611648061554,47924375428.7516],[1611652210216,48408557016.312294],[1611655740564,48701540244.78392],[1611659068064,49182098133.6053],[1611663546896,49001536185.421646],[1611666189845,47900751473.14948],[1611670539537,46857427355.56612],[1611673399762,47076424535.28313],[1611677005424,48184314334.12931],[1611681517253,48933021079.52508],[1611684753760,49322472530.32329],[1611687936329,49562070574.379524],[1611692348862,49924100885.46006],[1611695998348,49155953679.76229],[1611698969172,48126854668.71644],[1611702943727,48517433311.08074]]}