{"stats":[[1617149030895,1095293012032.8433],[1617153212294,1101328578113.0566],[1617156766729,1099078283200.8643],[1617160737753,1093887699828.6267],[1617164018834,1092428548464.8375],[1617167050380,1096622673213.5919],[1617171210507,1096174741048.5764],[1617175070790,1115685379014.6187],[1617179778318,1078099884027.6191],[1617182266092,1078889358698.9613],[1617184960799,1082046436397.5421],[1617189540784,1078654354289.5537],[1617192383625,1083600309122.5067],[1617196721671,1086289080691.1849],[1617199979871,1093902228161.6886],[1617203592186,1101994755041.834],[1617206697727,1109810599779.3306],[1617210620877,1102170181418.0806],[1617214077919,1107762668061.6602],[1617218053085,1109363296638.956],[1617222020274,1094981265115.052],[1617224539506,1101057446151.645],[1617229195967,1099903462040.8457],[1617231884037,1096486747892.2977]],"total_volumes":[[1617149030895,52387542500.621956],[1617153212294,52457767551.3032],[1617156766729,52641464562.1274],[1617160737753,51608280420.69627],[1617164018834,51706388376.429726],[1617167050380,51366665686.018715],[1617171210507,50957022118.20826],[1617175070790,53503800401.54426],[1617179778318,54953848580.83894],[1617182266092,56059711134.9352],[1617184960799,54173389092.64027],[1617189540784,53534381447.67926],[1617192383625,52158791958.893234],[1617196721671,51808897443.19952],[1617199979871,52317858744.14403],[1617203592186,52661912614.76909],[1617206697727,51051275705.87759],[1617210620877,50528988833.924706],[1617214077919,52191033783.54361],[1617218053085,52389810944.21751],[1617222020274,54229360590.50724],[1617224539506,54097229867.883224],[1617229195967,55185480873.09236],[1617231884037,55609231113.37402]]}