{"stats":[[1612310862359,660664104637.4851],[1612314334056,671602411284.1794],[1612317707456,667400653829.5579],[1612321658972,669705026026.3956],[1612325357285,678314860462.853],[1612328789638,681304123694.2676],[1612332622440,677976972019.7302],[1612335818762,680831090489.4166],[1612339477746,675832745874.3347],[1612343539938,667881198352.1621],[1612346692518,667523281289.2104],[1612350685227,669773612654.3185],[1612354396827,669617350940.7781],[1612357645075,673565982448.8143],[1612360963654,681515916143.8763],[1612364687845,679950051421.4855],[1612368249031,684585427608.7644],[1612371757227,689067215310.7605],[1612376011552,691131197651.8705],[1612379366139,691277391090.0582],[1612383141830,685924192986.7251],[1612386706861,688789090259.8082],[1612390180167,693045606035.628],[1612393410177,695376558387.8718]],"total_volumes":[[1612310862359,50615213404.065346],[1612314334056,50999466989.99934],[1612317707456,50870873945.33158],[1612321658972,50895557253.831024],[1612325357285,51704033967.3231],[1612328789638,52378766434.160065],[1612332622440,51220981613.92788],[1612335818762,51821963688.40586],[1612339477746,50980514448.993904],[1612343539938,49705240378.17736],[1612346692518,48671318202.362755],[1612350685227,48316562702.62449],[1612354396827,47570028039.39733],[1612357645075,47565741103.613174],[1612360963654,49195403366.469696],[1612364687845,48949069042.77734],[1612368249031,48612130326.524345],[1612371757227,49629706895.454],[1612376011552,49878453135.640045],[1612379366139,50304725255.17272],[1612383141830,48947872165.715034],[1612386706861,48735138952.3925],[1612390180167,48180302426.104836],[1612393410177,49118980695.45229]]}