{"stats":[[1612052500064,635820292988.3182],[1612056904278,632830945506.0282],[1612058730644,635711502404.7354],[1612062239146,627893012099.1],[1612065918884,631361731996.7458],[1612069934853,631085113811.5015],[1612073325233,627314378562.7242],[1612076644038,625146866581.4003],[1612080539861,623213888709.807],[1612084512522,625639220888.5159],[1612087561476,619732799786.9324],[1612090921087,625129380228.9402],[1612094664927,623705043766.3617],[1612100296734,626889864813.2677],[1612101919807,624201293799.1344],[1612105595331,619826936335.1329],[1612109024025,611416154133.9232],[1612112827540,612808373559.3618],[1612116113494,607885408547.8822],[1612120102533,606194662470.3065],[1612123516758,610992000792.2965],[1612127043549,611434597392.9883],[1612130822817,607983143233.1804],[1612134183788,614183133677.9891]],"total_volumes":[[1612052500064,52322334658.26288],[1612056904278,51460371984.50652],[1612058730644,51173225246.134476],[1612062239146,50001098258.5149],[1612065918884,48692424196.871155],[1612069934853,47122866465.617966],[1612073325233,46461433642.33029],[1612076644038,45621636724.20684],[1612080539861,44814739476.77674],[1612084512522,44230094984.88035],[1612087561476,43548176619.86122],[1612090921087,43397398720.070335],[1612094664927,42985921789.96902],[1612100296734,43405019020.141594],[1612101919807,42130590049.18842],[1612105595331,42171963739.80538],[1612109024025,42954734700.233154],[1612112827540,41770026741.71599],[1612116113494,41233480228.97409],[1612120102533,41900665012.65691],[1612123516758,42413352109.49895],[1612127043549,42402931546.37283],[1612130822817,42300349390.31861],[1612134183788,42482813602.37091]]}