{"stats":[[1615421095649,1044805904677.5541],[1615424680646,1039967503170.9103],[1615428373051,1042092028889.3531],[1615432476527,1049974259207.3452],[1615435404168,1043443793334.6167],[1615439228947,1040995562754.2975],[1615442990164,1033475057539.4392],[1615446210487,1038537960934.6461],[1615450496231,1019855976389.1533],[1615453886114,1023602625105.7936],[1615457046426,1022614261561.4558],[1615460942386,1038730210146.6626],[1615464381535,1049017059966.2655],[1615469553482,1062496115038.7285],[1615472196052,1066339641278.4434],[1615475230158,1056442672442.188],[1615478507405,1050808306573.6556],[1615482262048,1058978084222.3896],[1615485936365,1060589549691.0514],[1615489469411,1074728666673.4261],[1615493229355,1066788646216.6405],[1615496689791,1075214244973.5629],[1615500590281,1074733815212.6633],[1615504294730,1083052893121.113]],"total_volumes":[[1615421095649,63560545036.79726],[1615424680646,62373950538.87534],[1615428373051,61973584817.429405],[1615432476527,60441155718.79699],[1615435404168,59873324730.6106],[1615439228947,59534155172.78656],[1615442990164,59011766206.38099],[1615446210487,59785303162.97147],[1615450496231,59261417779.393105],[1615453886114,60715646682.67264],[1615457046426,60280917724.348854],[1615460942386,61921501659.9404],[1615464381535,63197525684.07903],[1615469553482,64195623781.57074],[1615472196052,64027862641.51515],[1615475230158,64216287131.21584],[1615478507405,64400610332.05858],[1615482262048,63861547602.35098],[1615485936365,63170133194.299324],[1615489469411,64863180805.55349],[1615493229355,64049864735.53532],[1615496689791,64170098707.85679],[1615500590281,64183400331.496735],[1615504294730,64776449488.85629]]}