{"stats":[[1614211601651,929081504353.552],[1614216191925,947265033250.8757],[1614218507617,942948432441.7527],[1614222067028,947323011076.0193],[1614225902838,940822964808.571],[1614229495488,930082404652.0828],[1614233227147,938043097508.4708],[1614236678994,941449872278.0465],[1614240097266,942090991567.3256],[1614243693810,930187319055.1478],[1614247609789,914510336820.1213],[1614250995070,918673545690.045],[1614254746977,940508819006.2098],[1614258327358,954590422175.8606],[1614261717895,962996636571.3452],[1614265359326,951269103555.8099],[1614269014173,948151474616.1643],[1614272787249,945993848984.6726],[1614276284668,925081201342.4955],[1614279889937,925457964963.3827],[1614283738749,929008309238.9517],[1614287224495,912930261110.2213],[1614290834843,901175636551.7495],[1614294563932,899646735594.2551]],"total_volumes":[[1614211601651,73074940829.94629],[1614216191925,73126010598.0611],[1614218507617,71360253221.64513],[1614222067028,69736193214.38829],[1614225902838,68814464380.55502],[1614229495488,66758629494.04128],[1614233227147,66806284635.29789],[1614236678994,63714408103.51599],[1614240097266,62875117847.16325],[1614243693810,62563672115.77102],[1614247609789,61529516403.48483],[1614250995070,61583207838.62064],[1614254746977,61791401461.84429],[1614258327358,62879609012.88682],[1614261717895,62319542546.00633],[1614265359326,60966815253.73093],[1614269014173,59596647940.57706],[1614272787249,59064711426.73958],[1614276284668,58855324874.883415],[1614279889937,59513313671.91196],[1614283738749,59709976757.2932],[1614287224495,59657181643.888626],[1614290834843,58955844314.104225],[1614294563932,60492965380.3385]]}