{"stats":[[1609805902914,587172565362.0261],[1609808715227,585717477105.101],[1609812264782,587508026352.3391],[1609816355590,601879175889.6421],[1609819579090,584166757624.1008],[1609823666570,581399096476.7733],[1609826924917,565004372197.0514],[1609831875659,577852733069.1522],[1609834285894,576460066798.877],[1609837386724,582356094052.5541],[1609841226402,588982749810.0498],[1609845432665,584621888936.05],[1609848566518,588697367593.0382],[1609852591415,589513271308.4539],[1609856182708,582288635698.1034],[1609860008104,602669989276.0905],[1609863249283,598658790828.3029],[1609866324898,604982853342.1748],[1609870086118,609875298751.8131],[1609874344141,622796922794.5388],[1609877095106,629739957575.3268],[1609880713411,631393267602.0338],[1609884238525,628971194079.6145],[1609887905455,638702444177.1832]],"total_volumes":[[1609805902914,74884874333.96552],[1609808715227,132318875438.19504],[1609812264782,90503749156.72244],[1609816355590,130434225638.9663],[1609819579090,124488091405.9861],[1609823666570,86703174029.09366],[1609826924917,86135741165.57005],[1609831875659,77484642973.72679],[1609834285894,78391936044.44987],[1609837386724,75798458050.61751],[1609841226402,409771446824.42444],[1609845432665,65377818875.87133],[1609848566518,64112659584.893684],[1609852591415,100822645574.29227],[1609856182708,59639461311.22078],[1609860008104,57974663701.48653],[1609863249283,61918596863.6554],[1609866324898,59926564743.88141],[1609870086118,60033407074.249916],[1609874344141,56515424390.99373],[1609877095106,58730431425.96866],[1609880713411,65371168583.499596],[1609884238525,66062714534.379166],[1609887905455,67464949367.729706]]}