{"stats":[[1615853044073,1042081985302.4164],[1615856537727,1013233740851.4368],[1615860036744,1021195530073.6857],[1615863985754,1019369735023.0603],[1615867315087,1015994440376.014],[1615870980592,1018918095152.8976],[1615874489240,1004745833132.7516],[1615878343549,1034332267955.3279],[1615882087435,1034188019865.7485],[1615885483752,1046543671102.7699],[1615888972630,1047569254671.5896],[1615892837634,1045907669127.9967],[1615896108767,1032234178238.0072],[1615899778721,1027246518600.9712],[1615903304861,1033566733597.7367],[1615907009565,1039136776322.5891],[1615910760509,1043332578701.9874],[1615914096819,1041693635355.6351],[1615918221233,1034106442424.9229],[1615921474642,1036443125791.3417],[1615925211062,1043407587228.6842],[1615928719695,1054545582464.1112],[1615932105297,1056054473644.5378],[1615935815840,1058276409303.3033]],"total_volumes":[[1615853044073,70611079922.93135],[1615856537727,70341886605.09314],[1615860036744,73151798402.95361],[1615863985754,73778160171.75287],[1615867315087,74942916667.57852],[1615870980592,75243224632.27742],[1615874489240,74861048245.32918],[1615878343549,76014307549.27777],[1615882087435,73721945124.25925],[1615885483752,73899075468.5661],[1615888972630,68513028454.24088],[1615892837634,66930555685.60541],[1615896108767,66054179371.40269],[1615899778721,64135294803.31619],[1615903304861,63619869517.06526],[1615907009565,63059838628.89763],[1615910760509,62705871160.90011],[1615914096819,61610902465.11318],[1615918221233,61622433974.59093],[1615921474642,61919556098.64152],[1615925211062,60782053531.89615],[1615928719695,63066147486.04982],[1615932105297,63165902570.040596],[1615935815840,63236156479.40486]]}