{"stats":[[1616976090633,1042758085589.1571],[1616980673292,1032042928261.5505],[1616984209069,1031131603993.0164],[1616987612376,1033962916012.2025],[1616990873356,1034394782425.2095],[1616994720043,1030618808679.3138],[1616997853633,1029790526251.5894],[1617002332847,1035510979000.4424],[1617005161174,1045665364888.7618],[1617008584190,1052832952547.642],[1617012514706,1082822389092.6525],[1617016039392,1081576930875.8649],[1617020008464,1086084615811.5593],[1617023435434,1083953796613.0696],[1617027039238,1082887217078.0109],[1617030448415,1085386519792.5282],[1617034003237,1079956125327.7554],[1617038408185,1077910296668.3364],[1617040952521,1080018960651.3971],[1617045073768,1078931096575.0332],[1617049013636,1074879866978.347],[1617052693432,1070098615173.7489],[1617055605633,1075591267004.9517],[1617058954552,1077326255415.1405]],"total_volumes":[[1616976090633,49971308993.12914],[1616980673292,48600804189.40788],[1616984209069,48230057200.71871],[1616987612376,48091919434.19909],[1616990873356,47747239540.828636],[1616994720043,47944561055.81619],[1616997853633,48145598035.97439],[1617002332847,48804502711.689026],[1617005161174,49380800866.55208],[1617008584190,52069213774.55867],[1617012514706,54105609181.964294],[1617016039392,54815625766.53542],[1617020008464,55310132347.29762],[1617023435434,54339771038.50802],[1617027039238,55315641727.635994],[1617030448415,55413406475.021736],[1617034003237,56757959536.78625],[1617038408185,57503267268.68102],[1617040952521,57201383626.565704],[1617045073768,56531339248.69121],[1617049013636,57124381201.053665],[1617052693432,57400972577.684296],[1617055605633,56559283098.19798],[1617058954552,56754311417.53593]]}