{"stats":[[1613952469566,1075380337357.9143],[1613955823863,1060097673459.5415],[1613959671162,1062503979693.3506],[1613963074686,1062390598257.6199],[1613966707760,1047389374716.3279],[1613970430689,1033905441245.2311],[1613973909991,1043687836892.7106],[1613977602557,1049442202814.2268],[1613981247299,1055028984117.3522],[1613984708194,1041838848115.5946],[1613988449714,1014249957046.8048],[1613992734541,1034219705151.7797],[1613995670807,1023646919455.1659],[1613998935367,992034816478.9839],[1614002956893,978918462480.2203],[1614006540853,998567012556.5526],[1614009898349,1007602469977.6935],[1614013506721,1001410546039.1254],[1614017050771,983397433416.153],[1614020933858,997358406043.9076],[1614024336383,999765814973.5586],[1614027924780,1010213865036.189],[1614031473240,1021900050341.547],[1614035318856,1010113147418.2002]],"total_volumes":[[1613952469566,59905312300.05611],[1613955823863,60043120481.75069],[1613959671162,61144697097.927086],[1613963074686,61526361997.937904],[1613966707760,61432448287.22155],[1613970430689,62323128979.929634],[1613973909991,63181035031.05859],[1613977602557,64160038675.01644],[1613981247299,64911955641.18555],[1613984708194,64342549368.18441],[1613988449714,64929271923.56561],[1613992734541,67812617324.49063],[1613995670807,68153713171.59025],[1613998935367,70791447462.0821],[1614002956893,72649159551.13518],[1614006540853,87166046703.7274],[1614009898349,91471215729.89125],[1614013506721,92604213850.60477],[1614017050771,92906006292.64516],[1614020933858,96367481750.8953],[1614024336383,97726105041.58156],[1614027924780,99033505804.22281],[1614031473240,101328998541.63118],[1614035318856,100401754509.67134]]}