{"stats":[[1619395273539,915533819859.1393],[1619399320750,947648997088.5144],[1619402688925,973131159927.185],[1619406306174,969875565091.4071],[1619409841573,981369393790.806],[1619413458096,978497377166.1238],[1619417009842,980699014317.949],[1619420600347,990132595837.0785],[1619424368676,990045033926.7201],[1619427744602,984770337213.2576],[1619431444231,999739931494.9631],[1619435089622,995528966145.507],[1619438601827,1004245151895.2267],[1619442559295,1002815531645.9849],[1619449241116,1005092310532.9203],[1619451449812,1001972785247.0079],[1619453874624,1001994789693.6703],[1619456664321,998572292963.4802],[1619460240495,1011821292042.0396],[1619463920030,1013572996923.656],[1619467512919,1009751024994.3682],[1619470869882,996990123262.4783],[1619474658281,995079734879.0808],[1619478303784,1001704212749.2299]],"total_volumes":[[1619395273539,46233432154.225266],[1619399320750,49743224647.34768],[1619402688925,53935726756.90231],[1619406306174,55917313850.54973],[1619409841573,56330141614.79057],[1619413458096,55900248856.0695],[1619417009842,56923563659.59796],[1619420600347,59105393078.85736],[1619424368676,59951284699.527084],[1619427744602,60798961350.352554],[1619431444231,62413904751.85569],[1619435089622,60760322508.694336],[1619438601827,63032406013.71271],[1619442559295,63289153365.63941],[1619449241116,62205283568.1402],[1619451449812,63538257480.85936],[1619453874624,63481047414.82706],[1619456664321,64327051255.84011],[1619460240495,65825233235.13208],[1619463920030,65830043566.73519],[1619467512919,66012615783.37415],[1619470869882,64914287904.6338],[1619474658281,60483375647.039665],[1619478303784,60043090974.749626]]}