{"stats":[[1610670996630,733893163236.5018],[1610673257635,732723882289.864],[1610677729639,730430523207.654],[1610679900434,728149723953.6511],[1610684578249,713407307708.5925],[1610688673579,719584024294.1322],[1610691987251,701989452392.4723],[1610694510088,704817680795.7098],[1610698189141,711624898540.6597],[1610701780900,711947359785.3212],[1610706788699,716993077774.6019],[1610709389354,710707118997.0901],[1610713664790,706720666608.0751],[1610717247409,698002591366.5878],[1610720367182,698063757265.6418],[1610724577571,678709536332.4785],[1610726742236,659562844132.6566],[1610731485047,662809371723.139],[1610734942104,671279256474.5991],[1610738827326,663337413064.7808],[1610741366473,658045611993.3876],[1610744597858,663840572616.5764],[1610748304977,672830821916.7023],[1610752714821,679551530453.6658]],"total_volumes":[[1610670996630,57325142633.45108],[1610673257635,57047297479.92195],[1610677729639,55704824150.971245],[1610679900434,57256228409.49466],[1610684578249,56201459157.409195],[1610688673579,56782645676.59408],[1610691987251,56788306132.443535],[1610694510088,56905357590.04144],[1610698189141,57567303015.71164],[1610701780900,56879360486.22994],[1610706788699,57287651230.91042],[1610709389354,56850868558.20494],[1610713664790,56716501047.723595],[1610717247409,57290094228.79753],[1610720367182,57192763568.16411],[1610724577571,56555166206.45839],[1610726742236,53855052525.07498],[1610731485047,56297838856.070946],[1610734942104,58243228565.313576],[1610738827326,62169951027.113556],[1610741366473,61503648813.3212],[1610744597858,63523575649.08424],[1610748304977,63335494680.76683],[1610752714821,63615398246.148735]]}