{"stats":[[1609719120545,613616917625.6967],[1609722755422,609987441411.6239],[1609725899748,618759737622.6973],[1609730501965,620890880965.7512],[1609734238716,621447955608.4354],[1609737912659,618568477539.3867],[1609740535300,613524145037.903],[1609744687543,612879732200.1166],[1609748357544,603230917821.3362],[1609750918016,594954877935.1934],[1609754785424,575233153132.2126],[1609759484138,551970270618.9622],[1609762383566,572905213237.2701],[1609765765433,580564727720.4282],[1609769712728,580480745253.4663],[1609773281008,598636262017.9764],[1609776824451,591761663463.5867],[1609780792212,584160946833.6792],[1609784346760,580248680450.793],[1609787667981,582503491835.254],[1609790886571,584282150523.1635],[1609794396728,582883217869.9702],[1609797953494,581773318688.7316],[1609801360168,583404322313.8463]],"total_volumes":[[1609719120545,179477904949.19873],[1609722755422,67759796014.46202],[1609725899748,65373856934.05485],[1609730501965,64151269757.372826],[1609734238716,66059389039.498215],[1609737912659,66845665337.91866],[1609740535300,66377013928.59654],[1609744687543,67593496362.70289],[1609748357544,81166145731.66223],[1609750918016,66732010857.63654],[1609754785424,66684583288.527],[1609759484138,73709801790.20161],[1609762383566,77128033912.8586],[1609765765433,80392695956.26434],[1609769712728,97425378073.60199],[1609773281008,131024020007.76834],[1609776824451,77862190728.26],[1609780792212,95072683476.95384],[1609784346760,158528863364.43436],[1609787667981,91882995723.97607],[1609790886571,73890727116.66672],[1609794396728,81760167561.05383],[1609797953494,72472694892.56566],[1609801360168,74517021417.62279]]}