{"stats":[[1612742637544,723434796637.7434],[1612746258646,718766210730.6215],[1612750091438,719062887227.2102],[1612753848814,712943805055.0623],[1612756994938,714477165672.6409],[1612760820426,716865910607.3943],[1612764427895,719715367769.3489],[1612768111458,723838097918.9385],[1612771682459,728943448546.4114],[1612774882036,727897184709.0404],[1612779238397,723658761039.6138],[1612782864722,733124071527.8491],[1612786545212,732198601270.2275],[1612791445799,791917582524.2184],[1612793065137,806407895250.5596],[1612796991168,810177429831.374],[1612800391003,812954890246.9429],[1612803751223,804972051568.2781],[1612808339501,797208157750.5518],[1612811909403,795756464293.6097],[1612814665466,798022640837.2311],[1612818527757,817717352388.0289],[1612821637297,828760901178.5533],[1612825906961,834825727329.8363]],"total_volumes":[[1612742637544,53802559038.8092],[1612746258646,52794860445.58747],[1612750091438,50942234710.40148],[1612753848814,50186744293.64298],[1612756994938,50112435689.17627],[1612760820426,50644610505.67317],[1612764427895,50652153493.25876],[1612768111458,51124527326.98423],[1612771682459,51087396242.111984],[1612774882036,50289200722.02676],[1612779238397,49915550336.21992],[1612782864722,50210387487.13385],[1612786545212,50532275775.437256],[1612791445799,64355132292.48833],[1612793065137,67258853536.36342],[1612796991168,71547270605.00789],[1612800391003,72532259779.7642],[1612803751223,73314134851.36621],[1612808339501,73276551484.39726],[1612811909403,74013144623.78023],[1612814665466,74102746326.83217],[1612818527757,76661603989.95045],[1612821637297,78875324677.60747],[1612825906961,81232651336.8161]]}