{"stats":[[1618099750754,1115982181381.216],[1618103043488,1125800342336.9668],[1618106530808,1124480444169.3608],[1618110128905,1128800054981.5051],[1618113775695,1125802678885.717],[1618117357204,1119824022877.0884],[1618121208549,1116124195876.826],[1618124538536,1116767578887.031],[1618128401016,1114802002491.7417],[1618131811677,1123784347610.39],[1618135440044,1114043066065.6226],[1618139143839,1112327135606.025],[1618142614598,1115929294364.848],[1618146104742,1116970993421.069],[1618149827805,1109588761515.947],[1618153310592,1113432369810.5273],[1618156972784,1116036188151.2292],[1618160461181,1112741991082.5593],[1618164162056,1117539265740.2527],[1618167921722,1117561232662.1055],[1618171504904,1114921792390.383],[1618174892679,1112827799644.1204],[1618178486313,1113447987672.6567],[1618182369803,1121954809416.3801]],"total_volumes":[[1618099750754,60402342643.331474],[1618103043488,62119004481.02657],[1618106530808,62586172942.02827],[1618110128905,62299775241.1158],[1618113775695,60585347647.02801],[1618117357204,56091022300.53311],[1618121208549,54166139073.75826],[1618124538536,53921404656.98947],[1618128401016,52794798444.75829],[1618131811677,52304828709.69275],[1618135440044,52024101910.471664],[1618139143839,51787231888.44041],[1618142614598,52165623915.12465],[1618146104742,51584164916.559654],[1618149827805,50895781889.5438],[1618153310592,50942680207.82373],[1618156972784,50666841823.23079],[1618160461181,49047511151.15066],[1618164162056,48954983835.0754],[1618167921722,47550967156.28107],[1618171504904,48480416935.48052],[1618174892679,47138962287.124245],[1618178486313,45950211396.78415],[1618182369803,46758519838.89234]]}