{"stats":[[1616718730278,966142180913.8633],[1616721402519,972999934561.306],[1616724339846,977467460559.7024],[1616729705708,981847530390.9534],[1616732366746,978022799110.7747],[1616734928802,985128795015.5527],[1616740351085,982367570673.6399],[1616743920255,983380869974.7379],[1616747371998,1002889672866.2227],[1616749858691,999098571823.7264],[1616753633203,994393297639.9719],[1616756522614,995930828016.9119],[1616760799797,985578256488.1942],[1616763774928,988511908415.9021],[1616768145895,995102310245.3257],[1616771660225,997283370580.3607],[1616776417918,1001066398854.0464],[1616778973007,1002707031906.6254],[1616781855019,1006429550255.5702],[1616786457339,1001592702610.961],[1616790404418,1012513500712.8773],[1616793148935,1011354209938.5939],[1616796447024,1018636788985.1053],[1616799738147,1015968006070.735]],"total_volumes":[[1616718730278,63402237491.68179],[1616721402519,63917360931.32326],[1616724339846,63256821458.152405],[1616729705708,60966448254.59268],[1616732366746,59849290792.15175],[1616734928802,61115638166.15277],[1616740351085,59932822470.33899],[1616743920255,60920113040.66178],[1616747371998,63595230018.67892],[1616749858691,63803450948.89763],[1616753633203,62543850869.89708],[1616756522614,62683178518.712814],[1616760799797,63161827524.2029],[1616763774928,60557886995.893845],[1616768145895,58067405696.78151],[1616771660225,57849710470.32358],[1616776417918,55167145369.333626],[1616778973007,55848437245.9368],[1616781855019,56114544690.084206],[1616786457339,54178877628.37616],[1616790404418,55299942514.6929],[1616793148935,55083534141.79329],[1616796447024,55295807901.331955],[1616799738147,54548783363.451355]]}