{"stats":[[1618013135549,1086197949141.3917],[1618016700568,1082588023331.8754],[1618020081341,1090177760752.1842],[1618023663776,1091908817776.18],[1618027528289,1105135914973.7996],[1618031222241,1133651876678.8977],[1618034507438,1136812423676.6777],[1618038240991,1131898961345.0925],[1618042034459,1129253711652.582],[1618045585027,1129447664816.7202],[1618048863130,1132060105155.1453],[1618052511635,1130747797516.014],[1618056124534,1131022873498.7295],[1618059897067,1120492612555.3728],[1618063629386,1128158648841.467],[1618067058987,1126567356943.589],[1618070602235,1124880316795.9875],[1618074264346,1124098503613.0051],[1618078041464,1120811766936.0808],[1618081473787,1118411435966.382],[1618085385807,1114730547819.2786],[1618088705433,1096738681341.202],[1618092259551,1103364295876.4558],[1618095845817,1105462200220.5144]],"total_volumes":[[1618013135549,45330721125.457054],[1618016700568,45441375426.88141],[1618020081341,45543030127.94368],[1618023663776,46095234757.14189],[1618027528289,48272660191.620735],[1618031222241,54270961907.44871],[1618034507438,56624434732.46358],[1618038240991,55743819703.16492],[1618042034459,60602424254.71644],[1618045585027,62093484831.70595],[1618048863130,57589104264.56408],[1618052511635,56757087124.034836],[1618056124534,55873793470.2843],[1618059897067,57062583135.58589],[1618063629386,56506704648.66412],[1618067058987,55924159267.250015],[1618070602235,56150032122.506966],[1618074264346,56132112097.187386],[1618078041464,56594324043.46528],[1618081473787,57458191439.1027],[1618085385807,57677774488.39462],[1618088705433,58496784844.0385],[1618092259551,59428913304.89614],[1618095845817,59694981741.57717]]}