{"stats":[[1619136218749,971174701492.849],[1619139789606,962870847061.1854],[1619143480704,954208024947.1383],[1619147030812,925446760290.9889],[1619150688295,943760370323.9363],[1619154272271,921186157648.3817],[1619157795713,934163013726.1708],[1619161318619,920421006816.5706],[1619164856500,900503620651.6593],[1619168619920,911821009050.9111],[1619172333918,903108947098.2538],[1619175904532,926806960993.9518],[1619179480948,937042499049.5366],[1619183266186,926409841337.751],[1619186612314,917422577454.2084],[1619190299624,935401385069.5126],[1619194114344,936585840633.1036],[1619197230766,935842351139.4625],[1619201166240,937735241021.2562],[1619204730110,952058417557.3466],[1619208295261,953962888762.1471],[1619211871630,950257141947.9476],[1619215505303,942775655116.9105],[1619218936890,945552038457.4926]],"total_volumes":[[1619136218749,77897442831.71704],[1619139789606,77190064496.28827],[1619143480704,79939059180.53072],[1619147030812,81893192858.46852],[1619150688295,85351552528.47318],[1619154272271,84658116779.44186],[1619157795713,89121946176.94016],[1619161318619,89209860474.78574],[1619164856500,90690732981.22069],[1619168619920,94195450256.33287],[1619172333918,93591379084.81514],[1619175904532,98195060112.41556],[1619179480948,99246572151.88643],[1619183266186,98429439366.47284],[1619186612314,98693158319.08301],[1619190299624,101423412970.66342],[1619194114344,102133116018.10652],[1619197230766,102453102216.04735],[1619201166240,100785922131.81024],[1619204730110,99660978910.50226],[1619208295261,96998681754.02618],[1619211871630,96715028138.23439],[1619215505303,91991639271.7848],[1619218936890,88912420888.2287]]}