{"stats":[[1610843621073,664372218347.091],[1610846237802,675711054822.1638],[1610849217380,678831922021.3036],[1610852951616,676942160675.1243],[1610856186118,673969253173.939],[1610860744688,666635312935.0721],[1610863720747,661278968080.4225],[1610867388915,659453587769.8138],[1610870686565,649678582790.472],[1610874110992,640620111806.7467],[1610878131762,636535600862.0623],[1610881496950,648871858986.7211],[1610885245859,658488375542.1547],[1610888878507,653336936653.6575],[1610892480577,652149134540.7714],[1610896749286,651178385683.6072],[1610900190659,664131270823.1613],[1610903126924,667900110776.982],[1610907727897,664082347614.6542],[1610910753996,668100094556.1257],[1610914584925,664102246631.7148],[1610918531054,681604441693.4412],[1610921696522,681601519950.6942],[1610924924596,673905899276.1587]],"total_volumes":[[1610843621073,53355158244.84733],[1610846237802,54089967364.662315],[1610849217380,54448954989.7369],[1610852951616,50640496634.988976],[1610856186118,52835302860.22497],[1610860744688,52007034570.331184],[1610863720747,52672869761.964714],[1610867388915,53154873237.982956],[1610870686565,53271709194.34012],[1610874110992,53620003667.4155],[1610878131762,53799448507.09563],[1610881496950,54264178396.712585],[1610885245859,56530510483.55862],[1610888878507,55762019912.54793],[1610892480577,54807986599.71593],[1610896749286,54978191507.60436],[1610900190659,51967816374.61182],[1610903126924,50086223114.48447],[1610907727897,49733930326.485306],[1610910753996,52344719037.417015],[1610914584925,51493157825.77756],[1610918531054,52556880570.124626],[1610921696522,52089176433.06667],[1610924924596,51368225472.49352]]}