{"stats":[[1610151870061,763846992790.9194],[1610154400720,749120030577.4843],[1610158736313,750179105827.1803],[1610161621998,743435786044.5087],[1610165680186,744001679437.0634],[1610169440393,744485335965.8887],[1610173137022,733793055658.1858],[1610176058935,727785112497.5728],[1610179674592,734488281286.1716],[1610183702323,749973548838.5336],[1610186648456,750850132125.4104],[1610190490391,752611121140.5032],[1610194075478,755242348977.8577],[1610197480509,758575676951.4972],[1610201112124,763627857643.1796],[1610204913233,762388868305.3809],[1610209065660,754286994419.799],[1610212179214,747496912417.9993],[1610216186286,758487571446.8772],[1610219571222,755337455244.4613],[1610222815310,759359072361.3585],[1610226325889,756555170881.9014],[1610231014208,757240444990.2815],[1610234484029,747334720060.8842]],"total_volumes":[[1610151870061,75982315201.77019],[1610154400720,75280091455.55983],[1610158736313,76962687335.48766],[1610161621998,76061367338.35748],[1610165680186,74527132630.96703],[1610169440393,73839404001.61963],[1610173137022,72609243934.60582],[1610176058935,71967435248.0005],[1610179674592,72486328987.63351],[1610183702323,71321813530.19568],[1610186648456,67670227245.35605],[1610190490391,71654325658.64409],[1610194075478,69774694634.8025],[1610197480509,68183057062.70957],[1610201112124,66791717712.6047],[1610204913233,66375912857.171715],[1610209065660,58941755369.50215],[1610212179214,55890733578.899635],[1610216186286,61581199741.61502],[1610219571222,59657924370.98296],[1610222815310,58297623740.11974],[1610226325889,57658349115.36819],[1610231014208,56288865857.24629],[1610234484029,55464020133.87324]]}