{"stats":[[1611879909424,628783306222.4214],[1611882794545,633712686731.5975],[1611886351019,630345420107.8574],[1611890314932,631966277198.616],[1611893099618,628154129131.3864],[1611897569178,615533169381.5334],[1611900842721,615168003384.5214],[1611904473154,606725476875.2413],[1611907370937,599368496995.5891],[1611911579675,636752596493.8125],[1611915868967,679322597151.6493],[1611918399068,680695929123.11],[1611922172837,683868026598.3779],[1611925644696,700380403920.1663],[1611928929371,715311298758.7891],[1611932682041,686602235647.9648],[1611936622044,689195698743.2136],[1611940114831,669472853442.4073],[1611943781855,662500098787.366],[1611947613742,655050127241.6338],[1611951704209,640085249664.6389],[1611954891434,643720293522.5499],[1611958462074,651039796877.9673],[1611961470043,639212354776.8086]],"total_volumes":[[1611879909424,52738675614.76615],[1611882794545,54737941415.641304],[1611886351019,54722445313.74694],[1611890314932,55525802049.47952],[1611893099618,56516820904.44036],[1611897569178,57688046012.2614],[1611900842721,57707596032.63582],[1611904473154,58286985721.098366],[1611907370937,58634211104.69202],[1611911579675,68774088777.4748],[1611915868967,81405611247.24222],[1611918399068,84881417884.60912],[1611922172837,88571060046.93951],[1611925644696,92037258931.82214],[1611928929371,95473702092.04892],[1611932682041,94787242698.10915],[1611936622044,96075481432.38208],[1611940114831,94806089708.28331],[1611943781855,95511870602.2336],[1611947613742,95829292488.28032],[1611951704209,96879299391.1872],[1611954891434,98205971952.73824],[1611958462074,99425743861.78874],[1611961470043,98384966684.44737]]}