{"stats":[[1613434495663,892345220938.2782],[1613438999237,890223701082.481],[1613441296753,896965137694.9753],[1613444671468,901831843573.5315],[1613448529054,918277261842.9873],[1613452168660,918440048247.0312],[1613455611755,914942446277.7284],[1613459421936,913656839774.3633],[1613462637004,911905718969.4052],[1613466230100,913200341020.8011],[1613469942206,917334214586.3898],[1613473481796,911259693197.0907],[1613477175449,910951249428.4291],[1613480651716,921049724784.1261],[1613484520394,913540436855.7292],[1613488133513,917267284479.7639],[1613491596187,913290393963.8766],[1613495183564,905119320790.5946],[1613498708067,903105113643.8798],[1613502287028,908047265357.3392],[1613506030091,906431452562.8522],[1613509636878,908848069196.1041],[1613513235166,907035888481.3038],[1613516957198,915038123885.1829]],"total_volumes":[[1613434495663,61034044204.21123],[1613438999237,62183349785.52198],[1613441296753,61412637232.61285],[1613444671468,56860761150.92477],[1613448529054,57984548655.46552],[1613452168660,57945137378.824135],[1613455611755,57380689130.167816],[1613459421936,57217469635.67799],[1613462637004,57124623276.61199],[1613466230100,56900079088.192894],[1613469942206,56517661728.77651],[1613473481796,56328701369.620285],[1613477175449,55698523255.657135],[1613480651716,61132268869.71342],[1613484520394,61130757054.850586],[1613488133513,62009000359.923225],[1613491596187,62173074439.933754],[1613495183564,61560935823.60766],[1613498708067,62759127239.09555],[1613502287028,64153726439.56391],[1613506030091,64007736331.396034],[1613509636878,64554557010.81788],[1613513235166,64093938846.7456],[1613516957198,64004047591.32551]]}