{"stats":[[1619049793658,1012699264345.6595],[1619053376733,1010430862043.8218],[1619056911615,1015104893563.3077],[1619060414082,1004918692945.764],[1619065974056,1013754435177.0586],[1619067681781,1015746966745.5035],[1619071362108,1015216287497.9181],[1619075189750,1018417701459.5723],[1619078691902,1015245688419.3844],[1619082095581,1000614310006.5033],[1619085668988,1010392947313.3799],[1619089500020,1014233869402.4896],[1619093056895,1024811292192.9445],[1619096991440,1029974084077.7854],[1619100200451,1017627500865.589],[1619103813427,1021230381326.5394],[1619107410303,1021192412403.4769],[1619111137960,1027806685761.6981],[1619114749601,1002478256305.0172],[1619118121910,998673892545.2478],[1619121715898,993607649365.8247],[1619125450905,968271960264.3527],[1619128836765,961043202052.4452],[1619132796945,964274763298.513]],"total_volumes":[[1619049793658,56115370322.140594],[1619053376733,56249304974.14137],[1619056911615,56548420502.23742],[1619060414082,59235212545.65385],[1619065974056,60421684147.98816],[1619067681781,61939805537.73238],[1619071362108,62510030096.73167],[1619075189750,61062841975.875145],[1619078691902,62489650201.08283],[1619082095581,62297547992.10548],[1619085668988,64774296461.0961],[1619089500020,64895662433.589355],[1619093056895,56962827436.401375],[1619096991440,64595245115.96132],[1619100200451,66245243777.09996],[1619103813427,66646021753.77303],[1619107410303,64345097662.06533],[1619111137960,64784113635.71723],[1619114749601,65559193266.0796],[1619118121910,67740077944.36676],[1619121715898,71684263531.3055],[1619125450905,72242705860.24068],[1619128836765,74896002004.13893],[1619132796945,77141418580.64938]]}