{"stats":[[1619481944162,1009656800192.4452],[1619485644418,1004632470831.2037],[1619488971494,1003343643529.611],[1619492584917,1006548754242.9185],[1619496080871,1001188994301.431],[1619499815336,998816443749.642],[1619503455813,1007314217288.0236],[1619506960808,1024278450130.6027],[1619510809335,1017273203880.8843],[1619514074035,1020285841181.5227],[1619517876133,1021281018137.7008],[1619521481386,1023842158400.7214],[1619524883985,1026644886682.191],[1619528900472,1025817414774.152],[1619533149962,1021448807048.1132],[1619536713738,1028692452187.2511],[1619539283223,1030830130217.0857],[1619543055684,1022840999810.618],[1619546599058,1027248461454.3646],[1619550236144,1025492126774.4197],[1619553699522,1023289801806.9471],[1619557390425,1028633397293.1848],[1619561053064,1033709752323.085],[1619564574508,1029593267695.3253]],"total_volumes":[[1619481944162,60381178344.42464],[1619485644418,58541461533.35063],[1619488971494,56486070924.87395],[1619492584917,55224688220.10922],[1619496080871,54641218511.76092],[1619499815336,53834356403.7407],[1619503455813,52399308487.53543],[1619506960808,53683606776.44907],[1619510809335,55633957613.447266],[1619514074035,55593658244.45348],[1619517876133,53790827129.12704],[1619521481386,53072638517.370346],[1619524883985,54202664309.16041],[1619528900472,51944691465.27493],[1619533149962,52231298134.81755],[1619536713738,54027319022.12315],[1619539283223,54358378358.550644],[1619543055684,53309980594.90366],[1619546599058,53564415046.56732],[1619550236144,52123702332.63609],[1619553699522,51333610896.01453],[1619557390425,50194244609.03987],[1619561053064,51045371172.636635],[1619564574508,48673285257.97828]]}