{"stats":[[1618358689100,1187737045885.1743],[1618362505991,1183387154797.7444],[1618365705070,1183990616537.7986],[1618369626007,1180832944196.343],[1618372969554,1190450865646.7554],[1618376817135,1201372567795.3525],[1618380088829,1203156581425.625],[1618383752884,1210374530730.9712],[1618387831335,1203183748948.8213],[1618391271597,1199148180423.0034],[1618394976401,1188725987122.8428],[1618398621536,1197735697959.9893],[1618402150234,1206564582706.1365],[1618405834965,1197757702867.354],[1618409010413,1187252224677.7764],[1618412646629,1181273607098.148],[1618416160904,1174326995728.3723],[1618419921551,1187441040367.562],[1618423674308,1171059818706.2727],[1618427006676,1161682800050.3306],[1618430867816,1159247337829.4128],[1618434580169,1167254931598.273],[1618437668942,1173113320292.1396],[1618441562269,1176095921127.1338]],"total_volumes":[[1618358689100,71993120011.18321],[1618362505991,72257164662.62181],[1618365705070,73172631659.2377],[1618369626007,72705516745.47458],[1618372969554,73966734143.24466],[1618376817135,75492778839.8771],[1618380088829,78135732383.81581],[1618383752884,76939326138.60773],[1618387831335,76529627671.5646],[1618391271597,72285682615.10408],[1618394976401,73988767041.60843],[1618398621536,72901047120.25569],[1618402150234,73179226111.33482],[1618405834965,74526976149.98022],[1618409010413,73019479947.47583],[1618412646629,75096685874.57219],[1618416160904,75878522230.56378],[1618419921551,75370036642.9178],[1618423674308,75377834680.3689],[1618427006676,76602826380.70613],[1618430867816,77903727447.54622],[1618434580169,80215605051.59741],[1618437668942,79285038344.0637],[1618441562269,79924635343.73026]]}