{"stats":[[1612483937332,686453802173.3838],[1612488460591,689021096424.461],[1612490672491,687241030376.8452],[1612494745546,687296616273.3411],[1612497995269,694925802408.692],[1612502007585,693367177227.6975],[1612505330241,693260187330.3507],[1612508748332,696532174238.9282],[1612512808972,699731668025.4579],[1612516170522,700567536272.3008],[1612519482067,699244473441.5731],[1612523122966,696735972531.1987],[1612526814996,701631147517.8038],[1612530212292,707365616941.38],[1612534168383,711875415120.4703],[1612537692827,710875690393.9834],[1612541546809,706620256488.8569],[1612544731089,704987484101.3613],[1612548969992,705420851102.0085],[1612552416426,702629020127.3351],[1612555777514,700378072588.8944],[1612559553794,701799539526.5416],[1612563484104,704626195598.8093],[1612566162396,705677762919.1127]],"total_volumes":[[1612483937332,54347463777.67441],[1612488460591,53876476370.796135],[1612490672491,53438228883.75868],[1612494745546,54517404880.05028],[1612497995269,53677821818.12019],[1612502007585,53293207187.908455],[1612505330241,52996114291.40057],[1612508748332,53229491950.11847],[1612512808972,53409934232.12488],[1612516170522,52428973074.75496],[1612519482067,48823060090.19777],[1612523122966,48924916555.775116],[1612526814996,48029961301.48656],[1612530212292,48964499844.33899],[1612534168383,49904416948.154755],[1612537692827,49769693038.60065],[1612541546809,49014151549.25204],[1612544731089,47546617339.44829],[1612548969992,48219244170.60778],[1612552416426,47893189539.05776],[1612555777514,48275619543.56096],[1612559553794,47088088388.918816],[1612563484104,46847958166.36302],[1612566162396,46793124173.73887]]}