{"stats":[[1618618000894,1148563198209.2622],[1618621423176,1147587364060.5588],[1618625292971,1156861476391.466],[1618628746996,1163406278182.1455],[1618632071484,1165984064576.088],[1618636153001,1161656349055.8013],[1618639524132,1162434441658.5747],[1618643087045,1162362835082.024],[1618646631043,1166127070824.3872],[1618650149155,1162144668265.2888],[1618654249826,1154471212520.3203],[1618659557592,1146319537197.6287],[1618663729108,1140713558932.0413],[1618667846533,1141909800913.841],[1618672591059,1138413723219.9668],[1618677748537,1132620846596.8267],[1618683068345,1129601135537.4128],[1618688628059,1136731325611.3245],[1618689960693,1132232501991.7131],[1618692399793,1134855120187.044],[1618698557153,1136943942495.9785],[1618701816468,1133696514337.2131]],"total_volumes":[[1618618000894,86322457635.49152],[1618621423176,86906699453.54494],[1618625292971,86819541165.85657],[1618628746996,86661097217.4635],[1618632071484,86678186860.37253],[1618636153001,85095263310.53265],[1618639524132,83394401765.7462],[1618643087045,81720397669.39816],[1618646631043,82642124287.63568],[1618650149155,80956358371.10445],[1618654249826,78026729666.39348],[1618659557592,76227244868.04483],[1618663729108,75914672369.689],[1618667846533,74832814779.79358],[1618672591059,69979453357.53242],[1618677748537,69547107880.90096],[1618683068345,67100356315.07982],[1618688628059,66272677923.23706],[1618689960693,67300690474.81753],[1618692399793,65968017697.22289],[1618698557153,65327840904.45304],[1618701816468,64319071177.80748]]}