{"stats":[[1609891675888,633651671519.3958],[1609896289677,632706195595.0151],[1609899560592,633172453009.1913],[1609902596006,631759525739.5328],[1609906483769,637312395167.5941],[1609910298275,658062727715.1592],[1609914838193,655395986511.024],[1609917700438,653189978637.221],[1609920753939,647036550778.5947],[1609924338603,643649409828.334],[1609927977041,634474057596.5826],[1609932030392,651592407370.598],[1609935588328,649589618651.643],[1609938816358,650924135734.1625],[1609942146422,643613636711.455],[1609946041924,640960856833.2468],[1609949986290,651932313106.1798],[1609953070716,645008597520.1395],[1609956729847,651737670372.0673],[1609961035850,660454223679.9482],[1609963942148,643073475174.5332],[1609967182346,669404947415.5577],[1609970601713,667701526801.6912],[1609975064398,676957746693.4425]],"total_volumes":[[1609891675888,67332784512.48156],[1609896289677,66700140791.25968],[1609899560592,66456601970.16374],[1609902596006,65739543153.97067],[1609906483769,56998105216.264465],[1609910298275,68135543590.061516],[1609914838193,66401894578.26765],[1609917700438,65197507595.0875],[1609920753939,65666140968.63576],[1609924338603,65038868380.93532],[1609927977041,65364356324.80785],[1609932030392,65558204341.12347],[1609935588328,60174498931.73004],[1609938816358,67665351307.33876],[1609942146422,67610949318.23333],[1609946041924,67126542007.611664],[1609949986290,66922093333.15699],[1609953070716,66184266417.40261],[1609956729847,67193006496.85483],[1609961035850,66838924153.88687],[1609963942148,58103181197.05356],[1609967182346,68433312074.410324],[1609970601713,69371602405.98462],[1609975064398,69455692000.07451]]}