{"stats":[[1618877037441,1043148020633.034],[1618880903891,1022385589670.6729],[1618884707082,1028279116982.1945],[1618889558955,1018373673947.6984],[1618894405062,1035589298591.6564],[1618895655074,1037764820590.3264],[1618898468429,1026433036444.7429],[1618902262816,1008237771177.1104],[1618905784333,1011922744406.1895],[1618909539344,1033361637814.4233],[1618913151871,1030261968010.8629],[1618916486612,1047758202299.0446],[1618920331574,1053993978988.6921],[1618924277787,1044600930389.3407],[1618927290976,1050317678349.6471],[1618930882373,1038123008549.9852],[1618934502974,1037591133772.7318],[1618938255951,1033522367009.747],[1618941878560,1042277129075.7446],[1618945619538,1055835917193.929],[1618948963574,1059083115694.1442],[1618952613047,1060803438285.7413],[1618956237846,1062346857778.2722],[1618959867648,1053240317593.3735]],"total_volumes":[[1618877037441,66156275209.79711],[1618880903891,67349141628.26061],[1618884707082,67983948697.740234],[1618889558955,65809550172.94268],[1618894405062,69754514724.15825],[1618895655074,67027242399.72847],[1618898468429,67112080213.12321],[1618902262816,67709495949.872734],[1618905784333,67495867392.60123],[1618909539344,70969165140.77138],[1618913151871,68878745770.18501],[1618916486612,70364540225.7313],[1618920331574,72217098366.17671],[1618924277787,69638222301.00633],[1618927290976,70110016173.50726],[1618930882373,68046415551.928925],[1618934502974,68181286507.586945],[1618938255951,67369718842.58556],[1618941878560,67420420721.79961],[1618945619538,66336584966.626595],[1618948963574,69185454030.24841],[1618952613047,68257858642.44607],[1618956237846,68909633586.86958],[1618959867648,68479250015.08852]]}