{"stats":[[1615334452511,1022496487846.3273],[1615338399355,1036521729009.2935],[1615342051291,1018603364931.7382],[1615345459482,1005369750646.2534],[1615349140414,996373747263.5864],[1615352842336,1001262095322.6766],[1615356519624,1001784321657.9282],[1615360161085,1005225740873.7455],[1615363337023,1015537218640.2648],[1615367115993,1022276323862.4382],[1615370533581,1028752739199.4718],[1615374098871,1024861024335.6202],[1615377856958,1023729393000.2014],[1615381333167,1032795361508.6113],[1615385046078,1044556873889.1721],[1615388718632,1045895788182.3032],[1615392077626,1047534645285.4288],[1615395662633,1056862928348.112],[1615399439174,1056634897283.805],[1615403261937,1058466986695.5905],[1615406514066,1058736463468.2963],[1615410273911,1050389550484.6573],[1615413961932,1058664395566.2867],[1615417405906,1063369392830.163]],"total_volumes":[[1615334452511,57550095196.19977],[1615338399355,58784513789.83856],[1615342051291,56240825626.854965],[1615345459482,57128607695.47491],[1615349140414,56299919753.914276],[1615352842336,56023721253.038734],[1615356519624,55516863769.32886],[1615360161085,55048787048.70599],[1615363337023,55510731859.84894],[1615367115993,55268829180.11823],[1615370533581,55871389793.95406],[1615374098871,55336534908.635765],[1615377856958,55323272588.82281],[1615381333167,55627860973.15018],[1615385046078,57186668611.831764],[1615388718632,57051256920.254875],[1615392077626,57562328250.89425],[1615395662633,58278563930.581314],[1615399439174,59699021488.343025],[1615403261937,60019544052.53504],[1615406514066,60868319892.49084],[1615410273911,61463687107.04808],[1615413961932,63500125410.71846],[1615417405906,63940113972.53999]]}