{"stats":[[1616457650275,1020641820438.662],[1616461499721,1021341100506.7543],[1616465192486,1031004337786.0248],[1616468964967,1021905683548.3175],[1616472478625,1019514158381.2769],[1616476448041,1013458787109.062],[1616481368907,996753610139.8225],[1616484813671,1005493418463.7837],[1616487997994,1010577663538.9076],[1616491404414,1014904891964.2437],[1616494870547,1019821174888.8235],[1616498448432,1020676396938.4679],[1616501569155,1017932243600.3174],[1616506332522,1032543845503.669],[1616508305393,1033356251048.563],[1616513569375,1027764985365.7881],[1616516688478,1028018201778.6683],[1616519549518,1039956652330.9736],[1616523356725,1039065914953.6812],[1616526916776,1034731655780.9882],[1616530641073,1026308861691.5344],[1616534820666,1017102800710.3696],[1616537049137,1022080401909.7949],[1616541204682,1017630425341.8208]],"total_volumes":[[1616457650275,62001716794.84347],[1616461499721,62249432915.45296],[1616465192486,63820805916.11539],[1616468964967,63615373468.58025],[1616472478625,63080690614.45109],[1616476448041,63756260909.08318],[1616481368907,66384503737.990746],[1616484813671,67230170009.680046],[1616487997994,66059297906.26647],[1616491404414,67183540391.24799],[1616494870547,66824887386.677],[1616498448432,66108090869.93829],[1616501569155,67335683745.255516],[1616506332522,66789828394.352425],[1616508305393,67658232399.12309],[1616513569375,66421738931.91439],[1616516688478,66300646709.603645],[1616519549518,68177453081.59436],[1616523356725,67149992041.667854],[1616526916776,67957707244.679405],[1616530641073,66209315529.774254],[1616534820666,63087864972.483215],[1616537049137,63222680253.41875],[1616541204682,59736197379.76941]]}