{"stats":[[1612138029948,615531359142.2377],[1612142641986,605955271364.6686],[1612145042170,621587530701.9834],[1612149108803,623760666333.0673],[1612152511256,623151213501.6791],[1612156431307,623867040232.0066],[1612159818253,627218915384.9341],[1612163846975,623045282536.6511],[1612166798650,624452520180.1487],[1612170765866,635848759884.5616],[1612173905186,637348816601.6002],[1612177749436,633762818339.8794],[1612181566411,636327906917.1058],[1612186421253,628008508469.6847],[1612188291819,629810310925.6482],[1612192298820,621722010579.8926],[1612195733059,616899753896.8148],[1612199409001,620457472598.7972],[1612202667780,632342372635.1946],[1612206405597,628375804410.5068],[1612209680711,629559493157.4092],[1612213931294,625684218344.6996],[1612216960186,624052932975.183],[1612220753709,622228894073.5898]],"total_volumes":[[1612138029948,42418911518.45778],[1612142641986,42389100819.36032],[1612145042170,43829531757.29828],[1612149108803,44231746457.04517],[1612152511256,44700390375.838135],[1612156431307,45248666894.90813],[1612159818253,46682349769.03688],[1612163846975,102274296780.42215],[1612166798650,48885069898.54455],[1612170765866,49722990700.71028],[1612173905186,50564108673.33492],[1612177749436,51184424843.19802],[1612181566411,51904743028.70106],[1612186421253,52208586677.153275],[1612188291819,52187752407.526886],[1612192298820,52484116421.227325],[1612195733059,51188675668.96797],[1612199409001,50559766948.62446],[1612202667780,51317345352.56259],[1612206405597,49921030245.70872],[1612209680711,50095370700.91518],[1612213931294,49668902639.6146],[1612216960186,48389005076.57343],[1612220753709,49318393424.283325]]}