{"stats":[[1611533019216,600595408892.1986],[1611536862792,606699418791.4583],[1611541173287,611514061517.3263],[1611543891146,609872952866.4974],[1611547690006,625064515227.9695],[1611551595618,620610902991.4609],[1611555010449,617795265307.3795],[1611558299411,622858355000.7914],[1611562734542,619925036914.5028],[1611566683435,621141886682.809],[1611569275024,613501465260.5295],[1611573814423,615181535043.7988],[1611577190865,615767234751.9336],[1611580699758,635610422917.3121],[1611584528003,645966889716.0349],[1611587427019,640861849057.6738],[1611591562660,637616642083.388],[1611594705760,633740736804.7784],[1611598383020,628381253648.1854],[1611602428390,627839730863.0492],[1611606380665,617652467543.3904],[1611609524913,619020724573.5924],[1611613461328,600699547446.6643],[1611615858242,604532616387.1515]],"total_volumes":[[1611533019216,42810544126.17814],[1611536862792,44986256717.05689],[1611541173287,46299963806.53773],[1611543891146,46619855560.48187],[1611547690006,48571864857.348885],[1611551595618,48280736498.8665],[1611555010449,47967127391.57639],[1611558299411,47867500569.48366],[1611562734542,47333515355.73445],[1611566683435,47780531694.519455],[1611569275024,47494713410.41737],[1611573814423,48081585089.467476],[1611577190865,48733529213.3965],[1611580699758,50677308932.04342],[1611584528003,52853712248.39037],[1611587427019,52920557109.26564],[1611591562660,51190044701.75451],[1611594705760,51386354058.10142],[1611598383020,51274361037.90385],[1611602428390,51469884578.10195],[1611606380665,50381862904.02064],[1611609524913,49695448563.79672],[1611613461328,50243390640.1077],[1611615858242,50738446208.93211]]}