{"stats":[[1611705825778,606573549809.8268],[1611709502209,598245498785.6945],[1611713276200,597386151806.7644],[1611716943892,597906180096.0477],[1611720305863,592299326210.8544],[1611724719367,590622553494.9795],[1611727627548,586731733905.4244],[1611731594910,590061883761.9956],[1611734685810,592779969498.783],[1611739701968,577740098824.7319],[1611741267212,582225065108.1412],[1611744011510,584931913630.1506],[1611745466022,581978944335.6652],[1611749301949,579289885552.6976],[1611752666081,574926133500.0905],[1611756975270,561616184310.603],[1611760009510,547848468816.1067],[1611764235617,568977689821.306],[1611767247219,570940053792.6116],[1611771857905,564078770967.036],[1611774312851,554389239744.3826],[1611778325981,572623742721.4147],[1611781927554,586045532021.5941],[1611785230371,577477207641.6102],[1611788963796,569783327344.1464]],"total_volumes":[[1611705825778,48489676580.41073],[1611709502209,47891026515.9617],[1611713276200,47767541392.73396],[1611716943892,47420681955.33111],[1611720305863,46550879678.71575],[1611724719367,45803159117.09479],[1611727627548,45717311639.11314],[1611731594910,45305194943.06797],[1611734685810,74934285640.82784],[1611739701968,43649980080.69267],[1611741267212,44333292346.87218],[1611744011510,43831047003.38509],[1611745466022,43614720672.952995],[1611749301949,43448898590.40213],[1611752666081,44395357716.924805],[1611756975270,43944286583.14904],[1611760009510,44260450333.43149],[1611764235617,47033167457.438644],[1611767247219,46783817165.991295],[1611771857905,46882984381.2978],[1611774312851,46698710839.06236],[1611778325981,48661696527.71002],[1611781927554,50947641483.72804],[1611785230371,51019674614.054085],[1611788963796,50953400419.741554]]}