{"stats":[[1614902656351,908517236707.5374],[1614906463546,873150612783.4935],[1614910057114,874471597690.4968],[1614913598474,881505877929.0277],[1614917096596,883793008240.8578],[1614920779697,880252104329.0961],[1614924781207,883557305326.5074],[1614927792119,886984225791.9473],[1614931323359,882464760198.583],[1614935355097,868063494838.1876],[1614938709963,880961071276.2981],[1614942328994,881830209002.711],[1614946288014,892191554819.1267],[1614949602728,891283593245.8378],[1614953186888,901444684143.5686],[1614956616811,898449153894.2997],[1614960482985,897839149311.3092],[1614963953722,887040423076.5817],[1614967498707,900366596655.3464],[1614970918078,907486133064.4579],[1614974933583,921249030683.7917],[1614978777326,920913416908.7993],[1614981998695,917634920446.745],[1614985920206,916262957306.0253]],"total_volumes":[[1614902656351,60749587836.169136],[1614906463546,59889409603.323654],[1614910057114,61037214782.39416],[1614913598474,62060564835.24219],[1614917096596,60951994671.20124],[1614920779697,58467654258.48012],[1614924781207,58738350898.13482],[1614927792119,58685021805.34449],[1614931323359,58275964145.51343],[1614935355097,57554296338.03537],[1614938709963,56476028162.72625],[1614942328994,55587546579.62769],[1614946288014,55888779660.257484],[1614949602728,56211768100.49938],[1614953186888,57158462823.89393],[1614956616811,56798006042.104576],[1614960482985,56537556212.21056],[1614963953722,57071183598.97246],[1614967498707,57782794805.01951],[1614970918078,56656744892.683205],[1614974933583,56991344322.797035],[1614978777326,56679071614.08118],[1614981998695,56474840834.86738],[1614985920206,56597419992.91521]]}