{"stats":[[1618185946471,1121303313410.2654],[1618189252755,1116783633710.0344],[1618192867799,1119926033222.8386],[1618196509663,1115683286858.5278],[1618200375714,1126671656700.6536],[1618203784356,1125064188737.8047],[1618207704815,1124041827265.113],[1618211178699,1131857398559.963],[1618214546811,1135291278218.3933],[1618218445849,1133163963488.6584],[1618221662708,1127627591453.6172],[1618225473056,1119010191041.3198],[1618229163863,1125108102435.3843],[1618232902097,1129017538727.691],[1618236296719,1127720043374.418],[1618239976621,1120883865659.6147],[1618243596981,1120185794678.6],[1618247063013,1121242685111.4033],[1618250777082,1117288581022.898],[1618254443436,1120412057184.1113],[1618257645089,1120785100780.8503],[1618261439665,1123740909998.819],[1618265395682,1121925400330.2239],[1618268780138,1121282937332.1997]],"total_volumes":[[1618185946471,46810367530.8896],[1618189252755,46120354224.29441],[1618192867799,46157442268.2079],[1618196509663,45896740875.18964],[1618200375714,46819011922.621735],[1618203784356,47059461723.89201],[1618207704815,46827161783.36646],[1618211178699,47768060349.28689],[1618214546811,49722299806.652504],[1618218445849,50188505045.81737],[1618221662708,50906373468.91199],[1618225473056,52285030639.23288],[1618229163863,53942835223.14834],[1618232902097,54260204109.698654],[1618236296719,54396365552.66231],[1618239976621,54741124976.470825],[1618243596981,55428254017.94427],[1618247063013,56175659404.48593],[1618250777082,55830336845.64641],[1618254443436,56087848292.48162],[1618257645089,55749677107.93099],[1618261439665,56227187682.18812],[1618265395682,56549028667.69261],[1618268780138,56047579977.85866]]}