{"stats":[[1610582974644,696668634091.3435],[1610586584711,701841612289.5735],[1610590907224,694308545796.199],[1610594605391,692526940517.7698],[1610597614686,689146844281.9775],[1610600894185,694821363404.1283],[1610605110083,698127567228.8152],[1610608250130,703956939273.9843],[1610612947179,720568882453.234],[1610615727417,712938151712.2653],[1610620332511,712097387710.6935],[1610623687094,714050243427.4325],[1610627679883,708374208421.5251],[1610630993165,713880119231.4386],[1610632998638,720004228583.3931],[1610636916101,738564069452.1432],[1610641417075,741335390481.4434],[1610644257763,732864670986.3053],[1610647760387,733779211413.9194],[1610651798213,734066889665.9371],[1610654705366,741054233870.2078],[1610659946526,719815370251.1995],[1610662113042,722752896747.9658],[1610665433440,724011651308.7316]],"total_volumes":[[1610582974644,64899561283.904144],[1610586584711,63680715836.910934],[1610590907224,61600005299.646355],[1610594605391,60277847560.390564],[1610597614686,59368592722.5794],[1610600894185,58644430428.37708],[1610605110083,55674269468.309814],[1610608250130,59000810876.92153],[1610612947179,59283614971.140015],[1610615727417,57401002592.64271],[1610620332511,57230130021.862946],[1610623687094,57535159468.127846],[1610627679883,56274242744.399376],[1610630993165,57240797478.74761],[1610632998638,56118629560.423134],[1610636916101,60432841771.50732],[1610641417075,60495272836.291],[1610644257763,61232285537.97883],[1610647760387,61477349250.55936],[1610651798213,58374991200.56526],[1610654705366,58506700737.40515],[1610659946526,56545934377.874565],[1610662113042,58792394905.457344],[1610665433440,57281383401.152504]]}