{"stats":[[1617323198486,0.06007576056350616],[1617325246350,0.059224519731271484],[1617329557256,0.05979524493178978],[1617333356500,0.05996278976772238],[1617336860383,0.05994072130002386],[1617340596205,0.05924117078106224],[1617343535118,0.05914180417548962],[1617347825626,0.05883963667399699],[1617350983115,0.0585511274287198],[1617354411843,0.05868042059925835],[1617358985421,0.059157555102846426],[1617362033880,0.05969529849269946],[1617365803684,0.05921086720105841],[1617369236315,0.059047155542894136],[1617372770524,0.05922851657340339],[1617377050301,0.059252575291324466],[1617379540600,0.059205574072295736],[1617384128492,0.05867144142874543],[1617387506725,0.05865737539267472],[1617390702467,0.05824985318958087],[1617394722610,0.058048212221740836],[1617398313773,0.057979620866434545],[1617401542242,0.058096449747869025],[1617405275860,0.057818728975139795]],"total_volumes":[[1617323198486,5945638389.927636],[1617325246350,5978386360.737029],[1617329557256,6106301037.464261],[1617333356500,6192085146.726589],[1617336860383,6257564782.248372],[1617340596205,6223634059.265782],[1617343535118,6244697591.905854],[1617347825626,6235078362.465667],[1617350983115,6230688172.040514],[1617354411843,6264302108.820474],[1617358985421,6373181296.037153],[1617362033880,5757148475.96461],[1617365803684,4939473038.64528],[1617369236315,4209958199.0394974],[1617372770524,3890923338.981052],[1617377050301,3583424481.995268],[1617379540600,3452805842.802566],[1617384128492,3175993439.7834935],[1617387506725,3026020767.6861367],[1617390702467,2879216338.908635],[1617394722610,2809784083.6469917],[1617398313773,2658445182.7222548],[1617401542242,2601084701.43376],[1617405275860,2518985401.8357286]]}