{"stats":[[1613347490941,0.06203434631356818],[1613350854669,0.06036132108334062],[1613354747109,0.057696243276144143],[1613358588739,0.05235866764640157],[1613361684806,0.053563936592431485],[1613365489105,0.051284404154980576],[1613369302515,0.05304508814354391],[1613373292959,0.05416829420923861],[1613376706865,0.0548838232093649],[1613379794018,0.05631717066803743],[1613383434447,0.05546520761708755],[1613387062650,0.05704817155930975],[1613390718285,0.05958798171767156],[1613395876157,0.06009622170040261],[1613397853836,0.059779577900482946],[1613401395083,0.06303425851912008],[1613405478422,0.061028595179627915],[1613409013646,0.06019971508446734],[1613412889652,0.05958252062987994],[1613416286193,0.05885106941858049],[1613419224249,0.05984167337141627],[1613423679917,0.05832677804702888],[1613426569591,0.057069965523029335],[1613430889392,0.057854001557815254]],"total_volumes":[[1613347490941,3318277601.178434],[1613350854669,3359904465.205319],[1613354747109,3354742799.011773],[1613358588739,3394167731.5881267],[1613361684806,3574468377.773236],[1613365489105,3583744641.152764],[1613369302515,3752492779.4219604],[1613373292959,3868844707.2097106],[1613376706865,3979439756.290562],[1613379794018,4103219872.501968],[1613383434447,4096573949.8494706],[1613387062650,4254340505.317243],[1613390718285,4469705553.910917],[1613395876157,4563114716.842313],[1613397853836,4495891513.176027],[1613401395083,4626238541.275624],[1613405478422,4521472957.566451],[1613409013646,4394946854.40162],[1613412889652,4318593626.580928],[1613416286193,4247755010.9489403],[1613419224249,4287202408.4172387],[1613423679917,4228777276.2564483],[1613426569591,4225021858.452022],[1613430889392,4304620230.845358]]}