{"stats":[[1618877031008,0.40941034319999847],[1618880839248,0.3773585150977665],[1618884294668,0.3859569058298638],[1618889540463,0.3875373404746857],[1618894359808,0.41635381285563866],[1618895680996,0.4169338734781665],[1618898650851,0.40710650928847963],[1618902374833,0.40196385216454683],[1618905972001,0.40511681345352785],[1618909609613,0.4127611594107537],[1618913215840,0.38929818356314927],[1618916451314,0.3859457292787385],[1618920159764,0.39458014079755643],[1618924268291,0.3856364355084295],[1618927367600,0.3880801950546655],[1618930958170,0.3724008821062082],[1618934694643,0.3597500914655938],[1618938358200,0.34084856490600535],[1618941793223,0.35442699862809907],[1618945621487,0.3421943384560669],[1618948969602,0.3331954905797108],[1618952831769,0.30854312844485504],[1618956268520,0.31659590887738664],[1618959674058,0.33246303746214145]],"total_volumes":[[1618877031008,30847872453.906982],[1618880839248,30009235010.91571],[1618884294668,30887450500.509758],[1618889540463,24486826017.641617],[1618894359808,35370224207.32626],[1618895680996,35459280154.01973],[1618898650851,35588251822.361725],[1618902374833,35190672405.93662],[1618905972001,34953723963.90793],[1618909609613,34017839695.87882],[1618913215840,32027020537.608574],[1618916451314,30197234552.465855],[1618920159764,29601470900.88275],[1618924268291,27712240094.777237],[1618927367600,26004938636.403122],[1618930958170,26361627646.583466],[1618934694643,25557829120.58996],[1618938358200,25505649826.516663],[1618941793223,26225500307.259666],[1618945621487,25936903297.841206],[1618948969602,25666465129.502365],[1618952831769,25286772176.81791],[1618956268520,27229354114.1169],[1618959674058,28520621444.691246]]}