{"stats":[[1610757236028,0.009439132608305388],[1610760978117,0.009259192693545068],[1610763461512,0.0092867152158896],[1610766195261,0.009126891142939445],[1610770913416,0.009281400002048752],[1610773263165,0.009330237793566494],[1610778430200,0.009341734332589682],[1610780593133,0.009328967620401314],[1610785058241,0.009347709051387234],[1610788383776,0.0094013997314946],[1610791591662,0.009430321584693898],[1610796550525,0.009391062831124937],[1610799308870,0.009421317415406746],[1610802145396,0.009288512693839074],[1610806598933,0.009285251106683799],[1610811129363,0.009319597827053138],[1610814310799,0.009273568032190005],[1610817013486,0.009303627309030742],[1610821753386,0.009312516923103722],[1610825042209,0.00924165219031264],[1610828360697,0.009321451166779368],[1610830907060,0.009308092229028186],[1610835083237,0.00915927878258165],[1610839603527,0.009269139486511447]],"total_volumes":[[1610757236028,445800073.42718655],[1610760978117,436112236.0210992],[1610763461512,436025537.75639445],[1610766195261,429498219.60720915],[1610770913416,433395340.4328427],[1610773263165,437314702.5487121],[1610778430200,427304901.25649977],[1610780593133,424943817.09794766],[1610785058241,422922109.0821023],[1610788383776,426053954.3801828],[1610791591662,423355762.9946565],[1610796550525,411113662.654593],[1610799308870,409460779.582655],[1610802145396,402464304.6505549],[1610806598933,404075921.63469803],[1610811129363,393559985.71727],[1610814310799,378244082.0914171],[1610817013486,363644962.5433219],[1610821753386,359696772.27968496],[1610825042209,359304979.7146719],[1610828360697,360840837.8440115],[1610830907060,359316016.07086056],[1610835083237,351026043.7627484],[1610839603527,358614870.73055744]]}