{"stats":[[1614989591783,0.049621669824893466],[1614993888436,0.05015177292082093],[1614996576445,0.04965936384567955],[1614999823606,0.05039469957914215],[1615003649926,0.05035916824503275],[1615007391333,0.05138190787180755],[1615010669873,0.051230540110244666],[1615014440863,0.05145729001630009],[1615017854563,0.05136621266036325],[1615021508852,0.0508075541002334],[1615025351231,0.0509678730594133],[1615028625951,0.05050430721547767],[1615032312451,0.05103506322098605],[1615035723021,0.04998055860193444],[1615039495215,0.049624015542993304],[1615043363460,0.05062284654896354],[1615046697869,0.05073161265692763],[1615050664634,0.05094232170297696],[1615053995563,0.051191747883623955],[1615057688617,0.05129955865215128],[1615061171114,0.05116620815462375],[1615064754045,0.05073552238175855],[1615068366875,0.051221519196854734],[1615072452176,0.051314997218292066]],"total_volumes":[[1614989591783,1341902467.3825083],[1614993888436,1306050191.5806239],[1614996576445,1273486471.2993526],[1614999823606,1270844301.559567],[1615003649926,1253130704.8103352],[1615007391333,1417216758.438902],[1615010669873,1530690335.0594962],[1615014440863,1579760669.4509172],[1615017854563,1596959941.3823855],[1615021508852,1591022801.0782783],[1615025351231,1617568068.0306609],[1615028625951,1622003173.2750406],[1615032312451,1645908471.3574266],[1615035723021,1634629111.385662],[1615039495215,1611020330.4689507],[1615043363460,1611894279.7072318],[1615046697869,1594277105.4333632],[1615050664634,1568857266.8832586],[1615053995563,1574040057.9297724],[1615057688617,1567582705.9304602],[1615061171114,1561154100.9136863],[1615064754045,1564308446.2399209],[1615068366875,1603823939.5711489],[1615072452176,1580259569.763654]]}