{"stats":[[1614730154408,0.05058232947905552],[1614733454381,0.050456343883553204],[1614737231286,0.051023259609672314],[1614740705377,0.05065410733029855],[1614744532679,0.05057052141411372],[1614747892469,0.0509632291241569],[1614751546639,0.05096286565548632],[1614755273032,0.05089134801275409],[1614758911293,0.05110806903598803],[1614762157254,0.051367270257842705],[1614765860667,0.05141200768668321],[1614769537857,0.05153895317392346],[1614773306165,0.05141445872785249],[1614776496620,0.05184909129232221],[1614780144627,0.050817892100227045],[1614784059808,0.05062173933425212],[1614787934675,0.05127018134493365],[1614791325040,0.05098953249544911],[1614794820344,0.05151523542637114],[1614798128951,0.05101958903934425],[1614802028316,0.05096806643222626],[1614805626017,0.050648627971029606],[1614808916604,0.051058033307505565],[1614812838116,0.050058088259141736]],"total_volumes":[[1614730154408,1424872246.4404743],[1614733454381,1387893816.4362938],[1614737231286,1370848431.9335222],[1614740705377,1329570396.831028],[1614744532679,1312201091.5860002],[1614747892469,1309895211.8742578],[1614751546639,1322038163.6205356],[1614755273032,1309042938.9328587],[1614758911293,1312651819.1369777],[1614762157254,1310595987.6452308],[1614765860667,1309779086.3985233],[1614769537857,1318995734.342318],[1614773306165,1335272839.8609886],[1614776496620,1377119564.3918118],[1614780144627,1369255401.050943],[1614784059808,1383430175.077406],[1614787934675,1395380780.4692652],[1614791325040,1362798707.9381683],[1614794820344,1355914494.7908509],[1614798128951,1329743419.2084925],[1614802028316,1294982827.4570918],[1614805626017,1272348939.6817694],[1614808916604,1252226273.9211316],[1614812838116,1226250841.0019946]]}