{"stats":[[1616718693295,0.05155263694666112],[1616720786328,0.051980592810350064],[1616724652361,0.05184832006253908],[1616728025386,0.051313008066688315],[1616732169885,0.05181435906293972],[1616735057560,0.052166854502909824],[1616740300577,0.05227675326277062],[1616743961281,0.05201991232601176],[1616746361481,0.05298635840564004],[1616749990135,0.05244021578420906],[1616754684551,0.05235623684131756],[1616756883899,0.0523367267087414],[1616760472337,0.05226498933752095],[1616764719942,0.0529522244612535],[1616768622445,0.052665164933801974],[1616772101071,0.05264561325899649],[1616775239147,0.05272389700292677],[1616778725239,0.0526120429327416],[1616782056001,0.052934795799137874],[1616786745421,0.052412909061599],[1616790987402,0.052902967329319095],[1616794097295,0.05322457362741377],[1616797799703,0.053559796458998256],[1616801419559,0.05335322456452947]],"total_volumes":[[1616718693295,1217731451.214288],[1616720786328,1224370317.6888518],[1616724652361,1192700567.1399255],[1616728025386,1149981452.5025024],[1616732169885,1126585558.0531712],[1616735057560,1113633379.5765374],[1616740300577,1090597387.5478017],[1616743961281,1073539170.7304639],[1616746361481,1068485225.664086],[1616749990135,1044548115.5845549],[1616754684551,1024638998.5738572],[1616756883899,1028806677.4262888],[1616760472337,1018228578.7399505],[1616764719942,996746130.6323184],[1616768622445,975528229.3555942],[1616772101071,953730118.1612382],[1616775239147,928180898.7835594],[1616778725239,899670316.2731636],[1616782056001,895484798.7048656],[1616786745421,854103905.1515594],[1616790987402,854123129.7955728],[1616794097295,853701241.5522467],[1616797799703,861682254.3734846],[1616801419559,836321391.445986]]}