{"stats":[[1618099759164,0.06378005669546423],[1618102917154,0.06608711772563657],[1618106671427,0.06699690193866947],[1618110067030,0.06659825168833879],[1618113755824,0.06584033074547542],[1618117642304,0.06478798530909699],[1618121049019,0.06541075743191252],[1618124471075,0.06613847829637283],[1618128019828,0.06597510444087558],[1618132098634,0.06710017925627827],[1618135455762,0.06992486007558521],[1618138963032,0.07442097980629825],[1618142436249,0.07633039694694384],[1618146107737,0.07297385351418754],[1618149813647,0.07175494246525663],[1618153475803,0.07203634506003108],[1618156933610,0.07155677616888555],[1618160833227,0.07296914642973254],[1618164109591,0.07363802971305071],[1618167955330,0.07454332317717269],[1618171459091,0.07366418304301146],[1618174834289,0.07540730731911684],[1618178563542,0.07778139428816558],[1618182286081,0.07467835456294167]],"total_volumes":[[1618099759164,1493660143.770443],[1618102917154,1606532885.5466943],[1618106671427,2014171433.9062428],[1618110067030,2092907231.337996],[1618113755824,2126960813.779975],[1618117642304,2157662130.412308],[1618121049019,2224363836.0459976],[1618124471075,2394186037.1101604],[1618128019828,2301300965.9031067],[1618132098634,2303418943.57435],[1618135455762,2695860161.9088235],[1618138963032,3315275423.6366997],[1618142436249,4260142817.4974804],[1618146107737,4615247002.643179],[1618149813647,4876020545.28874],[1618153475803,5137005982.633105],[1618156933610,5293022487.571661],[1618160833227,5525888537.92656],[1618164109591,5789733704.849328],[1618167955330,5941746831.970212],[1618171459091,5951642353.627289],[1618174834289,6140873115.154269],[1618178563542,6485098377.258048],[1618182286081,6499989980.019057]]}