{"stats":[[1612829667498,0.07911300033836761],[1612834591893,0.0785962545182004],[1612836448122,0.07999375159853274],[1612839896103,0.08017434126293017],[1612843811964,0.08165989791474419],[1612847406947,0.08088851823649404],[1612850855675,0.08075017151544628],[1612854505657,0.07997072435819881],[1612857703349,0.0790241426711908],[1612861287695,0.07916676371699269],[1612865076414,0.07769852510295876],[1612868684667,0.07852205772504083],[1612872101142,0.07995610449485498],[1612875722346,0.07919442594198958],[1612879439442,0.07989795556575902],[1612883099199,0.07791021601760652],[1612887101172,0.07164372860069848],[1612890131884,0.0708059298328666],[1612893880310,0.07096562171224766],[1612898010239,0.06915617818632397],[1612901085168,0.0723299201558999],[1612905210385,0.07131392574883383],[1612908719536,0.07139335587047975],[1612911837956,0.07064296674788925]],"total_volumes":[[1612829667498,10663606550.964922],[1612834591893,9705354175.046452],[1612836448122,9731561129.109055],[1612839896103,9543851675.912348],[1612843811964,9085739172.510155],[1612847406947,8752161535.05516],[1612850855675,8570165898.552384],[1612854505657,8427046015.593418],[1612857703349,8175202666.816139],[1612861287695,8167869855.681994],[1612865076414,7827883324.475235],[1612868684667,7656689100.222109],[1612872101142,7736945713.357354],[1612875722346,7524085211.582498],[1612879439442,7123052341.451284],[1612883099199,6530949003.867866],[1612887101172,6195943272.059185],[1612890131884,6438309967.956345],[1612893880310,6529175231.866997],[1612898010239,6332769196.850756],[1612901085168,6580576791.160479],[1612905210385,6494041330.7085085],[1612908719536,6397180025.566765],[1612911837956,6312362212.999726]]}