{"stats":[[1618358716757,0.09407753989431192],[1618362510170,0.10282289468762743],[1618365864950,0.10866936016876343],[1618369578924,0.11322745923662482],[1618373070103,0.11273851075452586],[1618377279232,0.11154422195080554],[1618380431012,0.12007614737340484],[1618383845837,0.13121935961533374],[1618387822324,0.12950112759311633],[1618390854931,0.13350241011106018],[1618394830950,0.12827829215002814],[1618398193438,0.13221019481564114],[1618401843411,0.13979587375675478],[1618405593015,0.1345060746846908],[1618408984504,0.13161410089717449],[1618412648165,0.12615675073377136],[1618416483432,0.13176517315765232],[1618419927488,0.13093466282484648],[1618423510187,0.1272145564859323],[1618426906184,0.12482577010231422],[1618430934254,0.11629555797960227],[1618434082801,0.11047169544338789],[1618438105792,0.12115584225310921],[1618441314927,0.12513514245924318]],"total_volumes":[[1618358716757,7417122229.146062],[1618362510170,8572253881.218418],[1618365864950,9958930711.805414],[1618369578924,11025932063.30813],[1618373070103,11226277851.29671],[1618377279232,11741360977.833277],[1618380431012,13166749275.473642],[1618383845837,15294075146.79799],[1618387822324,15679694065.192223],[1618390854931,17577283474.094975],[1618394830950,17918508320.43877],[1618398193438,18248905154.84373],[1618401843411,19916659632.99929],[1618405593015,19326369372.2777],[1618408984504,18730466418.700806],[1618412648165,19598452791.062668],[1618416483432,20470710484.177937],[1618419927488,18983627554.696148],[1618423510187,18184403242.13653],[1618426906184,17708088622.38128],[1618430934254,17521267989.134613],[1618434082801,17650851087.923435],[1618438105792,19319693406.94291],[1618441314927,19930265734.21964]]}