{"stats":[[1616545469668,0.05334592372211361],[1616549695721,0.053725586225083215],[1616552319901,0.05411413193852155],[1616555091255,0.053640139688698525],[1616559317108,0.05389758915292273],[1616563688567,0.0538479816274343],[1616567178519,0.054199298151878],[1616571199807,0.0551994386729585],[1616573243118,0.055456559298408835],[1616578281548,0.055873209852872155],[1616581961487,0.055558269465394126],[1616585534409,0.0560382796875434],[1616588964829,0.05649636247468884],[1616592124549,0.05598417345424273],[1616596142745,0.05554031020013293],[1616599993675,0.05520493932355242],[1616602566023,0.05517754872777371],[1616607352939,0.05477922920713257],[1616609515920,0.054800181111979214],[1616613619886,0.05413878516545108],[1616616893315,0.05337723029011623],[1616620734624,0.053774665595436276],[1616625169235,0.05126842405992496],[1616628230016,0.05161674462461975]],"total_volumes":[[1616545469668,987358584.7796075],[1616549695721,981179535.7742603],[1616552319901,989295697.5183573],[1616555091255,1000507989.014884],[1616559317108,1020636674.8220884],[1616563688567,1025732944.9421287],[1616567178519,1005587821.020632],[1616571199807,979068131.0638454],[1616573243118,984563145.7926388],[1616578281548,1003271856.2709816],[1616581961487,1001225225.7800847],[1616585534409,1007928288.0899117],[1616588964829,1015453997.8061726],[1616592124549,1011925348.4931445],[1616596142745,1009469170.0300436],[1616599993675,1009390326.6165217],[1616602566023,1012922680.9583167],[1616607352939,1016803410.5204817],[1616609515920,1018978549.4330646],[1616613619886,1010736634.7185725],[1616616893315,1007380245.288594],[1616620734624,1007061265.1713951],[1616625169235,966022796.9810318],[1616628230016,1002802154.7732642]]}