{"stats":[[1609633662483,0.010194721570119476],[1609635990121,0.009515248659253685],[1609639323068,0.009950490875369481],[1609643265289,0.009960323273601506],[1609646948450,0.010971204758251111],[1609650818001,0.010959023195281987],[1609654720203,0.012219869736596455],[1609657872344,0.012367670798787547],[1609661310437,0.012510922101408238],[1609664498108,0.011934303317323479],[1609668225281,0.011689933852290939],[1609672175168,0.011702391875215833],[1609675222085,0.013119173948949493],[1609679364656,0.012977478180284297],[1609683548556,0.01276029941935024],[1609686464113,0.01239827658400041],[1609690667868,0.011935984870263445],[1609694579775,0.010672358543912875],[1609697958841,0.011067524600135185],[1609700560414,0.010674751794160421],[1609704597052,0.009960341148682097],[1609708931506,0.010478146779614552],[1609711495067,0.010482532329805646],[1609715086993,0.010049963348009715]],"total_volumes":[[1609633662483,3032388839.206659],[1609635990121,2898380174.87807],[1609639323068,3067732401.378935],[1609643265289,3093401893.43088],[1609646948450,3292132856.238597],[1609650818001,3192102324.0282774],[1609654720203,3506381712.469205],[1609657872344,3571129967.047955],[1609661310437,3588999264.0021825],[1609664498108,3497044530.5042877],[1609668225281,3465825410.774509],[1609672175168,3494983990.980881],[1609675222085,3888055823.555],[1609679364656,3974433024.5464997],[1609683548556,3981559474.0176673],[1609686464113,3908318142.0286775],[1609690667868,3644358800.253843],[1609694579775,3304594604.2274995],[1609697958841,3335569315.38346],[1609700560414,3111603490.624569],[1609704597052,2671539033.4545913],[1609708931506,2643839126.148647],[1609711495067,2534200884.38991],[1609715086993,2363857141.276981]]}