{"stats":[[1613001721940,0.07298705804215211],[1613005263393,0.07189834032743747],[1613009145541,0.07225690900804353],[1613012415241,0.0728480444284145],[1613016169377,0.07381358869012586],[1613020087813,0.07293203366417642],[1613023728091,0.07296065840798045],[1613027238527,0.07279602486011948],[1613030482343,0.07237317341981847],[1613034743015,0.07237411439938482],[1613038290610,0.0733173481525293],[1613041672462,0.07414488029794891],[1613045131818,0.07271659649339485],[1613050681597,0.07287080481300989],[1613052315669,0.07323497748816353],[1613056077834,0.07246204855015041],[1613059622405,0.07218006858744856],[1613063356493,0.07096439484617742],[1613066866730,0.07000340122257116],[1613070149613,0.0695922591846125],[1613073807149,0.07004574068966402],[1613077653272,0.06951446305394848],[1613081044276,0.06979160328587533],[1613084677176,0.07023088364685093]],"total_volumes":[[1613001721940,6304018582.048755],[1613005263393,6207689274.015536],[1613009145541,6193127487.932771],[1613012415241,6189942113.642905],[1613016169377,6254983334.983929],[1613020087813,6164354128.46439],[1613023728091,5791162443.528135],[1613027238527,5622957422.949744],[1613030482343,5423475464.6027355],[1613034743015,5283174594.862034],[1613038290610,5413086633.262093],[1613041672462,5452811030.5124655],[1613045131818,5320052653.999998],[1613050681597,5156289703.952842],[1613052315669,5173812825.983593],[1613056077834,5080607029.283566],[1613059622405,4009948910.882972],[1613063356493,3737544376.9278345],[1613066866730,3556345924.0629153],[1613070149613,3513361011.6438074],[1613073807149,3535542119.1160793],[1613077653272,3477163163.5983996],[1613081044276,3436565679.7449646],[1613084677176,3428066555.4996142]]}