{"stats":[[1611965528233,0.04804660564468788],[1611968800786,0.04800734362430036],[1611972408006,0.043863306186895386],[1611976735413,0.039104420146548434],[1611980085103,0.034237062103633545],[1611984094688,0.03397179137121905],[1611987499757,0.0315556063157606],[1611991448274,0.031000625810634088],[1611994534164,0.03144878792345252],[1611998595464,0.03152040125064935],[1612001284340,0.03643900444866813],[1612005219874,0.03346539677358757],[1612009059533,0.033540625797366504],[1612014106889,0.03312883444688577],[1612015457651,0.034339901276463754],[1612019431964,0.03276831928665565],[1612022668601,0.03246610670689415],[1612026806935,0.026870076645473074],[1612030266479,0.028473107387876118],[1612033644000,0.026796526880705683],[1612037301749,0.024542661035623702],[1612040535807,0.024874162928831055],[1612044624891,0.026815539812156845],[1612048200170,0.03126710564868802]],"total_volumes":[[1611965528233,21810868643.18828],[1611968800786,20504130204.417286],[1611972408006,18659896529.33133],[1611976735413,16703988714.846079],[1611980085103,14575933965.417624],[1611984094688,13850203518.183357],[1611987499757,12891146602.567593],[1611991448274,12103768012.260885],[1611994534164,11515864650.20912],[1611998595464,11063429464.895084],[1612001284340,11900115714.23777],[1612005219874,11071462292.662405],[1612009059533,10589211981.106258],[1612014106889,9351542785.887865],[1612015457651,9462551053.400616],[1612019431964,8853380680.856579],[1612022668601,8514315021.619449],[1612026806935,7666961891.409271],[1612030266479,7709651703.80585],[1612033644000,7221799180.032198],[1612037301749,6742249611.676385],[1612040535807,6746586004.894588],[1612044624891,6848973894.473192],[1612048200170,7705396755.996145]]}