{"stats":[[1611360185170,0.00851684314238724],[1611363861357,0.008461972267871917],[1611368188891,0.008543949345768229],[1611371313904,0.008491856260193154],[1611374464459,0.008596991916242532],[1611378120195,0.008667089199904892],[1611381676568,0.0087381454742901],[1611385452886,0.008716152368983566],[1611389329619,0.00874838293964678],[1611393100528,0.008804036219202132],[1611396773640,0.008645290648675481],[1611399929396,0.008581710022093255],[1611403337738,0.008457880253749838],[1611408824270,0.008580645944064828],[1611411067465,0.008504902944472354],[1611414218035,0.00854115369040597],[1611418095432,0.008503593815787056],[1611421253183,0.008579292106369074],[1611425114355,0.008613598168725102],[1611428601875,0.008606271473612849],[1611432843168,0.0086440412344294],[1611436070374,0.008622345805695653],[1611439890077,0.008619527556445288],[1611443261238,0.0085417987227525]],"total_volumes":[[1611360185170,293811759.97162914],[1611363861357,284584324.40990114],[1611368188891,276493300.84879816],[1611371313904,271542895.84502643],[1611374464459,273742655.61284775],[1611378120195,272222901.83521825],[1611381676568,268331288.94842643],[1611385452886,273248820.35919535],[1611389329619,272049514.2574374],[1611393100528,268690935.66424716],[1611396773640,266815159.55076995],[1611399929396,265052616.58554876],[1611403337738,262971988.9152078],[1611408824270,270590594.0189088],[1611411067465,270016434.88467777],[1611414218035,270515888.5166445],[1611418095432,270125886.823489],[1611421253183,269801806.69314927],[1611425114355,272303337.6013162],[1611428601875,275097015.88956267],[1611432843168,270391774.368924],[1611436070374,269164210.1236074],[1611439890077,268921747.24279064],[1611443261238,266610878.28749895]]}