{"stats":[[1614643414918,0.05102062594467058],[1614648459483,0.051285309185154004],[1614650445080,0.05163682290652634],[1614654151566,0.05197799399562694],[1614657774565,0.05127117973024921],[1614661501757,0.05176112746528691],[1614665530456,0.051336896265652715],[1614668798450,0.05033661611801965],[1614672127165,0.05061436595830263],[1614675920660,0.051067551810261805],[1614679348783,0.05099813025975223],[1614683143859,0.05060383766437426],[1614686679097,0.051046479935525364],[1614691403304,0.05115184911806439],[1614693798716,0.05117687350676779],[1614697671668,0.050874783664632335],[1614701314937,0.05094122997458256],[1614704509905,0.04963475773608418],[1614708424002,0.050392387417695465],[1614711879608,0.05009939934597043],[1614715727035,0.04989570960739713],[1614718874402,0.049988818300116956],[1614722695062,0.05016564518793587],[1614726331270,0.0503576425898727]],"total_volumes":[[1614643414918,1652399316.0636256],[1614648459483,1677410847.3630426],[1614650445080,1681713846.1938202],[1614654151566,1698532081.595365],[1614657774565,1697162579.0124843],[1614661501757,1725771702.90377],[1614665530456,1697272304.950764],[1614668798450,1672818636.8205829],[1614672127165,1682990827.0751843],[1614675920660,1707059427.213217],[1614679348783,1668470148.6426623],[1614683143859,1639245135.883202],[1614686679097,1627445207.8938665],[1614691403304,1613555415.1430273],[1614693798716,1612644616.7879817],[1614697671668,1592466640.5386748],[1614701314937,1589859923.1188216],[1614704509905,1557124494.6847277],[1614708424002,1597039289.2582662],[1614711879608,1580981980.9596965],[1614715727035,1534276307.5280886],[1614718874402,1422274759.9189324],[1614722695062,1425964348.9510455],[1614726331270,1413770636.9044678]]}