{"stats":[[1612570411479,0.046839261011845754],[1612573903625,0.0459659731675433],[1612577156559,0.04532014606965139],[1612580592362,0.046010741271330265],[1612584874942,0.04753295510585809],[1612588124420,0.04991311663281133],[1612591268713,0.04932177069406243],[1612595300359,0.04920639385661035],[1612598966361,0.04886050403353996],[1612602666450,0.04896037726740728],[1612605734046,0.04890656417576617],[1612609807618,0.04933085253463357],[1612613671079,0.049215567292278314],[1612618041436,0.04930256732996396],[1612620264146,0.04934889519568197],[1612623947506,0.05023628195001906],[1612628136844,0.05086579182109646],[1612631471487,0.050643127083901715],[1612635107834,0.05092469100682945],[1612638122272,0.052698095604761463],[1612642574141,0.05262781388009223],[1612646060162,0.05334456656461759],[1612649786213,0.05369566478437218],[1612652607248,0.05594804940978138]],"total_volumes":[[1612570411479,4992691456.266611],[1612573903625,4691661997.408332],[1612577156559,4489778489.283308],[1612580592362,3946511798.9820333],[1612584874942,3830163641.215456],[1612588124420,4120547729.3028655],[1612591268713,4296582905.192413],[1612595300359,4343460393.299358],[1612598966361,4276246734.381659],[1612602666450,4190140500.03058],[1612605734046,4140771759.1198688],[1612609807618,4222628611.867332],[1612613671079,4130399225.728335],[1612618041436,4062938558.4439054],[1612620264146,4051174846.6497526],[1612623947506,3945159927.7759776],[1612628136844,4042828725.7324495],[1612631471487,3986514130.425082],[1612635107834,4012406242.096006],[1612638122272,4338316398.061252],[1612642574141,4621229007.786215],[1612646060162,4769295254.27355],[1612649786213,4882135932.292283],[1612652607248,5159035726.431308]]}