{"stats":[[1610064204721,0.009776329160118814],[1610069055277,0.009701146413100669],[1610072652070,0.009400039521377218],[1610076450061,0.009276385357994583],[1610079929065,0.009500295710501759],[1610083496123,0.009449822705634377],[1610087589831,0.009356557517766137],[1610090924465,0.009507207858730974],[1610093439829,0.00959766650914028],[1610097412024,0.00945586616097919],[1610100506373,0.009636165478120472],[1610103925285,0.009728631658048294],[1610108366068,0.009589094493579949],[1610111237516,0.009514291767078506],[1610114699703,0.00957936462567056],[1610118777026,0.009584731953410107],[1610122850952,0.009359777648300947],[1610126081517,0.009412431269324666],[1610129702609,0.009352101225955391],[1610133694873,0.009277894743611632],[1610136804002,0.009161341464849926],[1610140801805,0.00924039114638723],[1610144232211,0.009568338259210617],[1610147286008,0.009925085638871414]],"total_volumes":[[1610064204721,505843512.6699151],[1610069055277,492500326.86935174],[1610072652070,477529451.44499326],[1610076450061,476488957.46198475],[1610079929065,483277735.62387246],[1610083496123,461271020.4679919],[1610087589831,456393984.2084041],[1610090924465,461435280.4347549],[1610093439829,466220283.86089635],[1610097412024,454870021.7244283],[1610100506373,461583885.321476],[1610103925285,467843234.2980465],[1610108366068,464605009.86902684],[1610111237516,450694012.7896159],[1610114699703,453160134.9644025],[1610118777026,446829061.61713487],[1610122850952,442618503.0934117],[1610126081517,442902873.2817467],[1610129702609,432932112.0270374],[1610133694873,386734425.5200663],[1610136804002,368941166.6515305],[1610140801805,369095742.6901931],[1610144232211,383581876.31083196],[1610147286008,398228454.7109872]]}