{"stats":[[1616371977848,0.05713793922912068],[1616375621475,0.05691367178076645],[1616378901457,0.05732171616081961],[1616382298442,0.05721941841995606],[1616386037287,0.057459373770425336],[1616389483186,0.05768130298836867],[1616393044230,0.05769253081807168],[1616397273574,0.057598231714864244],[1616400322868,0.05747669855426792],[1616404176787,0.056923267174907706],[1616408063943,0.05747171008255156],[1616411616374,0.05782485626469465],[1616415168695,0.05770652561119841],[1616418457985,0.05730027306056131],[1616422499894,0.05691002525963943],[1616425888572,0.05709563066877024],[1616429498537,0.05703230020041847],[1616432578443,0.05716377998259825],[1616436386207,0.05698554346706097],[1616439879971,0.0568608769262079],[1616443232127,0.05668347484750718],[1616447335664,0.055438779972483136],[1616450452571,0.055812958299892725],[1616454898850,0.055671301373689815]],"total_volumes":[[1616371977848,938271631.3967655],[1616375621475,933499416.1036627],[1616378901457,936272603.6088985],[1616382298442,920520954.2365327],[1616386037287,910405089.2885853],[1616389483186,915746997.9978616],[1616393044230,906175449.0515205],[1616397273574,884589465.4244359],[1616400322868,861078010.3553505],[1616404176787,853479358.3450979],[1616408063943,843059389.3378236],[1616411616374,840325407.6682949],[1616415168695,820130678.0462112],[1616418457985,806556747.0798517],[1616422499894,794515566.2425745],[1616425888572,791718755.445902],[1616429498537,788826958.7251655],[1616432578443,791758449.3015655],[1616436386207,795415769.1120522],[1616439879971,791036089.665775],[1616443232127,808073223.8373358],[1616447335664,825234277.9998287],[1616450452571,855025157.4183536],[1616454898850,878947171.1185035]]}