{"stats":[[1619395549012,0.2525215544988125],[1619399258856,0.26238067991225444],[1619402452155,0.27148941070606036],[1619406162478,0.26306208495895067],[1619409734888,0.2653929633993609],[1619413410795,0.2623562571367179],[1619416856657,0.2633675729819144],[1619420615407,0.2687604911883069],[1619424186274,0.2659289432847998],[1619427884417,0.2617437880147758],[1619431481130,0.2664658000058273],[1619435213780,0.26393365176794414],[1619438445871,0.26729073678895854],[1619442475340,0.27406191720992473],[1619449346378,0.2708506252695945],[1619451560740,0.2698660349311766],[1619453798631,0.26746478275759605],[1619456544709,0.26662045796416034],[1619460184496,0.2682423670893789],[1619463917759,0.26744475326596273],[1619467599441,0.2678152272641755],[1619470830588,0.2673220852031154],[1619474581563,0.2661835836950669],[1619478193583,0.2677632859450593]],"total_volumes":[[1619395549012,6723774184.550104],[1619399258856,7787208520.22485],[1619402452155,7948577715.92625],[1619406162478,7013586791.119026],[1619409734888,6987497849.630822],[1619413410795,7043873165.927851],[1619416856657,7240755182.365217],[1619420615407,8156346913.797056],[1619424186274,7473468357.819262],[1619427884417,7395661210.508851],[1619431481130,8197924169.121862],[1619435213780,7326700350.279287],[1619438445871,7483795249.797785],[1619442475340,8672110653.236544],[1619449346378,8043667360.31606],[1619451560740,7997069407.601463],[1619453798631,7766472280.920657],[1619456544709,7697271601.524856],[1619460184496,8523585096.181763],[1619463917759,8069394676.425029],[1619467599441,7925710544.173346],[1619470830588,7690454818.540593],[1619474581563,7125442982.417719],[1619478193583,6640689763.52864]]}