{"stats":[[1619309099478,0.2704891922498657],[1619312735285,0.27007641305324537],[1619316086620,0.2863119551870449],[1619319689076,0.2812716748090529],[1619323282658,0.27626927780300053],[1619326997082,0.27761550068702473],[1619330698506,0.27630590324481896],[1619334198496,0.2709423064797233],[1619337813837,0.27014915835226777],[1619341256665,0.2752720716000386],[1619344886156,0.2715259901381369],[1619348630527,0.269186419494696],[1619352235176,0.2714233897898254],[1619356297346,0.27421617889295247],[1619360402515,0.2721104218772688],[1619362884605,0.27397268746095116],[1619366604601,0.26626291300593447],[1619370185216,0.26439657984658393],[1619373976653,0.2598596248452615],[1619377308768,0.25377765373869343],[1619380852472,0.2520390672013852],[1619384567218,0.24726620713734607],[1619388147537,0.2314655853944402],[1619392026989,0.24881284453859076]],"total_volumes":[[1619309099478,10807971320.65116],[1619312735285,10630703994.452488],[1619316086620,12174765743.612865],[1619319689076,10835545968.842909],[1619323282658,10762089677.68653],[1619326997082,11714831238.905415],[1619330698506,6961537462.701252],[1619334198496,7329047026.230356],[1619337813837,5724340632.45907],[1619341256665,9029897002.917027],[1619344886156,8648957808.36055],[1619348630527,7224830845.660991],[1619352235176,6606068261.821604],[1619356297346,6845842485.687312],[1619360402515,6506533721.108447],[1619362884605,6326808051.812565],[1619366604601,6128669173.024456],[1619370185216,5546316889.650557],[1619373976653,5452905991.972925],[1619377308768,6247420979.771149],[1619380852472,6224115417.419212],[1619384567218,6226854853.053041],[1619388147537,6378384970.5157175],[1619392026989,7158612149.409799]]}