{"stats":[[1616630496288,0.05179852533280884],[1616634891872,0.05138964731638279],[1616639799697,0.05076384391689253],[1616643228835,0.0507930771374954],[1616646061067,0.05104228762879083],[1616649187623,0.05107333087544102],[1616653664567,0.05224470998908529],[1616656581392,0.051876323317679766],[1616659272719,0.050803984677557645],[1616664863807,0.05174288534331981],[1616668429836,0.0515934551125606],[1616670080554,0.05219102484211099],[1616675468527,0.05024493592232882],[1616678629413,0.049957746238751044],[1616682344542,0.050877044402111354],[1616684820806,0.05040690049248464],[1616689912582,0.05062342510420618],[1616691992784,0.05085451382815606],[1616695556687,0.050487468002133565],[1616702966195,0.05141684488830145],[1616705129768,0.051315615365559016],[1616708562434,0.0521274991155129],[1616711370136,0.05201675262525815],[1616714513332,0.05134794396951927]],"total_volumes":[[1616630496288,1043427664.3756895],[1616634891872,1078429677.458775],[1616639799697,1108985447.7475002],[1616643228835,1133610100.6996186],[1616646061067,1156661544.0075638],[1616649187623,1177736950.9178636],[1616653664567,1234738359.2036898],[1616656581392,1212260671.9929953],[1616659272719,1193589953.2757027],[1616664863807,1215534994.0190568],[1616668429836,1212030478.1062589],[1616670080554,1224268576.2999985],[1616675468527,1194951564.1419666],[1616678629413,1233702841.5011837],[1616682344542,1277600468.7054412],[1616684820806,1269343128.9222121],[1616689912582,1300072205.3915195],[1616691992784,1318581358.7942834],[1616695556687,1318029010.5897884],[1616702966195,1359219638.855494],[1616705129768,1342702361.0858922],[1616708562434,1349630742.049506],[1616711370136,1324385848.9806244],[1616714513332,1271821054.842112]]}