{"stats":[[1617494822443,0.0559616763267229],[1617499385942,0.056115324037147335],[1617502703208,0.05683284179341576],[1617507383083,0.05703102838943997],[1617510711103,0.057214098539916006],[1617514395667,0.05719438851049203],[1617516131063,0.05731586508265037],[1617519605075,0.05700096019200759],[1617523210859,0.057025010289415895],[1617527057111,0.0576021051790107],[1617530496299,0.05771728841169038],[1617534263808,0.05742522251189527],[1617537782042,0.05709306804014778],[1617541283375,0.057132862863694865],[1617544908598,0.05761019636851573],[1617548557973,0.057636322092969886],[1617552463724,0.057202590054659885],[1617555966591,0.05765049537775444],[1617559290373,0.05803279696846668],[1617563075845,0.057747631425215336],[1617566729032,0.05751451055251787],[1617570247449,0.057384147481859535],[1617573877954,0.0577088692868613],[1617577692378,0.057826606048581954]],"total_volumes":[[1617494822443,1447825844.1998043],[1617499385942,1478213492.893052],[1617502703208,1487880450.8101993],[1617507383083,1475092415.0194533],[1617510711103,1459091806.8431954],[1617514395667,1445488891.1050842],[1617516131063,1443497891.0694005],[1617519605075,1405790757.2068465],[1617523210859,1402348470.7963328],[1617527057111,1391278506.162883],[1617530496299,1376437037.1162865],[1617534263808,1346142864.3744314],[1617537782042,1334784198.1076589],[1617541283375,1366785989.0764906],[1617544908598,1406587930.8526113],[1617548557973,1423703678.7420611],[1617552463724,1407408106.6143274],[1617555966591,1416703185.7919695],[1617559290373,1435248900.7009692],[1617563075845,1388338813.2784371],[1617566729032,1364466405.730078],[1617570247449,1342839531.6870956],[1617573877954,1327997902.5649269],[1617577692378,1303043845.0581412]]}