{"stats":[[1616977382389,0.05434029106170819],[1616980601872,0.05399341767382992],[1616984302469,0.054121731017828266],[1616987660849,0.05449007219489989],[1616990790416,0.05434377368572395],[1616994569066,0.05437341904276144],[1616998862587,0.054204921161278875],[1617002104749,0.05439528825471087],[1617005720415,0.05490601010230147],[1617008486257,0.05556017529650783],[1617012019703,0.05555939282624998],[1617016150504,0.05503383074057117],[1617020518583,0.055272957324672196],[1617022853481,0.05515731080599501],[1617027128117,0.054807074046787876],[1617030517530,0.054817248646944504],[1617034339980,0.05504049468508961],[1617037794799,0.05482711496067263],[1617041072868,0.05512585500226705],[1617045027589,0.05492007203734309],[1617048817980,0.05469794811609312],[1617053149807,0.05481590627433977],[1617055322942,0.05485239110263072],[1617059098003,0.05475772118212322]],"total_volumes":[[1616977382389,831315496.3819413],[1616980601872,823690918.1606971],[1616984302469,830006403.7381102],[1616987660849,837149881.7852874],[1616990790416,832931981.0304792],[1616994569066,840621723.1048487],[1616998862587,846663836.3825293],[1617002104749,846572995.1293185],[1617005720415,853365724.6202915],[1617008486257,874475154.9344747],[1617012019703,892209222.0546651],[1617016150504,891032481.7175429],[1617020518583,889948056.7852644],[1617022853481,879490519.8598019],[1617027128117,886869113.2526778],[1617030517530,907107479.3688542],[1617034339980,920563892.3478229],[1617037794799,920589192.574584],[1617041072868,934236200.1736563],[1617045027589,928100152.7820561],[1617048817980,914151668.450418],[1617053149807,919474137.4349889],[1617055322942,924102863.9113116],[1617059098003,923572406.2388165]]}