{"stats":[[1619481744714,0.2718319843560542],[1619485542101,0.26814832173657493],[1619488974766,0.2667276411197784],[1619492748776,0.2678369345249652],[1619496299837,0.26620044557180933],[1619499962981,0.26632160840563185],[1619503456193,0.26848741169888674],[1619506920735,0.2755325922299098],[1619510489649,0.2743524430825396],[1619514324860,0.2736218573731683],[1619517865817,0.2739425287067634],[1619521488053,0.27334178364874745],[1619524934797,0.2776825747023311],[1619528891766,0.2742308161662671],[1619533145746,0.26868811377520724],[1619536537854,0.2714034950216975],[1619539357647,0.2738044128746751],[1619543048010,0.27004963811996385],[1619546514765,0.27108733482899466],[1619550258223,0.26976401994909116],[1619553810130,0.26830189011169814],[1619557522248,0.2705400577294633],[1619561000109,0.2738864414567775],[1619564727635,0.2708221031677427]],"total_volumes":[[1619481744714,6413613556.852909],[1619485542101,5575877939.398556],[1619488974766,5324449227.083098],[1619492748776,5107263961.172268],[1619496299837,5046790691.53395],[1619499962981,4972486067.033187],[1619503456193,4456845959.748091],[1619506920735,4614146011.484709],[1619510489649,5052333941.500165],[1619514324860,5053710882.674299],[1619517865817,5434839028.045178],[1619521488053,5482627662.134072],[1619524934797,5415014971.695428],[1619528891766,5148542343.427171],[1619533145746,4849952194.072415],[1619536537854,4613978935.450513],[1619539357647,4922759254.971761],[1619543048010,4478971484.124653],[1619546514765,4703332799.257973],[1619550258223,4395472987.125334],[1619553810130,4313844539.09232],[1619557522248,4656383722.491628],[1619561000109,4485086235.18427],[1619564727635,4096382775.3919883]]}