{"stats":[[1612311191722,0.03144668999349312],[1612314268050,0.0329617773878604],[1612318345839,0.03274624399832532],[1612321877260,0.032824441594133016],[1612325309874,0.033111467607235816],[1612328993873,0.032705248181624666],[1612332287006,0.03246659643140518],[1612335759885,0.03235895330482058],[1612339794819,0.03236161732437956],[1612343491701,0.032205174483588894],[1612346784750,0.03273972756390561],[1612350662615,0.03274120729496568],[1612354053087,0.03217557548214767],[1612357657105,0.03164982950973632],[1612361338029,0.03176144923329088],[1612364470544,0.03171217872995526],[1612368119114,0.03166596512680904],[1612371874629,0.0318022297989014],[1612375675181,0.03214688535725104],[1612379686740,0.032411877573333366],[1612383272261,0.03260854036758081],[1612386288655,0.03457372776396409],[1612389920891,0.037085856149185685],[1612394169958,0.036266427596595076]],"total_volumes":[[1612311191722,2417343183.829606],[1612314268050,2356293147.4378095],[1612318345839,2215636711.7209325],[1612321877260,2182070044.684575],[1612325309874,2161349441.6508183],[1612328993873,2097599486.3809967],[1612332287006,2049894451.1016078],[1612335759885,2012943572.228952],[1612339794819,1959806453.569227],[1612343491701,1888465967.9389904],[1612346784750,1883601498.6848595],[1612350662615,1836516175.311645],[1612354053087,1780269419.9667404],[1612357657105,1777551397.3501315],[1612361338029,1780030357.251986],[1612364470544,1691129550.0178046],[1612368119114,1609632019.0883477],[1612371874629,1576930722.3695881],[1612375675181,1616690070.930658],[1612379686740,1607914115.7780914],[1612383272261,1594830949.3997803],[1612386288655,1828724785.9674206],[1612389920891,2478428734.8278723],[1612394169958,2580188754.1194363]]}