{"stats":[[1617667447152,0.06028161287234619],[1617672797951,0.059680278971835206],[1617674536531,0.059431698939373084],[1617678256246,0.0596721809716451],[1617681705310,0.060039089950491016],[1617685472779,0.05924188269569686],[1617689193732,0.05947930638687394],[1617692634617,0.05948553431131194],[1617696145213,0.05866960308753127],[1617699815163,0.058761818848928116],[1617703492452,0.05969027669255296],[1617707146048,0.05970130023853281],[1617710659313,0.05932774758884852],[1617714137490,0.05991618444676399],[1617717929347,0.0637212574179851],[1617721381556,0.06127617038934797],[1617724961857,0.061368406813348875],[1617728766363,0.061970319189303735],[1617732357617,0.061387830885978455],[1617736002947,0.062385700552195916],[1617739568196,0.062346008563029076],[1617743294731,0.0621151449810604],[1617746770019,0.06284450331550591],[1617750125170,0.06333261417666984]],"total_volumes":[[1617667447152,1845176476.6953142],[1617672797951,1959924928.494123],[1617674536531,1965266455.1322765],[1617678256246,1954094072.813111],[1617681705310,1938824480.039702],[1617685472779,1854575956.6002705],[1617689193732,1825070878.2951732],[1617692634617,1810459155.0337489],[1617696145213,1771420814.3151627],[1617699815163,1811963030.0048316],[1617703492452,1856919226.8427405],[1617707146048,1915618506.301439],[1617710659313,1915587013.5956256],[1617714137490,1954840399.548176],[1617717929347,2236655028.2097607],[1617721381556,2465308138.8739233],[1617724961857,2549886434.734222],[1617728766363,2642279093.1402583],[1617732357617,2655816401.862154],[1617736002947,2757983352.5143847],[1617739568196,2839515720.080485],[1617743294731,2842812133.1166673],[1617746770019,2898780545.9940934],[1617750125170,2951091197.3650665]]}