{"stats":[[1612743402278,0.07397333605532366],[1612746574008,0.07104981947100887],[1612750141177,0.0756171033078545],[1612753951655,0.07016431321824049],[1612757000420,0.06759479749151809],[1612760862178,0.0709160961239613],[1612765113794,0.07184627495658308],[1612768401881,0.07018935675707516],[1612771938971,0.07142930150790285],[1612775369982,0.07293626078175464],[1612779146925,0.07415769382339144],[1612782898950,0.07513693328898575],[1612785829273,0.07474470827516908],[1612789317898,0.07521355110707754],[1612793513708,0.07713641597387537],[1612796812862,0.08175091392509441],[1612800544837,0.08200091574117614],[1612803791993,0.08132322013234689],[1612808304251,0.07898229170160513],[1612811556363,0.07779328602360198],[1612814700661,0.0801724304686854],[1612818747253,0.08082954952766638],[1612821785249,0.07942414381592397],[1612825918111,0.07743456813886583]],"total_volumes":[[1612743402278,13365081291.70729],[1612746574008,13373539584.58253],[1612750141177,12925716843.580742],[1612753951655,11978336492.85289],[1612757000420,12147930612.150846],[1612760862178,12612348928.711374],[1612765113794,12759607877.026188],[1612768401881,12607297135.453913],[1612771938971,12578542004.246408],[1612775369982,12335329924.461086],[1612779146925,12864023018.663353],[1612782898950,13245192189.225683],[1612785829273,13224410513.15052],[1612789317898,13497160412.80725],[1612793513708,13976605348.209295],[1612796812862,14860453782.191236],[1612800544837,15036688646.24223],[1612803791993,14525749462.405373],[1612808304251,13777005596.05811],[1612811556363,13028814940.410372],[1612814700661,12924224655.9866],[1612818747253,12762568278.585747],[1612821785249,12382511079.39254],[1612825918111,11019847158.172516]]}