{"stats":[[1616025936933,0.0585451867361494],[1616029311579,0.05869658795620977],[1616033277388,0.05881588274430268],[1616036877860,0.05872540095213834],[1616040102719,0.058363299401501555],[1616044111834,0.05839313460110019],[1616047452871,0.058697893976938205],[1616050930701,0.05832459972341032],[1616054758466,0.05811215203387149],[1616058483327,0.058029947049975474],[1616061677654,0.05835402861654563],[1616065857138,0.05813538461807613],[1616068916993,0.057930247701404286],[1616072861953,0.05815553644761033],[1616076448601,0.05790046970466347],[1616079943570,0.05806868147279292],[1616085392759,0.058692793362227005],[1616088728952,0.05831004574679168],[1616092325370,0.05767966429228423],[1616096005069,0.05755306155272584],[1616099354438,0.0575101573212794],[1616102892883,0.058135970983526776],[1616106639766,0.05782139088760159],[1616109827210,0.05780308492955351]],"total_volumes":[[1616025936933,993264504.3152883],[1616029311579,1003412647.0353888],[1616033277388,1051552049.1296089],[1616036877860,1044979152.2332886],[1616040102719,1048211787.6630191],[1616044111834,1035236492.367771],[1616047452871,1037546085.411848],[1616050930701,1025743519.0030226],[1616054758466,1037528232.8174672],[1616058483327,1035321993.0266553],[1616061677654,1028951747.4558196],[1616065857138,1020122411.815558],[1616068916993,1014144223.3981159],[1616072861953,1015965411.3110144],[1616076448601,1007184609.9836382],[1616079943570,1019520146.0135851],[1616085392759,1024493769.4963338],[1616088728952,1026061590.3500315],[1616092325370,999857980.3177485],[1616096005069,991864048.0876031],[1616099354438,983056930.4632558],[1616102892883,996646422.0413454],[1616106639766,995968225.0853885],[1616109827210,990924025.3589069]]}