{"stats":[[1616114025522,0.05658894810916825],[1616117621686,0.057461471778268984],[1616119610462,0.05780012805173221],[1616124261616,0.05775177745450906],[1616128194160,0.057353727813942504],[1616130299327,0.05768600268976988],[1616135281722,0.05771317503116475],[1616138966142,0.05804190256077161],[1616142243624,0.058280972388042994],[1616145738353,0.05979947520733014],[1616149816703,0.05862049940900677],[1616152336717,0.05906744913804082],[1616157347069,0.05858115251941837],[1616160341746,0.05805378564551795],[1616164158986,0.05822688624304752],[1616166116416,0.05858428850820563],[1616170783335,0.05830645218498407],[1616174123233,0.0585575616784126],[1616178640857,0.05844105784191716],[1616181974049,0.05873984815544901],[1616184232142,0.05879874676522978],[1616189244867,0.0591123891931967],[1616192498044,0.058624560168414726],[1616196693435,0.058561837520617575]],"total_volumes":[[1616114025522,984117769.0527538],[1616117621686,968716013.4044569],[1616119610462,955783857.8210115],[1616124261616,957751486.6488472],[1616128194160,951024498.170144],[1616130299327,965524345.9986255],[1616135281722,960484409.1695518],[1616138966142,954779840.3705839],[1616142243624,946455154.1238693],[1616145738353,1108000743.968262],[1616149816703,1136808162.6226141],[1616152336717,1152890816.4663062],[1616157347069,1173226969.862607],[1616160341746,1163033573.2999294],[1616164158986,1148085267.5035207],[1616166116416,1147228638.7780704],[1616170783335,1121082412.7650838],[1616174123233,1115747362.2300515],[1616178640857,1115321989.1618576],[1616181974049,1107698411.829114],[1616184232142,1103103595.0425045],[1616189244867,1105519244.4389057],[1616192498044,1090412279.1510584],[1616196693435,1088466439.2057676]]}