{"stats":[[1610150927886,0.009824208847703412],[1610154353446,0.009810350949796435],[1610158750959,0.010044563637513299],[1610161612128,0.010055179041785196],[1610165685521,0.010099251099508178],[1610168693048,0.010115917953304715],[1610172574201,0.009882828952138179],[1610176915217,0.009943560752203031],[1610179920049,0.010008547530202092],[1610183050573,0.009980673279759746],[1610187369145,0.010132457587350666],[1610190133149,0.010646579188684701],[1610194623402,0.01039002437586556],[1610197491880,0.010423903096575555],[1610201099730,0.01037284766230573],[1610204840039,0.010288304117080137],[1610209163577,0.010241804952950831],[1610212446063,0.01012649067237069],[1610215415173,0.010147953082234464],[1610219719889,0.010449762799426172],[1610222613001,0.0103988253566347],[1610226082876,0.01028606901551015],[1610229875970,0.010320997690583603],[1610234358256,0.010271640468028297]],"total_volumes":[[1610150927886,422438999.66679513],[1610154353446,429943345.695748],[1610158750959,450621831.9486027],[1610161612128,449835031.9071139],[1610165685521,453203116.29417884],[1610168693048,452400096.0993041],[1610172574201,443635212.08405846],[1610176915217,450777970.27550226],[1610179920049,453085822.2345929],[1610183050573,453946251.80056083],[1610187369145,458739624.3055129],[1610190133149,497868160.8788276],[1610194623402,509443715.23982817],[1610197491880,514199253.1810367],[1610201099730,507510178.96249336],[1610204840039,508181116.51068956],[1610209163577,497336894.7939634],[1610212446063,501750248.72467387],[1610215415173,509147574.7497421],[1610219719889,518994478.141235],[1610222613001,525636335.03628033],[1610226082876,521160153.27975434],[1610229875970,517552351.48723686],[1610234358256,505518250.18066466]]}