{"stats":[[1609891375436,0.009841171975224853],[1609895955023,0.009842700158165239],[1609899540578,0.009834805290934103],[1609903158389,0.009806795638253782],[1609906811745,0.010056922052936082],[1609909554876,0.010641639015547434],[1609913587366,0.010496185272452482],[1609916483418,0.010690478811991793],[1609920262329,0.010319914797465198],[1609923799070,0.010466679926185163],[1609927754492,0.010200545446993779],[1609931319901,0.01012160455039222],[1609934590613,0.01032178351671642],[1609940331604,0.010085591638853747],[1609941825023,0.010134103846183325],[1609946055918,0.010029942266579835],[1609949047518,0.0099913088357751],[1609953089036,0.010198470633746059],[1609956186986,0.010340944023214609],[1609960112815,0.010348923987340768],[1609965017342,0.010006864813555276],[1609967058587,0.010324290241121926],[1609970630596,0.010181117043417905],[1609974420568,0.010266081253575568]],"total_volumes":[[1609891375436,643097357.7319219],[1609895955023,635338876.5892037],[1609899540578,631051786.1830053],[1609903158389,622172629.8909687],[1609906811745,637956467.8970486],[1609909554876,685195010.1098529],[1609913587366,722826991.718999],[1609916483418,748008476.278401],[1609920262329,730617849.8544023],[1609923799070,742823845.0582292],[1609927754492,723889098.1230255],[1609931319901,702093978.7683493],[1609934590613,710309299.7993026],[1609940331604,694060898.7867442],[1609941825023,700774267.4793777],[1609946055918,689392004.2574596],[1609949047518,681958674.9121656],[1609953089036,703842479.4361318],[1609956186986,709872662.0093653],[1609960112815,713523706.5206592],[1609965017342,704422775.2394092],[1609967058587,731173099.1642612],[1609970630596,722092529.872505],[1609974420568,721183890.6144522]]}