{"stats":[[1611102179457,0.009110474022365325],[1611105578872,0.009032270665450022],[1611108599382,0.009053682147259875],[1611112687267,0.009100716992669674],[1611116085985,0.00895064522979006],[1611119867862,0.009011269400937208],[1611123383020,0.00906669803910631],[1611127093645,0.009051004231711965],[1611129903953,0.009089131151273582],[1611134383936,0.008967335484522457],[1611137686134,0.008787433136452883],[1611141235517,0.008900470822654029],[1611144277133,0.008749591752929125],[1611147825511,0.008901791999976528],[1611152187237,0.008925983028178822],[1611155066289,0.008870081962976029],[1611158636844,0.008663869401278423],[1611163478399,0.008911536286336699],[1611167104559,0.008921731463933108],[1611169606393,0.009048548603437626],[1611174027585,0.008981854016142895],[1611177005440,0.008948871066386959],[1611180875717,0.008995253856238419],[1611183981702,0.008966934214630176]],"total_volumes":[[1611102179457,327626550.8235398],[1611105578872,321464594.1074734],[1611108599382,322734264.4179295],[1611112687267,320423412.4251422],[1611116085985,318828072.4929463],[1611119867862,321631967.04534954],[1611123383020,326102271.4049084],[1611127093645,316032203.763662],[1611129903953,308056043.7322992],[1611134383936,298740297.1011947],[1611137686134,295685341.18457407],[1611141235517,302579909.4737192],[1611144277133,302326081.68311685],[1611147825511,311619283.2259831],[1611152187237,318011908.91140145],[1611155066289,312438795.02192074],[1611158636844,303202892.9842292],[1611163478399,315653609.2359637],[1611167104559,313759056.22613144],[1611169606393,315462472.3006819],[1611174027585,312549156.47458595],[1611177005440,311677004.9699007],[1611180875717,312588090.6238601],[1611183981702,309863723.559367]]}