{"stats":[[1618272145038,0.07102437005748706],[1618275897965,0.0724387074231652],[1618279315238,0.07557756251867569],[1618282913017,0.07443434261543408],[1618286641887,0.07361792610715788],[1618290355785,0.07474996792711323],[1618294158297,0.07335319997891884],[1618297353948,0.07286007632466641],[1618300914839,0.07346119379654714],[1618304499430,0.07334367868663154],[1618308248856,0.07437045345542462],[1618311840429,0.07721230808476244],[1618315820834,0.07699955095702665],[1618319184570,0.07668374936777785],[1618322524082,0.07956035974401815],[1618326586874,0.07989695318048344],[1618330296194,0.08237703927474439],[1618333325236,0.09274556489886564],[1618337165592,0.09047817753220722],[1618340979173,0.08799143769772923],[1618344232888,0.08862486161051737],[1618347695099,0.09099283656251676],[1618351340797,0.09089060625611069],[1618355221614,0.09112331078057447]],"total_volumes":[[1618272145038,2913823058.7413216],[1618275897965,2908632437.797024],[1618279315238,3121065869.494354],[1618282913017,3165766898.1061683],[1618286641887,3173038868.478124],[1618290355785,3215845476.0585017],[1618294158297,3160192385.937727],[1618297353948,3154676901.243569],[1618300914839,3157883255.675132],[1618304499430,3151801417.0381293],[1618308248856,3132605424.672353],[1618311840429,3259864401.100178],[1618315820834,3393570913.26347],[1618319184570,3386551755.3838983],[1618322524082,3641149430.473793],[1618326586874,3909256110.8456235],[1618330296194,4143043736.07393],[1618333325236,5489618131.496397],[1618337165592,6098738003.093512],[1618340979173,6218931936.47442],[1618344232888,6473792281.714868],[1618347695099,6751744548.623513],[1618351340797,6928738708.121583],[1618355221614,7054937778.095736]]}