{"stats":[[1610237999997,0.010330050760405152],[1610240829442,0.010322544981729138],[1610244203701,0.010389004429545195],[1610248080051,0.010482723228217358],[1610251265302,0.010358201891417132],[1610255667063,0.010309132940317427],[1610258627193,0.010325406611535751],[1610262181729,0.01057232559588361],[1610265852356,0.010620627922039362],[1610280778090,0.009864613053731222],[1610284151474,0.010125478952902259],[1610287712375,0.01027114083046335],[1610291987494,0.010032531736359734],[1610295292803,0.010168960739558705],[1610298496730,0.010047402743760142],[1610302218702,0.009953323703391699],[1610305425476,0.009845574377261931],[1610309096960,0.009684608126431843],[1610313901259,0.009841531770565426],[1610316735234,0.009993354234402268],[1610320335235,0.009944121025205734]],"total_volumes":[[1610237999997,484999901.9464565],[1610240829442,478777929.2969211],[1610244203701,472361865.83957726],[1610248080051,461819057.7795487],[1610251265302,454288428.8211852],[1610255667063,450897918.0337573],[1610258627193,451715309.7066999],[1610262181729,462414336.77645624],[1610265852356,465386651.83806616],[1610280778090,433661995.23500013],[1610284151474,449662476.94154847],[1610287712375,453484607.63567334],[1610291987494,441469078.0027255],[1610295292803,443920217.27456105],[1610298496730,426640596.98438925],[1610302218702,427267233.6253029],[1610305425476,425876398.8335282],[1610309096960,412143836.015203],[1610313901259,432679175.6387448],[1610316735234,442852601.87635744],[1610320335235,433807607.4668181]]}