{"stats":[[1615939428203,0.05867431947483034],[1615943067396,0.058355366741563844],[1615946520407,0.05870808663980406],[1615950365185,0.058155723072579234],[1615954002396,0.058233124166151215],[1615957635063,0.05804021673671079],[1615960999851,0.05822381507562344],[1615964417805,0.05826824907342022],[1615968221682,0.05806679270682384],[1615971874765,0.058022389331671295],[1615975439750,0.057090318353826136],[1615979333404,0.05756833537964445],[1615982578118,0.05762830007701365],[1615986062099,0.057700253485537395],[1615989855695,0.057296705032911836],[1615993564990,0.05671077789055316],[1615997206214,0.056988819395305514],[1616000786915,0.05741463078427068],[1616004405423,0.05789038506505465],[1616007769531,0.058595424129902395],[1616011313030,0.058257941024480814],[1616015434671,0.05818796140705091],[1616018483993,0.0583178286440951],[1616022077933,0.05842518701641792]],"total_volumes":[[1615939428203,1451939102.7613668],[1615943067396,1399062998.8693094],[1615946520407,1368973938.8374023],[1615950365185,1330409891.0075986],[1615954002396,1287909125.6828177],[1615957635063,1275702547.326271],[1615960999851,1270026380.2168112],[1615964417805,1206603830.7488341],[1615968221682,1162083575.9398057],[1615971874765,1145368002.3237975],[1615975439750,1123032217.1898613],[1615979333404,1119896228.868924],[1615982578118,1116530930.41232],[1615986062099,1124143862.4366431],[1615989855695,1115310955.3601677],[1615993564990,1092232656.7661855],[1615997206214,1098703246.4899518],[1616000786915,1083417549.120912],[1616004405423,1022947639.3630191],[1616007769531,1027069901.6147144],[1616011313030,1026144410.6832842],[1616015434671,1011536888.5083123],[1616018483993,1010070270.521519],[1616022077933,993218982.0864356]]}