{"stats":[[1615680145378,0.06192773101486665],[1615683631627,0.059913077931065706],[1615687335286,0.060732536317151406],[1615691014592,0.061451835425076],[1615694475994,0.062125633960018786],[1615698007909,0.061984205842739094],[1615701627955,0.06147452787964337],[1615705409908,0.061512723696423126],[1615709020796,0.06040951761530204],[1615712596687,0.061829803000323924],[1615716100416,0.062340541003206115],[1615719864494,0.06117078922396355],[1615723301367,0.06085790597690234],[1615727267361,0.06087510319742326],[1615730524903,0.060799032929391504],[1615734205608,0.06102407245298631],[1615737957484,0.06054056714908979],[1615741329368,0.06006573317825284],[1615744836245,0.059180591296619886],[1615748465080,0.05999942826162656],[1615752081823,0.059546253136244814],[1615755693276,0.05936078891805365],[1615759321965,0.05934046160575547],[1615762813180,0.059724328954326174]],"total_volumes":[[1615680145378,1908931773.5006745],[1615683631627,2269087332.616046],[1615687335286,2408648515.755651],[1615691014592,2510894198.52479],[1615694475994,2600958512.664595],[1615698007909,2727215701.9041915],[1615701627955,2756527928.452052],[1615705409908,2817927483.0377398],[1615709020796,2804293088.954271],[1615712596687,2915048553.988374],[1615716100416,3014082108.4712286],[1615719864494,2989479047.936308],[1615723301367,3056359117.9108133],[1615727267361,3069600497.078681],[1615730524903,3109665551.3061123],[1615734205608,3128988129.6596107],[1615737957484,3124436360.01283],[1615741329368,3118142312.5339055],[1615744836245,3145019113.475232],[1615748465080,3177059478.9911685],[1615752081823,3084195635.8270564],[1615755693276,2972564191.3110924],[1615759321965,2923771179.351747],[1615762813180,2916213347.770253]]}