{"stats":[[1616286672063,0.059824172635976496],[1616288912482,0.05924280104121079],[1616292451177,0.05932085736982779],[1616296222773,0.05821793210488361],[1616299460127,0.0588570310543994],[1616303440547,0.0582843416310666],[1616306754618,0.0583145140638196],[1616310579159,0.05820946821046402],[1616314128761,0.05810262651742073],[1616317253156,0.05826180306922985],[1616321499097,0.057741936748670404],[1616324783994,0.05754696039533771],[1616328400163,0.057477808554458075],[1616331683044,0.057574518199336386],[1616335390267,0.057847316295251125],[1616338822999,0.0577525622610835],[1616342951413,0.05737787033327394],[1616346873189,0.05761025246072669],[1616350136338,0.05775406148149334],[1616353654700,0.058191113391121124],[1616357013386,0.05785372978078869],[1616360487835,0.05762405670667133],[1616364564390,0.05791324944096112],[1616367937361,0.05799667122940782]],"total_volumes":[[1616286672063,1147989370.3280928],[1616288912482,1141675199.7640657],[1616292451177,1158430759.3307142],[1616296222773,1152276228.9805987],[1616299460127,1180660199.3905072],[1616303440547,1167387903.8282208],[1616306754618,1185051508.4396372],[1616310579159,1184217990.8989632],[1616314128761,1073959543.6030066],[1616317253156,1032688521.524287],[1616321499097,1030928240.1313123],[1616324783994,1027220700.2050155],[1616328400163,1037303690.0868059],[1616331683044,1047615584.9204977],[1616335390267,1045260983.8745013],[1616338822999,1041531357.6124055],[1616342951413,1024466867.7500288],[1616346873189,1018428551.6667765],[1616350136338,1020064082.4112552],[1616353654700,1035171565.099882],[1616357013386,1038842440.1389732],[1616360487835,1035181921.2683123],[1616364564390,1032861450.8898407],[1616367937361,973547476.973759]]}