{"stats":[[1611792411348,0.007464264179297147],[1611797790192,0.007646665040608299],[1611801564351,0.007747661734537179],[1611803062813,0.0077179128734849905],[1611807236956,0.007976199278796798],[1611810875031,0.01111766465908522],[1611814116187,0.012506917010200161],[1611817489803,0.010991370818538598],[1611821605924,0.010972361483782212],[1611825365145,0.011175034125980726],[1611828834508,0.012208134743363554],[1611831891629,0.012579229043617746],[1611835536496,0.012580123374170658],[1611839365631,0.012014061894495389],[1611843667795,0.014019818025748277],[1611846154697,0.016728439080892145],[1611850902372,0.017083749319049494],[1611853881767,0.019231635738889363],[1611857683143,0.019549387197711016],[1611861672429,0.023917672399617538],[1611864423883,0.021743438076546374],[1611868132012,0.02368391372336438],[1611871380997,0.02389899281738941],[1611875977944,0.026210158899095073]],"total_volumes":[[1611792411348,222286527.11496532],[1611797790192,234182423.51557785],[1611801564351,238899184.45276767],[1611803062813,238840937.01069218],[1611807236956,247614183.07138357],[1611810875031,596386470.3499546],[1611814116187,1067677277.7059333],[1611817489803,1204308532.1018593],[1611821605924,1436730638.0701194],[1611825365145,1592408265.4307642],[1611828834508,1805069013.9034011],[1611831891629,2028509929.8644018],[1611835536496,2187062690.1203704],[1611839365631,2208985698.088792],[1611843667795,2759191524.61076],[1611846154697,3540636276.4406414],[1611850902372,5108101507.609519],[1611853881767,6245059110.95129],[1611857683143,6999210090.200253],[1611861672429,9083444392.757734],[1611864423883,8801356644.646435],[1611868132012,10167441908.195469],[1611871380997,10592751393.341356],[1611875977944,11939433084.748283]]}