{"stats":[[1613693389860,0.05995651741527031],[1613697606581,0.05725049920288029],[1613700408139,0.057390076699688986],[1613704199563,0.05729876268043469],[1613707311293,0.05748181375527182],[1613711479294,0.05736731693697718],[1613714971474,0.056318231254629814],[1613718560565,0.05651928650769381],[1613722199332,0.05703241598752636],[1613725327735,0.056346383967244736],[1613729078594,0.05599233714159068],[1613733024957,0.05585220268567917],[1613736511118,0.05703425533390947],[1613742098074,0.05683220440317695],[1613743371217,0.05639981278168954],[1613747264280,0.055240821069018904],[1613750664177,0.055430328424722],[1613754279480,0.0551952391951997],[1613757978101,0.05542240931704232],[1613761342309,0.05488120919030434],[1613764928700,0.054867139017857364],[1613768545254,0.05611986097014186],[1613772442637,0.0558583414995111],[1613775646480,0.05581759189193268]],"total_volumes":[[1613693389860,4648814084.182461],[1613697606581,4526575919.357355],[1613700408139,4543077997.023697],[1613704199563,4536399991.670941],[1613707311293,4590036462.90897],[1613711479294,4551218028.312814],[1613714971474,4508207801.884311],[1613718560565,4581237975.380701],[1613722199332,4624436378.038875],[1613725327735,4616325621.350899],[1613729078594,4612684355.344868],[1613733024957,4630188868.920529],[1613736511118,4729293395.243611],[1613742098074,4705675774.23992],[1613743371217,4668357615.911085],[1613747264280,4584239220.548551],[1613750664177,4687836744.425533],[1613754279480,4660977125.392476],[1613757978101,4191025517.3067164],[1613761342309,3543299765.699121],[1613764928700,3412569854.637876],[1613768545254,3318982901.9859667],[1613772442637,3274623807.514954],[1613775646480,3198956891.844302]]}