{"stats":[[1617149000306,0.054648888880952526],[1617153386130,0.05503566122006873],[1617156695265,0.05498416748895775],[1617160710373,0.05429494664490251],[1617163721152,0.054216756977214224],[1617166906420,0.05444650446121692],[1617171964579,0.0547303123176656],[1617174656292,0.05485948064014271],[1617178197130,0.05350944887025976],[1617182501082,0.05367977548791992],[1617185617276,0.05263723019359874],[1617188626997,0.05334571571413482],[1617192242780,0.053764941931528226],[1617196525413,0.05365976375557854],[1617199611158,0.05371760803105149],[1617204063984,0.05449688507291534],[1617206600963,0.05429761950109768],[1617210227768,0.05389192126982411],[1617214470531,0.05269853619310506],[1617217432567,0.054172613772146584],[1617221003069,0.05249175580227649],[1617224895472,0.054042997312638785],[1617229125247,0.05421761050225634],[1617232785245,0.05384498086250717]],"total_volumes":[[1617149000306,1141286834.2853527],[1617153386130,1151417922.3507993],[1617156695265,1146302244.7804174],[1617160710373,1143547421.7427895],[1617163721152,1135329573.7056894],[1617166906420,1133542855.2776449],[1617171964579,1140577494.5075],[1617174656292,1145871869.9423945],[1617178197130,1126069040.597866],[1617182501082,1185325483.7381465],[1617185617276,1160495552.111343],[1617188626997,1168302344.7236357],[1617192242780,1156638625.3784258],[1617196525413,1141229313.7925112],[1617199611158,1132750511.613141],[1617204063984,1014576043.4200788],[1617206600963,999462601.4530828],[1617210227768,1002920828.8634897],[1617214470531,941768257.6757824],[1617217432567,965313575.9558852],[1617221003069,946529220.2799065],[1617224895472,975403761.1349412],[1617229125247,989071623.5383499],[1617232785245,1019548489.4367863]]}