{"stats":[[1612656540648,0.05734661933342682],[1612660195769,0.05929913998547498],[1612663784133,0.05930692504514954],[1612667076727,0.05838677086330401],[1612670799809,0.05754584606640672],[1612674251743,0.05537886549929604],[1612677929627,0.056302346399168667],[1612681315337,0.05738417237690994],[1612685122300,0.06131987385931419],[1612688632443,0.0587270582467389],[1612692243456,0.06056397380177977],[1612695830717,0.0598037758976242],[1612699702603,0.06014392862173206],[1612704216888,0.06126071415804093],[1612706544700,0.060826001509347916],[1612710151694,0.061958023821592524],[1612713769551,0.06301158006120396],[1612717593684,0.06786889656144186],[1612721151581,0.06990710578949827],[1612724952312,0.07308245381179214],[1612728077755,0.07004879096838054],[1612733166211,0.0736327672114681],[1612735515150,0.07573368768373474],[1612738966215,0.07989784893801549]],"total_volumes":[[1612656540648,5646939661.122157],[1612660195769,6006620254.276588],[1612663784133,6754341167.96299],[1612667076727,7136715401.242962],[1612670799809,7321273973.608405],[1612674251743,6962546883.584877],[1612677929627,6805368672.341491],[1612681315337,6943364274.216801],[1612685122300,7595036136.5344],[1612688632443,7567359182.579959],[1612692243456,7852167860.916384],[1612695830717,7718387451.969746],[1612699702603,7779905072.924276],[1612704216888,7999641745.005948],[1612706544700,8071417311.006191],[1612710151694,8284578541.302345],[1612713769551,8539762858.202209],[1612717593684,9719351452.252638],[1612721151581,10352942050.227316],[1612724952312,11359759247.285454],[1612728077755,11201209119.219055],[1612733166211,11827918965.332132],[1612735515150,12239176055.760275],[1612738966215,13274208886.918827]]}