{"stats":[[1618963575401,0.32324592563257165],[1618966850378,0.32103992325526826],[1618970579372,0.30910427608368746],[1618974221713,0.312982427835021],[1618977788464,0.3140100763985516],[1618981548394,0.32601646416979513],[1618985199433,0.3360152171637501],[1618988631894,0.3296878193474082],[1618992185451,0.3249234258438465],[1618995871337,0.33047210292669377],[1618999494364,0.32602262816031863],[1619003183573,0.31126783017744003],[1619006475687,0.30238710265850705],[1619010692442,0.3149057422686324],[1619013682913,0.31519323129314447],[1619017288242,0.31318902375286367],[1619021120900,0.3062637100762791],[1619024613007,0.30862639212311543],[1619028084863,0.3090210885071504],[1619031989523,0.31067088722233266],[1619035326535,0.31301686592308026],[1619038951514,0.31317680162943234],[1619042543522,0.3207076913801633],[1619046279199,0.3095976239248214]],"total_volumes":[[1618963575401,28196818394.887165],[1618966850378,27291677965.91571],[1618970579372,26200637003.340702],[1618974221713,26121899146.744637],[1618977788464,25417052065.808517],[1618981548394,25441525271.60508],[1618985199433,24588409685.82559],[1618988631894,25152702799.780384],[1618992185451,24641917439.699123],[1618995871337,23630272010.440514],[1618999494364,24009370951.24729],[1619003183573,22698067317.737347],[1619006475687,22258647576.039032],[1619010692442,22863386595.170887],[1619013682913,21289384686.008198],[1619017288242,21449934792.747147],[1619021120900,20639366316.52278],[1619024613007,19093403306.400566],[1619028084863,17422039608.57872],[1619031989523,16958112546.369091],[1619035326535,16571062115.569023],[1619038951514,16269556102.107807],[1619042543522,14515383199.710413],[1619046279199,12576270276.605013]]}