{"stats":[[1613607159022,0.04947496632099355],[1613611930576,0.051332863075871274],[1613613880322,0.05226074865963916],[1613617741171,0.052412044567615064],[1613621223787,0.05283120053973628],[1613625373612,0.05313176955428274],[1613628841456,0.052475005280183416],[1613631737806,0.05130106309220686],[1613635322319,0.051723677773503535],[1613639147471,0.050325723483240055],[1613642665880,0.051180334264509776],[1613646163033,0.05138777546140484],[1613650290087,0.051476704100369],[1613653468343,0.0522200722113169],[1613657530133,0.0526178582144185],[1613660596895,0.05157623681548642],[1613664172813,0.0511136586137258],[1613668470621,0.0523442594044886],[1613671384705,0.05923160265541347],[1613675108204,0.0567728133507317],[1613678666010,0.05724988470970318],[1613682286897,0.05813245155210077],[1613685988587,0.05930650948838764],[1613689878244,0.05999447126321465]],"total_volumes":[[1613607159022,2281555207.3075256],[1613611930576,2425722739.538526],[1613613880322,2517169002.0118876],[1613617741171,2585003401.163849],[1613621223787,2648566903.0073433],[1613625373612,2654674705.284112],[1613628841456,2653390595.719242],[1613631737806,2610899434.6952186],[1613635322319,2658054277.4059877],[1613639147471,2619080455.5709925],[1613642665880,2677148303.910422],[1613646163033,2667973179.735699],[1613650290087,2683809686.645837],[1613653468343,2720889117.0627694],[1613657530133,2762671089.433229],[1613660596895,2740976815.863413],[1613664172813,2727804345.8423643],[1613668470621,2759855059.41896],[1613671384705,3575255296.9108157],[1613675108204,4020505098.896454],[1613678666010,4144458427.89798],[1613682286897,4385720996.132171],[1613685988587,4487710733.3646755],[1613689878244,4649865240.68778]]}