{"stats":[[1616803668736,0.05394334925517326],[1616806899672,0.053565616926639484],[1616811242453,0.05337007286058094],[1616816072502,0.05365039114134376],[1616817853371,0.053593490147551326],[1616821354901,0.053903152593795585],[1616825804885,0.05383724687711597],[1616830332177,0.05380507443914065],[1616833791516,0.05358790030383849],[1616837627581,0.05393605460892774],[1616841018623,0.05526905901856625],[1616842928249,0.0550735562648819],[1616847665382,0.05419034952599108],[1616850497810,0.0543013628298071],[1616854858769,0.0546672436451351],[1616859188070,0.05440061675104134],[1616863067681,0.05517403294215709],[1616866645186,0.055056037786524195],[1616870297026,0.05482832367494093],[1616873841063,0.05492086888349018],[1616877086228,0.05409969437786104],[1616878876010,0.054899544545927687],[1616884306906,0.054913821406440494],[1616887748725,0.054919282605187345]],"total_volumes":[[1616803668736,834518336.243901],[1616806899672,822473335.9564326],[1616811242453,810501314.6432406],[1616816072502,817831533.5696224],[1616817853371,815842329.1461772],[1616821354901,821550185.2823877],[1616825804885,806823219.1289251],[1616830332177,808938150.9963654],[1616833791516,808456740.7169911],[1616837627581,829823886.0757942],[1616841018623,924526255.3489274],[1616842928249,936286571.910696],[1616847665382,938686270.4694943],[1616850497810,940443970.6934162],[1616854858769,948934852.5114391],[1616859188070,950885677.4328384],[1616863067681,968014873.0002201],[1616866645186,977971772.6894554],[1616870297026,980896997.1325469],[1616873841063,996056287.0916358],[1616877086228,989799370.1949261],[1616878876010,1008676480.0478255],[1616884306906,1012477841.5445843],[1616887748725,1015343407.0829616]]}