{"stats":[[1615593982537,0.05498872075591191],[1615598935777,0.0547297690709924],[1615601023382,0.05510912076458537],[1615604604454,0.05551311168696112],[1615608122406,0.055205636692388003],[1615611697457,0.055532135542269524],[1615615267262,0.055269310530263724],[1615619203437,0.055547885956860346],[1615622888885,0.056113815137731476],[1615626131014,0.05564645454743622],[1615629728740,0.05633917010986338],[1615633449620,0.05599363498548838],[1615637102784,0.05677558089905181],[1615640635886,0.05639232086130789],[1615644415734,0.05656636102595043],[1615647702157,0.056615625328862926],[1615651285534,0.057050488352342124],[1615654860985,0.057407390913909714],[1615658534677,0.057820925851649635],[1615662091646,0.05788698758959519],[1615666148419,0.0603183325474973],[1615669352258,0.05873124735993855],[1615672881558,0.05929939692919486],[1615676787710,0.05845857198151118]],"total_volumes":[[1615593982537,1344394505.8271942],[1615598935777,1328341708.8698528],[1615601023382,1348687505.361493],[1615604604454,1359920910.6339016],[1615608122406,1316215941.6582186],[1615611697457,1290526750.07289],[1615615267262,1281424585.1466038],[1615619203437,1264289637.0417466],[1615622888885,1270670744.9149776],[1615626131014,1241759059.6806774],[1615629728740,1254940675.754279],[1615633449620,1271212324.9223044],[1615637102784,1297454954.4049408],[1615640635886,1325675061.7091846],[1615644415734,1285693675.265776],[1615647702157,1289388735.4283247],[1615651285534,1319386781.01011],[1615654860985,1343356908.8536322],[1615658534677,1341019918.1599483],[1615662091646,1373567484.4595182],[1615666148419,1564651098.1707122],[1615669352258,1600957027.1977367],[1615672881558,1674147540.1817846],[1615676787710,1648547361.752764]]}