{"stats":[[1615852911496,0.05688203258836793],[1615856644650,0.055969846933472935],[1615860161564,0.05723507726138194],[1615863885674,0.05728332068616947],[1615867435332,0.05659575012552857],[1615870888680,0.057069315284638336],[1615874673588,0.05656841055770331],[1615878242379,0.058064377309475966],[1615881776054,0.05777611411464718],[1615885219848,0.057956739466561644],[1615888875140,0.05753521493461781],[1615892823929,0.057251876526875516],[1615896437855,0.05727761756815139],[1615899771632,0.05744420145669462],[1615903435966,0.05736860989270116],[1615906923011,0.057590482362196084],[1615910787637,0.0581502715139435],[1615914571753,0.05832467392265357],[1615918233200,0.05789943392475488],[1615921420835,0.057991605026336046],[1615924951826,0.05844945197953699],[1615928678287,0.05819777799479057],[1615932164294,0.05836188290211716],[1615935755395,0.058630139888529505]],"total_volumes":[[1615852911496,1743281980.1706939],[1615856644650,1716168304.2706373],[1615860161564,1778332338.9276915],[1615863885674,1791746711.2938085],[1615867435332,1793049909.05237],[1615870888680,1806384765.0557501],[1615874673588,1766197160.6112669],[1615878242379,1816573253.6232753],[1615881776054,1734706106.0353744],[1615885219848,1708008096.5618982],[1615888875140,1640173748.41865],[1615892823929,1593399091.5282178],[1615896437855,1574801074.7430582],[1615899771632,1544048748.2850304],[1615903435966,1532906451.2689846],[1615906923011,1534897917.6820204],[1615910787637,1528718371.033882],[1615914571753,1542629549.3131602],[1615918233200,1571969716.3652656],[1615921420835,1579550031.4210694],[1615924951826,1584622817.37886],[1615928678287,1523876698.5669048],[1615932164294,1506795861.7929888],[1615935755395,1503981644.8683324]]}