{"stats":[[1615334727879,0.0581121058637841],[1615338405788,0.05809872287670856],[1615341732668,0.05617663105176365],[1615345624911,0.05566209717620826],[1615348922279,0.05514973269048897],[1615352790259,0.0559492615092297],[1615356590718,0.05620300754498338],[1615360123751,0.056895582087366475],[1615363545014,0.05710821535308922],[1615367525354,0.056789924469432984],[1615370637526,0.05710115457510778],[1615374172289,0.05628353125659384],[1615377844133,0.056072339296191376],[1615381705518,0.05708702055778891],[1615384980224,0.05722291649162925],[1615388548956,0.05604404797197239],[1615392171832,0.056588441087389724],[1615395876641,0.05631199369048605],[1615399298158,0.05641843945009009],[1615403160166,0.055836691196026966],[1615406523400,0.056083900904366345],[1615410088189,0.055331359021150786],[1615414302743,0.056456772594267374],[1615417859055,0.056034626422238894]],"total_volumes":[[1615334727879,2519894713.275048],[1615338405788,2348547790.2326384],[1615341732668,2256634010.566562],[1615345624911,2227989678.7127657],[1615348922279,2195161809.921615],[1615352790259,2186348865.6652656],[1615356590718,2160636395.232266],[1615360123751,2137875755.3860304],[1615363545014,2083477871.6775296],[1615367525354,2016612346.878852],[1615370637526,1950175604.4411175],[1615374172289,1868033259.648044],[1615377844133,1827090781.4910626],[1615381705518,1796583095.8456986],[1615384980224,1765267938.4129858],[1615388548956,1708952564.9139423],[1615392171832,1712815737.9428947],[1615395876641,1675946999.8993464],[1615399298158,1675554638.9463248],[1615403160166,1645342085.2243192],[1615406523400,1650226535.6029894],[1615410088189,1656718070.7669854],[1615414302743,1691123502.6926076],[1615417859055,1680891110.0910869]]}