{"stats":[[1614816099261,0.05075263290909236],[1614819961761,0.05095129464255484],[1614823676238,0.051215303058329616],[1614826992804,0.05059531184351913],[1614830790737,0.050013407475802574],[1614834242936,0.050020909546946976],[1614837839847,0.050572281489539406],[1614841531519,0.050292784322929295],[1614845191721,0.05044690309589414],[1614848847425,0.050423143827558976],[1614852411451,0.05043246101916264],[1614856270914,0.050342561321776426],[1614859392790,0.05039399449644652],[1614863093617,0.049988099858036594],[1614866473881,0.05039672678605686],[1614870250835,0.049682363696734656],[1614874271855,0.05042042864269714],[1614877488732,0.05040610733517593],[1614881204373,0.04964931562211358],[1614884544986,0.04845751434959866],[1614888444238,0.049482029964697645],[1614892022469,0.04965199875806613],[1614895525287,0.05019471517173299],[1614899371341,0.05114124960795259]],"total_volumes":[[1614816099261,1233795413.868452],[1614819961761,1251397188.830334],[1614823676238,1257081567.221821],[1614826992804,1248548576.9218268],[1614830790737,1253180643.389276],[1614834242936,1262501309.1010892],[1614837839847,1279970105.1984315],[1614841531519,1263729300.2268531],[1614845191721,1260055463.8881488],[1614848847425,1252050239.436594],[1614852411451,1267423557.8981175],[1614856270914,1260418535.256392],[1614859392790,1249352712.3831747],[1614863093617,1211524219.596395],[1614866473881,1208579471.8092086],[1614870250835,1170602003.0888782],[1614874271855,1191855453.8896492],[1614877488732,1197425121.005127],[1614881204373,1185755545.229368],[1614884544986,1201432262.2477195],[1614888444238,1256194642.3504648],[1614892022469,1265524206.1937437],[1614895525287,1290947818.7369442],[1614899371341,1328941887.3186207]]}