{"stats":[[1616889698013,0.05478730183777124],[1616893684579,0.05503539723853314],[1616897294195,0.05511764984330806],[1616900687425,0.05500019346967124],[1616904029000,0.0549943844889432],[1616907978055,0.05528117385786287],[1616911496179,0.055178270228793826],[1616915737014,0.054967565421797066],[1616918886851,0.05534825293687514],[1616922261370,0.055299406536511345],[1616925941886,0.055019367320961],[1616929324980,0.054997359782871194],[1616933050873,0.05471101745627352],[1616936447131,0.05440566159488338],[1616941182662,0.054360968984315916],[1616943704800,0.054695729968608935],[1616948061459,0.05473391334329262],[1616951519945,0.054729269231169525],[1616955196743,0.054555725970549425],[1616958477949,0.05412395822742285],[1616962616445,0.053755246575174206],[1616965887732,0.053791332965231926],[1616968832790,0.05407202082065586],[1616973039693,0.05427960381210701]],"total_volumes":[[1616889698013,1017584672.3414593],[1616893684579,1012941400.9547952],[1616897294195,1015716332.0959417],[1616900687425,1003202200.0918233],[1616904029000,997349141.2679098],[1616907978055,1001450623.5649374],[1616911496179,1002590612.3518754],[1616915737014,1004004265.162928],[1616918886851,1015569951.6424513],[1616922261370,1015845915.0981491],[1616925941886,934807978.650032],[1616929324980,912373733.764023],[1616933050873,890045731.8067555],[1616936447131,885697157.2513932],[1616941182662,876558057.8471487],[1616943704800,876766349.5185093],[1616948061459,880421959.5191671],[1616951519945,867119511.0626631],[1616955196743,855838840.3461952],[1616958477949,845660014.665937],[1616962616445,842801798.4955748],[1616965887732,841556572.4344635],[1616968832790,835556478.0358486],[1616973039693,836418741.7214789]]}