{"stats":[[1614038935616,0.0536620746637265],[1614042277404,0.05347311576714531],[1614046108925,0.052409550923541284],[1614049622630,0.050932755331015815],[1614053368165,0.05230367372993671],[1614056961998,0.05134881693813908],[1614060457499,0.05113644403756596],[1614063997579,0.05064507096279795],[1614067751782,0.05080105520028957],[1614071402441,0.04883927526322544],[1614074481148,0.04732109506850911],[1614078509635,0.04612233910533413],[1614082117189,0.04410360106210506],[1614086349551,0.04721210923678987],[1614089313278,0.04668437912746641],[1614092939932,0.045436711615749456],[1614096452494,0.04667159501486946],[1614099668819,0.04620797184536628],[1614103546862,0.04596774161897338],[1614107165420,0.04565089415354467],[1614110428730,0.04433721107851585],[1614114223885,0.04588533052779759],[1614118054928,0.04696366731249318],[1614121270926,0.04701048691211873]],"total_volumes":[[1614038935616,3437880979.563735],[1614042277404,3388473121.99949],[1614046108925,3296349101.780798],[1614049622630,3169356802.3442807],[1614053368165,3193329515.9445276],[1614056961998,3092416753.265896],[1614060457499,3094833410.3345346],[1614063997579,3021707451.5751467],[1614067751782,2995575980.6222005],[1614071402441,2868558434.332007],[1614074481148,2746923715.630518],[1614078509635,2595505955.7143097],[1614082117189,2505146246.435284],[1614086349551,2638158829.9212403],[1614089313278,2607261248.282604],[1614092939932,2393848959.4790783],[1614096452494,2388924949.9171453],[1614099668819,2360487129.8158517],[1614103546862,2327482586.2061844],[1614107165420,2288955087.9168005],[1614110428730,2233101098.555538],[1614114223885,2315257221.3727593],[1614118054928,2361340090.7516594],[1614121270926,2355654500.303488]]}