{"stats":[[1615507289729,0.05594963459004946],[1615511119805,0.05566287735389486],[1615514688713,0.05578336229223946],[1615518430458,0.056088242761616426],[1615521997901,0.05667367998658276],[1615525330378,0.05633570470549507],[1615528979780,0.05663687004216915],[1615532518427,0.05630939073103728],[1615536069199,0.055875596611447226],[1615540032517,0.05575816037941195],[1615543646414,0.05574136250105871],[1615547207676,0.05581769838142244],[1615550651309,0.055707938770558456],[1615554441300,0.055455270761002595],[1615557705494,0.0553050819658586],[1615561282077,0.05475762432863415],[1615565186198,0.0555069298543221],[1615568665271,0.05503097346421558],[1615572500976,0.05492951779960927],[1615575877927,0.05492442682256538],[1615579252839,0.05501239282795885],[1615583147786,0.05507983926680125],[1615586981585,0.05503057835894073],[1615590094444,0.05536370091067778]],"total_volumes":[[1615507289729,1390253342.513301],[1615511119805,1394748434.545543],[1615514688713,1371290240.935399],[1615518430458,1363568988.6954865],[1615521997901,1416841551.2881858],[1615525330378,1421701112.1259851],[1615528979780,1429406530.3518085],[1615532518427,1430507592.1692655],[1615536069199,1425764492.1234453],[1615540032517,1409821767.74219],[1615543646414,1400534724.951974],[1615547207676,1412448023.835849],[1615550651309,1415773417.1710315],[1615554441300,1412207541.936565],[1615557705494,1454123688.4992032],[1615561282077,1408824862.234201],[1615565186198,1396208061.9694006],[1615568665271,1381318537.446373],[1615572500976,1371020153.466706],[1615575877927,1350814378.9184651],[1615579252839,1334808754.1707757],[1615583147786,1338240322.1720552],[1615586981585,1350641243.8523197],[1615590094444,1361215398.8601763]]}