{"stats":[[1612051994339,0.02758457485802758],[1612056999834,0.029143759134113503],[1612058698750,0.029494581533758637],[1612062124410,0.029169170954256207],[1612065703816,0.027903534976453502],[1612069693718,0.027434384193486497],[1612073103227,0.02837097697385929],[1612076629170,0.02941302996878712],[1612080571727,0.02813298918596444],[1612084221769,0.027912187349678257],[1612087577975,0.027716614248953865],[1612091011257,0.02820240261208512],[1612094624349,0.028206208977149816],[1612100291569,0.030174856073869237],[1612101953839,0.028994583392387648],[1612105490343,0.029253932199316855],[1612108825872,0.028250657769142026],[1612112659695,0.02979136947153343],[1612116273930,0.032683868327315097],[1612119795574,0.04433779564999158],[1612123681970,0.04016863557960063],[1612127229490,0.0429112474862034],[1612130517243,0.03904277608326834],[1612134178002,0.037853898402699766]],"total_volumes":[[1612051994339,7223790097.127099],[1612056999834,7377700738.367684],[1612058698750,7426218556.409915],[1612062124410,7241646479.152733],[1612065703816,6642750328.06538],[1612069693718,6093992685.294155],[1612073103227,6026029680.06878],[1612076629170,5990037653.300176],[1612080571727,5672756012.137714],[1612084221769,5513892122.546169],[1612087577975,5253230595.377267],[1612091011257,5069873845.211206],[1612094624349,4950027828.599219],[1612100291569,5294383490.906842],[1612101953839,5138425394.279959],[1612105490343,5115117587.784193],[1612108825872,5017816038.348371],[1612112659695,5006576715.3303585],[1612116273930,5313955803.796749],[1612119795574,7345187525.398352],[1612123681970,7662059197.453588],[1612127229490,8574469577.776031],[1612130517243,8114720553.51726],[1612134178002,7890934597.830592]]}