{"stats":[[1614211286178,0.057061547877248625],[1614216162422,0.05755995778436943],[1614218524353,0.05709058619704744],[1614222088494,0.05679467578188827],[1614225961037,0.05601460442795434],[1614229428325,0.055961908820104156],[1614233230676,0.05708795585744458],[1614236691182,0.05621657544686101],[1614240115974,0.05540559335077249],[1614243614514,0.054925345343007984],[1614247583179,0.054111289961793214],[1614251145078,0.055967718280663],[1614254561751,0.05590171294569456],[1614258287379,0.056260256323302664],[1614261854443,0.05575355868705926],[1614265527276,0.0546045620532259],[1614269257956,0.054467094378792026],[1614272645292,0.05475977747571187],[1614276448647,0.05169556172706321],[1614279825342,0.05227197912094906],[1614283680870,0.052322535296171264],[1614287303204,0.05263543900426318],[1614290868152,0.05153613624148941],[1614294553670,0.051783547293708564]],"total_volumes":[[1614211286178,4399443852.861352],[1614216162422,4494235596.199067],[1614218524353,4491734029.575663],[1614222088494,4468084168.784766],[1614225961037,4418618704.822001],[1614229428325,4392444051.586471],[1614233230676,4434036361.96421],[1614236691182,3974718590.699521],[1614240115974,3821259193.7541137],[1614243614514,3764166169.180079],[1614247583179,3685060584.98491],[1614251145078,3787500748.861564],[1614254561751,3753563975.695384],[1614258287379,3766999620.205444],[1614261854443,3328962515.6518946],[1614265527276,2911406301.13839],[1614269257956,2751044588.3512855],[1614272645292,2686599540.7911987],[1614276448647,2585134055.0590806],[1614279825342,2635506850.3173823],[1614283680870,2620991652.5193315],[1614287303204,2616680959.7583766],[1614290868152,2546675679.1138325],[1614294553670,2532759426.2569933]]}