{"stats":[[1617235661257,0.05435956778147786],[1617239843015,0.054645831672720906],[1617244158830,0.05333087072214442],[1617246170994,0.05335614266410415],[1617250350067,0.05328139768999615],[1617253312926,0.053067317030966954],[1617257103126,0.05484040659355721],[1617260627923,0.05496878524938738],[1617264967484,0.05484050173694682],[1617267735310,0.0547635332950727],[1617271842822,0.054774808929253266],[1617274839167,0.06391368384677903],[1617279251437,0.06724470170447913],[1617283078883,0.06417203962361093],[1617286180346,0.06167985331946613],[1617289941091,0.06032766846786796],[1617293873400,0.05929580523904739],[1617296780534,0.06097046407778784],[1617301090909,0.059085694783282454],[1617304473140,0.059004372388418214],[1617308051034,0.058835672056724395],[1617311577807,0.05974817229613839],[1617315509949,0.05942440384421722],[1617319590058,0.060554853063766935]],"total_volumes":[[1617235661257,1044102928.7400846],[1617239843015,1055710577.495931],[1617244158830,1032046137.5187483],[1617246170994,1034097428.8012193],[1617250350067,1014210672.0928558],[1617253312926,1012906607.7256459],[1617257103126,1053215288.3396896],[1617260627923,1078996329.8265944],[1617264967484,1063087846.1020204],[1617267735310,1037630017.90221],[1617271842822,1043361114.2399347],[1617274839167,1985272279.378347],[1617279251437,3287436809.8466516],[1617283078883,3965934204.7817388],[1617286180346,4168514375.348611],[1617289941091,4550809874.450047],[1617293873400,4669583201.160333],[1617296780534,5031366989.519632],[1617301090909,5090476933.997394],[1617304473140,5266227838.029018],[1617308051034,5332989358.37572],[1617311577807,5601174514.689121],[1617315509949,5644310542.57439],[1617319590058,5812855168.156929]]}