{"stats":[[1610323765444,0.009849344148197915],[1610327311475,0.009635510788505025],[1610331202959,0.009411559521705956],[1610334782344,0.00939825434118838],[1610338482502,0.009164322752567296],[1610341421413,0.008981361563927476],[1610346108274,0.00860412412893624],[1610349290045,0.008242971873417278],[1610352457311,0.008697801523756382],[1610357076965,0.009074102084416386],[1610359940607,0.009334215626739147],[1610363350288,0.009062143852042253],[1610366688345,0.008911705841594826],[1610370890272,0.008910254975940316],[1610374127614,0.00836195966083163],[1610377796132,0.008238342391456566],[1610382419257,0.0069197413665017],[1610386153544,0.007560389463976187],[1610388830516,0.007944381359513263],[1610391658577,0.007933395403392756],[1610396833967,0.007685636562360197],[1610399958188,0.007761670781390131],[1610404062770,0.00817750481830301],[1610406855256,0.008330216415625305]],"total_volumes":[[1610323765444,429355232.85925776],[1610327311475,422699619.013652],[1610331202959,410699506.5426153],[1610334782344,414385328.0460852],[1610338482502,426906895.6280907],[1610341421413,428364091.8307868],[1610346108274,414333326.0833716],[1610349290045,405550826.7344517],[1610352457311,438824280.59497464],[1610357076965,465330699.24126935],[1610359940607,473705655.9734662],[1610363350288,451385892.5704882],[1610366688345,432943321.130893],[1610370890272,432203898.84672093],[1610374127614,420524759.6500174],[1610377796132,435277870.0903966],[1610382419257,392483118.083536],[1610386153544,449604964.835296],[1610388830516,477607246.03578275],[1610391658577,477653069.14845514],[1610396833967,477445317.21332234],[1610399958188,481469576.3411716],[1610404062770,509767611.00240237],[1610406855256,522114357.9636599]]}