{"stats":[[1614557089443,0.04823567257841363],[1614560418865,0.04950019729647124],[1614564536131,0.04882999604240794],[1614567806251,0.04954628005228074],[1614571644753,0.04919052050209937],[1614575121142,0.049304239273850775],[1614578861196,0.04879516226037087],[1614582258656,0.04851955971232277],[1614586124188,0.048175456165412814],[1614589701932,0.04967021806348833],[1614592857626,0.05042060479651441],[1614596780275,0.05037890434218698],[1614600247116,0.05075395966449387],[1614603932490,0.05058437978327231],[1614607468034,0.05033017865778306],[1614610905949,0.049964809532900424],[1614614567510,0.05080519603981875],[1614618425193,0.05003190213297412],[1614621820435,0.04963349923190535],[1614625458498,0.0495172101943493],[1614629093015,0.0501186450962942],[1614632875709,0.05065832312923785],[1614636419767,0.050586505637286186],[1614639996260,0.05086668051738161]],"total_volumes":[[1614557089443,1576893240.5192816],[1614560418865,1615097231.7875423],[1614564536131,1608058441.1076422],[1614567806251,1612330084.909461],[1614571644753,1554781922.7788408],[1614575121142,1510271613.1297512],[1614578861196,1466850326.814038],[1614582258656,1435096564.842871],[1614586124188,1413479520.7955928],[1614589701932,1454586445.8970268],[1614592857626,1508151527.471012],[1614596780275,1524977148.1908917],[1614600247116,1561852578.835804],[1614603932490,1552848186.5012586],[1614607468034,1543762093.073481],[1614610905949,1527536206.0414863],[1614614567510,1540344820.6142058],[1614618425193,1496292454.9459972],[1614621820435,1472008483.834343],[1614625458498,1435213400.4543562],[1614629093015,1469419751.897589],[1614632875709,1636340214.1530142],[1614636419767,1646524679.6419141],[1614639996260,1659758517.4133775]]}