{"stats":[[1616199884700,0.058539599773571864],[1616203198662,0.058842844255321144],[1616207126455,0.058946499119011016],[1616209360322,0.058903094533033044],[1616213226527,0.05876132891112584],[1616218190849,0.05882987720688241],[1616221988164,0.05906162005946843],[1616225140517,0.06057947475168197],[1616228295659,0.05966695243645141],[1616232437314,0.05947978086192103],[1616236121953,0.0599378596105575],[1616239694138,0.059647425675934354],[1616243164153,0.05967927813501575],[1616247261994,0.06000116438100644],[1616250925474,0.05961717022264382],[1616254520107,0.059546963730264225],[1616258137702,0.05945250698845177],[1616261787511,0.05958858133361763],[1616263866268,0.05966650035251067],[1616267021791,0.05970294675690388],[1616271360415,0.05949171634785196],[1616274092983,0.05937794841108908],[1616279177428,0.06012716648844663],[1616283028879,0.05959655650701486]],"total_volumes":[[1616199884700,1080140048.5055454],[1616203198662,1058813280.5015485],[1616207126455,1057854105.6561089],[1616209360322,1051401397.8204179],[1616213226527,1042820755.9268943],[1616218190849,1037649669.3354836],[1616221988164,1031211759.4511209],[1616225140517,1149758214.8019462],[1616228295659,1202770762.3490996],[1616232437314,1076129091.707929],[1616236121953,1043636019.4320631],[1616239694138,1046537895.2359223],[1616243164153,1019936208.6395389],[1616247261994,1019777934.3591529],[1616250925474,1042092074.23213],[1616254520107,1044675759.7772101],[1616258137702,1051152973.6677554],[1616261787511,1058761542.7631017],[1616263866268,1062937236.0193843],[1616267021791,1059085627.1132976],[1616271360415,1053066261.2655593],[1616274092983,1055228140.0771198],[1616279177428,1090189018.9702106],[1616283028879,1125570274.5895119]]}