{"stats":[[1612224220791,0.03458624009599537],[1612228509519,0.030493648585242387],[1612231471791,0.03272250573494831],[1612235211971,0.031765613312264074],[1612238993977,0.03263672400519214],[1612242688236,0.03279948105059439],[1612245811335,0.03348427597432302],[1612249426917,0.03427535598221601],[1612253048558,0.03351019312031583],[1612256550139,0.03299726555765538],[1612260497184,0.032989639088717174],[1612264123529,0.033602100602940575],[1612267297476,0.03307709090397087],[1612271088909,0.033102401865735286],[1612274855612,0.03278647288070291],[1612278211640,0.031541493857021534],[1612281984085,0.030746445268372852],[1612285508169,0.0313488717173926],[1612289488164,0.031187067757163164],[1612292649050,0.030833994400747033],[1612296415917,0.03128770473085673],[1612299854705,0.030999311724169663],[1612303924027,0.030734530803458948],[1612307494857,0.032205636171577554]],"total_volumes":[[1612224220791,4656523408.6088085],[1612228509519,4309449508.067646],[1612231471791,4692505539.949057],[1612235211971,4527602538.947292],[1612238993977,4530071919.382511],[1612242688236,4361528393.815388],[1612245811335,4291939601.833923],[1612249426917,4163428089.9658723],[1612253048558,4000920745.662438],[1612256550139,3930231050.6353135],[1612260497184,3874122533.118143],[1612264123529,3811819874.4954123],[1612267297476,3668737057.83951],[1612271088909,3545246840.834263],[1612274855612,3188231771.293463],[1612278211640,3030626957.3339906],[1612281984085,2954904073.853413],[1612285508169,2972665994.126229],[1612289488164,2853749562.617868],[1612292649050,2687515169.6480026],[1612296415917,2638726668.2332315],[1612299854705,2571570351.2545633],[1612303924027,2494999483.3115854],[1612307494857,2511110981.865363]]}