{"stats":[[1610842839566,0.00909044364096874],[1610845653875,0.009325978837637399],[1610849319978,0.009369603729879234],[1610852776869,0.00927314818273249],[1610856294114,0.009254857667827368],[1610860379687,0.009190650019717918],[1610863862379,0.009043165156491638],[1610867875531,0.009058277681882138],[1610871285970,0.008943121979895332],[1610874743017,0.00897382352120128],[1610878483256,0.008890751819829732],[1610882407628,0.00904159971778917],[1610886125071,0.009125956182637517],[1610889179008,0.009039316046146705],[1610892729377,0.009012207604616016],[1610895679259,0.00908466803984317],[1610899784357,0.009156326770013677],[1610903926654,0.009084429791252588],[1610907591196,0.009169416515522362],[1610911072355,0.009200371659033667],[1610913969594,0.009106104365538633],[1610917615889,0.00913846465422457],[1610921264922,0.009270327946824856],[1610925391005,0.00914570256552106]],"total_volumes":[[1610842839566,350226880.968086],[1610845653875,363911923.3820566],[1610849319978,360986510.19674575],[1610852776869,355194966.7487207],[1610856294114,350863528.4434249],[1610860379687,347099637.4913158],[1610863862379,344146978.874936],[1610867875531,350330814.3190971],[1610871285970,350910530.23303336],[1610874743017,359142037.25816464],[1610878483256,357885501.90888953],[1610882407628,365257659.51137304],[1610886125071,367689463.0368294],[1610889179008,357055171.0342398],[1610892729377,349286732.09089756],[1610895679259,351675011.534892],[1610899784357,352281843.9497941],[1610903926654,346722383.7567789],[1610907591196,346541419.9123739],[1610911072355,336766215.6759983],[1610913969594,329841900.56411314],[1610917615889,329437012.821376],[1610921264922,337115213.943352],[1610925391005,331846314.80885744]]}