{"stats":[[1611275003625,0.008060264761771074],[1611277844808,0.007831850588419231],[1611281981311,0.007923966139569222],[1611285696559,0.008090410416160229],[1611289179809,0.008327650879659783],[1611293182191,0.00830499784567736],[1611295502644,0.008454800223437841],[1611299244185,0.008419136203769526],[1611302593139,0.00812074543837486],[1611306301968,0.008371238518408404],[1611310097827,0.008357810055779194],[1611314687475,0.008438194932793377],[1611317864932,0.008431201699470876],[1611321444873,0.0084903782891535],[1611325078384,0.008604504322722901],[1611327778360,0.008680667375369789],[1611332644616,0.00851420948893726],[1611335396567,0.008659024278199944],[1611338936149,0.008597704870587098],[1611343378512,0.00865391691206192],[1611345877876,0.008598953958591279],[1611350498607,0.008567822465994978],[1611353846385,0.008629698884869438],[1611356668688,0.008503302629986125]],"total_volumes":[[1611275003625,294879245.67258257],[1611277844808,294852673.9210812],[1611281981311,312233424.7194086],[1611285696559,321985793.9837507],[1611289179809,331754199.2721923],[1611293182191,334796617.1713839],[1611295502644,343127155.57805383],[1611299244185,342967350.90676653],[1611302593139,332654137.74981457],[1611306301968,343081413.2448835],[1611310097827,332705929.4061345],[1611314687475,328457383.1579014],[1611317864932,323195913.4767609],[1611321444873,318437340.0709932],[1611325078384,320325735.7164243],[1611327778360,322074415.76476043],[1611332644616,310464339.167287],[1611335396567,311838552.169488],[1611338936149,305937821.6291706],[1611343378512,307771533.76201725],[1611345877876,309412042.8973377],[1611350498607,306956387.05899787],[1611353846385,307786384.14842755],[1611356668688,296193481.10173005]]}