{"stats":[[1618185953493,0.07434569544845418],[1618189432658,0.07397463717904106],[1618193042739,0.07322791736233368],[1618196679685,0.07249781877170727],[1618200042764,0.07325068812487755],[1618203696736,0.07231517544124058],[1618207328498,0.07198569665328777],[1618211166123,0.07139293678616168],[1618214942719,0.07308647345841078],[1618218410705,0.07303812519704073],[1618221735981,0.0709349249114132],[1618225255047,0.06947224162544952],[1618229092729,0.0709339884265043],[1618232755734,0.07187760368846183],[1618236102837,0.0706185520565317],[1618239628908,0.07071252504306962],[1618243344980,0.07006396368372275],[1618246925681,0.07029563644636719],[1618250983027,0.07115643338980891],[1618254136672,0.07135950640405166],[1618257633576,0.07107994465485142],[1618261481401,0.07054282487258949],[1618264874326,0.07113717406614926],[1618268583251,0.07162422240520096]],"total_volumes":[[1618185953493,6587700970.207003],[1618189432658,6586733330.239649],[1618193042739,6314690091.004774],[1618196679685,6188560790.400994],[1618200042764,6230573034.422217],[1618203696736,6158261627.000158],[1618207328498,6130248977.459794],[1618211166123,6022057283.400715],[1618214942719,6147278112.859445],[1618218410705,6144547073.298028],[1618221735981,5800925122.086908],[1618225255047,5398196160.550587],[1618229092729,4754950629.312528],[1618232755734,4388000390.015418],[1618236102837,4108364464.255258],[1618239628908,3922673610.42565],[1618243344980,3799981721.3652062],[1618246925681,3713298775.2896576],[1618250983027,3471668513.430407],[1618254136672,3421013877.525827],[1618257633576,3353429204.945066],[1618261481401,3282885288.141556],[1618264874326,3155938894.0234337],[1618268583251,3018543249.4281225]]}