{"stats":[[1610928359587,0.009076222270058013],[1610931754044,0.009091889496623944],[1610935768549,0.009124411572185505],[1610940117950,0.009054807605406551],[1610943664143,0.00908032270602414],[1610947001454,0.009000822189656954],[1610950851459,0.0090521645454588],[1610953424328,0.00904776887806519],[1610957243980,0.009147656453749277],[1610960878812,0.009159049172816177],[1610964683497,0.009212785442333907],[1610968081915,0.009142164284521862],[1610972328716,0.009281403382616188],[1610975072760,0.009167742894704314],[1610979174525,0.009199843653659964],[1610982539215,0.009128360519157178],[1610986633222,0.009154484125033238],[1610990713662,0.009106833864967337],[1610993470519,0.009090451712638876],[1610996847905,0.009132210245150657],[1611000150461,0.0091900726353614],[1611003652264,0.009161550654462553],[1611007910609,0.009154241150151662],[1611011775033,0.009172155729864977]],"total_volumes":[[1610928359587,333291559.8399539],[1610931754044,334089345.1914299],[1610935768549,339360616.39202607],[1610940117950,336184310.9761582],[1610943664143,341619535.2160344],[1610947001454,339082065.55989593],[1610950851459,332920752.1330763],[1610953424328,332146115.8563823],[1610957243980,328878222.3653912],[1610960878812,320331495.18023676],[1610964683497,321217392.8419701],[1610968081915,315700423.9517873],[1610972328716,321493000.5777272],[1610975072760,321722552.3242019],[1610979174525,320843972.45028466],[1610982539215,319678037.0014637],[1610986633222,315248009.4636745],[1610990713662,308356816.1514319],[1610993470519,305282026.18575794],[1610996847905,306490261.4893139],[1611000150461,310043920.0126763],[1611003652264,307352519.02215],[1611007910609,298590163.79050696],[1611011775033,292409327.4790487]]}