{"stats":[[1609545858841,0.005612367510910732],[1609551504818,0.005620075960450194],[1609554284569,0.005743339257366281],[1609557538910,0.006542454241811012],[1609561065458,0.006760313750435196],[1609565191353,0.0073833186172483556],[1609568202045,0.007129551008866432],[1609570876598,0.006834824485144875],[1609575401733,0.0070969643565576895],[1609578439096,0.0067820178594721016],[1609582947284,0.00687145837096402],[1609586886468,0.0073241779081135265],[1609590532538,0.007096979131878251],[1609592950499,0.006953504932770334],[1609597889786,0.0073781560769330895],[1609600154991,0.0076556579487212974],[1609603431800,0.008921897622035138],[1609608722156,0.009210271586801549],[1609611690816,0.00995822883890651],[1609614436359,0.011520569159483383],[1609618362027,0.011718368261034938],[1609622788058,0.010483906866839263],[1609626737082,0.011249598262210685],[1609629852184,0.010702318784498623]],"total_volumes":[[1609545858841,250098836.04479197],[1609551504818,285220527.6615092],[1609554284569,299193392.52796966],[1609557538910,392769612.8605341],[1609561065458,473128030.9984306],[1609565191353,663305195.1893852],[1609568202045,693414400.0523286],[1609570876598,714015048.4525886],[1609575401733,809786937.275944],[1609578439096,807298892.6463836],[1609582947284,847414600.5504813],[1609586886468,931830993.4684612],[1609590532538,938878754.9311782],[1609592950499,952409022.0077455],[1609597889786,1052193465.7226661],[1609600154991,1124750558.7663646],[1609603431800,1456201613.839526],[1609608722156,1698777441.0658855],[1609611690816,1938191561.8767664],[1609614436359,2406472000.0931425],[1609618362027,2822029058.330626],[1609622788058,2747965863.879283],[1609626737082,3100289375.335219],[1609629852184,3093024013.6420946]]}