{"stats":[[1611447209224,0.008465869303865472],[1611452258904,0.008580841996933966],[1611454403608,0.008552161073616081],[1611457616633,0.008580619887964365],[1611461376205,0.008679737814219199],[1611464506869,0.008678777616065518],[1611468736420,0.008687867584455177],[1611472579660,0.008588025703410634],[1611475742215,0.008650786925392397],[1611478935379,0.008617387678059757],[1611482602478,0.00863527157216689],[1611486693649,0.008753293234449433],[1611490726969,0.008786871281799315],[1611493995730,0.008637484890531899],[1611498122405,0.008692307478617886],[1611500781334,0.008739691753208038],[1611505482471,0.008662796905890164],[1611507875467,0.00867053918341104],[1611512668051,0.008756776075797671],[1611516706411,0.008530704843789419],[1611520033270,0.008598563825691066],[1611522313887,0.008656182483450202],[1611526452975,0.008653008110294125],[1611530780871,0.008711100777014192]],"total_volumes":[[1611447209224,260456081.36374703],[1611452258904,263099128.76210234],[1611454403608,260233608.93405867],[1611457616633,259907637.56112453],[1611461376205,260982283.33428514],[1611464506869,260646471.047158],[1611468736420,260871626.4396802],[1611472579660,255622141.6364173],[1611475742215,257853656.63180548],[1611478935379,255806657.0431995],[1611482602478,249481796.16579875],[1611486693649,247114822.22371402],[1611490726969,251562161.13866585],[1611493995730,250084338.79937744],[1611498122405,246987955.16492736],[1611500781334,247201618.94394267],[1611505482471,250214986.69299787],[1611507875467,252477379.28930715],[1611512668051,256038160.58976108],[1611516706411,248963679.60031667],[1611520033270,255912213.89161366],[1611522313887,256678617.28499073],[1611526452975,254434781.28145128],[1611530780871,255590739.04696634]]}