{"stats":[[1618445343416,0.12100502068086942],[1618448618372,0.130608407108695],[1618452457230,0.12743577218898958],[1618455709513,0.12871108392231645],[1618459315836,0.1292101313900317],[1618462933747,0.1404921682025602],[1618466444130,0.13816211180595098],[1618470091113,0.13462396742666866],[1618473760309,0.13732447684903654],[1618478110115,0.13126521017720666],[1618481148192,0.13158418864375224],[1618484424809,0.12748380828255731],[1618488421131,0.12829831573546524],[1618491835052,0.13085880172915296],[1618495418094,0.1332104380538192],[1618499095410,0.1320989230264412],[1618503166767,0.1337502739952295],[1618506542228,0.13763426570368972],[1618510070324,0.13888935368899802],[1618513546931,0.1493550540742125],[1618516988177,0.16994978599753094],[1618521050518,0.1814947010917246],[1618524469207,0.18087630111108796],[1618527833417,0.17624522099366613]],"total_volumes":[[1618445343416,19698448103.78907],[1618448618372,20238891878.49654],[1618452457230,18835682345.679707],[1618455709513,17643034454.83146],[1618459315836,17247340615.814236],[1618462933747,18802851635.36331],[1618466444130,19128511354.239594],[1618470091113,16696903974.547693],[1618473760309,16300886028.20291],[1618478110115,14945705650.769434],[1618481148192,14610119354.00314],[1618484424809,13726461553.849724],[1618488421131,13368454734.14179],[1618491835052,12691051644.744064],[1618495418094,12351833115.653532],[1618499095410,11728825139.441269],[1618503166767,11023078329.237986],[1618506542228,11229279021.28995],[1618510070324,11250333614.38473],[1618513546931,12235596533.051228],[1618516988177,14450387280.421124],[1618521050518,16875974150.242],[1618524469207,17129631042.029902],[1618527833417,16742215665.085804]]}