{"stats":[[1616457936098,0.05503115681278571],[1616461890394,0.05574101270067836],[1616465395816,0.056093894093828346],[1616469351766,0.055344685738238274],[1616472563350,0.05529690441396145],[1616476466595,0.0551809383001926],[1616481351327,0.054476974376280976],[1616484826200,0.05386224729637661],[1616487351242,0.05430921626116384],[1616491982106,0.05480963640992129],[1616495189476,0.0546096057667245],[1616497230056,0.05482908877489365],[1616501783514,0.05479770642302758],[1616506371083,0.05550536494404002],[1616508116281,0.055297554980847714],[1616512349726,0.05547914390289474],[1616517208159,0.055160960858764894],[1616519295566,0.05496228615950241],[1616523946573,0.05469658996687527],[1616528089663,0.05403479722628981],[1616529944070,0.05435361991342868],[1616534323128,0.05375493855538019],[1616537532730,0.053976798675719084],[1616540481362,0.05405139951819247]],"total_volumes":[[1616457936098,888069755.8843118],[1616461890394,908980269.5049205],[1616465395816,929668979.0295203],[1616469351766,919112003.2559432],[1616472563350,921942443.7049881],[1616476466595,914920915.2232304],[1616481351327,952788262.6560917],[1616484826200,994781849.9278078],[1616487351242,1026090290.3878521],[1616491982106,1045837036.0600816],[1616495189476,1041153539.4996183],[1616497230056,1045130772.3809729],[1616501783514,1043483858.9046644],[1616506371083,1062316518.539893],[1616508116281,1051822593.0679142],[1616512349726,1064368798.0986437],[1616517208159,1068358667.5526319],[1616519295566,1069515287.838709],[1616523946573,1063723505.0935082],[1616528089663,1041452459.8696978],[1616529944070,1037344664.6522875],[1616534323128,995317981.4080633],[1616537532730,1001281904.6849322],[1616540481362,1004236600.868078]]}