{"stats":[[1616976090633,55856.53765470235],[1616980673292,55136.437332020636],[1616984209069,55247.495614291875],[1616987612376,55398.759376738904],[1616990873356,55407.01411957773],[1616994720043,55233.35736928756],[1616997853633,55164.75983216374],[1617002332847,55715.51143313405],[1617005161174,55989.14928701649],[1617008584190,57301.76721685812],[1617012514706,58037.245130591735],[1617016039392,57991.42014152597],[1617020008464,58179.65000175754],[1617023435434,58081.957919551634],[1617027039238,57956.87897488283],[1617030448415,58074.20987195947],[1617034003237,57791.993225382816],[1617038408185,57830.87651694959],[1617040952521,57899.87522063223],[1617045073768,57731.49209394746],[1617049013636,57536.058725753304],[1617052693432,57425.71573238437],[1617055605633,57566.52153875996],[1617058954552,57695.0105528855]],"total_volumes":[[1616976090633,49971308993.12914],[1616980673292,48600804189.40788],[1616984209069,48230057200.71871],[1616987612376,48091919434.19909],[1616990873356,47747239540.828636],[1616994720043,47944561055.81619],[1616997853633,48145598035.97439],[1617002332847,48804502711.689026],[1617005161174,49380800866.55208],[1617008584190,52069213774.55867],[1617012514706,54105609181.964294],[1617016039392,54815625766.53542],[1617020008464,55310132347.29762],[1617023435434,54339771038.50802],[1617027039238,55315641727.635994],[1617030448415,55413406475.021736],[1617034003237,56757959536.78625],[1617038408185,57503267268.68102],[1617040952521,57201383626.565704],[1617045073768,56531339248.69121],[1617049013636,57124381201.053665],[1617052693432,57400972577.684296],[1617055605633,56559283098.19798],[1617058954552,56754311417.53593]]}