{"stats":[[1613607194415,52354.33106806803],[1613611985108,52228.26803271614],[1613614045259,52183.506133621464],[1613617594403,52323.19102271347],[1613621370337,51905.70841194988],[1613625439029,52163.214648583176],[1613628154945,52145.038800077054],[1613632086763,51909.079549463866],[1613635477933,51992.40196948642],[1613639100452,51904.70068004216],[1613642943565,51820.288855346684],[1613646098361,51665.4776656716],[1613649818860,51391.90391143333],[1613653335817,51531.63956470861],[1613657544475,51886.5132956805],[1613660664863,52141.260866132485],[1613664406645,51586.017410455745],[1613668606868,51950.89679140388],[1613671335866,51864.88540055738],[1613675115642,51914.92200440512],[1613678847350,51857.88552848],[1613682091940,51985.39766367797],[1613685877515,52107.07594995904],[1613689320460,51834.34543644542]],"total_volumes":[[1613607194415,68786353185.79692],[1613611985108,69176435890.4991],[1613614045259,69769025485.31673],[1613617594403,68836749233.81924],[1613621370337,67799044961.49984],[1613625439029,67036809840.60901],[1613628154945,67313121242.14567],[1613632086763,64535132470.13003],[1613635477933,63890354953.28551],[1613639100452,63105412957.85933],[1613642943565,62743478613.73212],[1613646098361,61596514345.0584],[1613649818860,61699930681.370705],[1613653335817,61429886433.946526],[1613657544475,60819341642.09731],[1613660664863,61892862452.02619],[1613664406645,61475549307.1477],[1613668606868,61272109071.057724],[1613671335866,61184818225.48335],[1613675115642,60964888996.28386],[1613678847350,59614917627.01254],[1613682091940,59451059437.47384],[1613685877515,59261150523.07854],[1613689320460,58703533469.41601]]}