{"stats":[[1615421095649,56020.4877195857],[1615424680646,55760.89448689877],[1615428373051,55859.801739480245],[1615432476527,56376.580609020144],[1615435404168,55954.50683967058],[1615439228947,55812.34671049414],[1615442990164,55242.40633907952],[1615446210487,55585.92771594528],[1615450496231,54681.952272811905],[1615453886114,54797.77878525888],[1615457046426,54681.88185802314],[1615460942386,55822.12261138012],[1615464381535,56461.863673248154],[1615469553482,56889.67906403037],[1615472196052,57282.35018438994],[1615475230158,56854.864423099076],[1615478507405,56340.702778422674],[1615482262048,56780.38965381692],[1615485936365,56920.60636533779],[1615489469411,57626.959777063465],[1615493229355,57073.36303667102],[1615496689791,57648.646501143616],[1615500590281,57679.12359592459],[1615504294730,58068.6305051581]],"total_volumes":[[1615421095649,63560545036.79726],[1615424680646,62373950538.87534],[1615428373051,61973584817.429405],[1615432476527,60441155718.79699],[1615435404168,59873324730.6106],[1615439228947,59534155172.78656],[1615442990164,59011766206.38099],[1615446210487,59785303162.97147],[1615450496231,59261417779.393105],[1615453886114,60715646682.67264],[1615457046426,60280917724.348854],[1615460942386,61921501659.9404],[1615464381535,63197525684.07903],[1615469553482,64195623781.57074],[1615472196052,64027862641.51515],[1615475230158,64216287131.21584],[1615478507405,64400610332.05858],[1615482262048,63861547602.35098],[1615485936365,63170133194.299324],[1615489469411,64863180805.55349],[1615493229355,64049864735.53532],[1615496689791,64170098707.85679],[1615500590281,64183400331.496735],[1615504294730,64776449488.85629]]}