{"stats":[[1609891675888,34041.99911333684],[1609896289677,34031.19068172059],[1609899560592,34135.068516298794],[1609902596006,33969.750263039896],[1609906483769,34278.72548484623],[1609910298275,35324.129280044595],[1609914838193,35319.492249247],[1609917700438,35132.45108420778],[1609920753939,35073.55197593114],[1609924338603,34619.162765093606],[1609927977041,34362.48695406658],[1609932030392,35117.851049026925],[1609935588328,34938.34373746228],[1609938816358,35010.074004333386],[1609942146422,34616.7732091352],[1609946041924,34474.03590688746],[1609949986290,34989.968351545365],[1609953070716,34876.0458265688],[1609956729847,35274.320036444384],[1609961035850,35628.14026857606],[1609963942148,34587.24437875112],[1609967182346,36127.16699815333],[1609970601713,35911.688041881156],[1609975064398,36431.03531171999]],"total_volumes":[[1609891675888,67332784512.48156],[1609896289677,66700140791.25968],[1609899560592,66456601970.16374],[1609902596006,65739543153.97067],[1609906483769,56998105216.264465],[1609910298275,68135543590.061516],[1609914838193,66401894578.26765],[1609917700438,65197507595.0875],[1609920753939,65666140968.63576],[1609924338603,65038868380.93532],[1609927977041,65364356324.80785],[1609932030392,65558204341.12347],[1609935588328,60174498931.73004],[1609938816358,67665351307.33876],[1609942146422,67610949318.23333],[1609946041924,67126542007.611664],[1609949986290,66922093333.15699],[1609953070716,66184266417.40261],[1609956729847,67193006496.85483],[1609961035850,66838924153.88687],[1609963942148,58103181197.05356],[1609967182346,68433312074.410324],[1609970601713,69371602405.98462],[1609975064398,69455692000.07451]]}