{"stats":[[1612310862359,35477.931896359456],[1612314334056,36073.41392945382],[1612317707456,35847.66753407971],[1612321658972,35911.602717560265],[1612325357285,36518.425137138816],[1612328789638,36600.2533679896],[1612332622440,36461.580644883696],[1612335818762,36568.56878937926],[1612339477746,36299.97851402859],[1612343539938,35769.31630776556],[1612346692518,35853.531978205385],[1612350685227,35977.783520229204],[1612354396827,35820.126120270674],[1612357645075,36172.37888525561],[1612360963654,36521.95189964542],[1612364687845,36520.65824199332],[1612368249031,36791.05452167497],[1612371757227,37010.13765680364],[1612376011552,37031.13699955319],[1612379366139,37034.335975184054],[1612383141830,36708.82112515966],[1612386706861,37036.271097162775],[1612390180167,37266.37798793092],[1612393410177,37262.98829220119]],"total_volumes":[[1612310862359,50615213404.065346],[1612314334056,50999466989.99934],[1612317707456,50870873945.33158],[1612321658972,50895557253.831024],[1612325357285,51704033967.3231],[1612328789638,52378766434.160065],[1612332622440,51220981613.92788],[1612335818762,51821963688.40586],[1612339477746,50980514448.993904],[1612343539938,49705240378.17736],[1612346692518,48671318202.362755],[1612350685227,48316562702.62449],[1612354396827,47570028039.39733],[1612357645075,47565741103.613174],[1612360963654,49195403366.469696],[1612364687845,48949069042.77734],[1612368249031,48612130326.524345],[1612371757227,49629706895.454],[1612376011552,49878453135.640045],[1612379366139,50304725255.17272],[1612383141830,48947872165.715034],[1612386706861,48735138952.3925],[1612390180167,48180302426.104836],[1612393410177,49118980695.45229]]}