{"stats":[[1614989231730,49051.33513533033],[1614992490837,48875.62052757698],[1614996621879,48757.50899919272],[1614999810997,48762.686948220435],[1615003721658,48705.29938219733],[1615007201901,48581.518267994834],[1615010641267,48643.09837592025],[1615014400610,49021.511059149205],[1615018059987,48992.492695565874],[1615021493431,48812.67977716656],[1615024869089,48487.09607073645],[1615028607032,48199.66276571778],[1615032902951,48221.45997138314],[1615035729426,47766.14959548281],[1615039791321,47412.59476538096],[1615043475347,47753.15725627551],[1615046691337,47747.9153658155],[1615050114326,47947.39351014947],[1615054081866,48445.546569483675],[1615057640223,48649.58119027573],[1615060915482,48484.82330550623],[1615064729766,48549.10170087868],[1615068354414,48720.51485853744],[1615072431822,49110.27367439589]],"total_volumes":[[1614989231730,56298115711.31334],[1614992490837,54004390312.5028],[1614996621879,51868160787.96813],[1614999810997,51242765051.50681],[1615003721658,50147166937.09909],[1615007201901,49975183607.27196],[1615010641267,50270882925.342995],[1615014400610,50727265861.71627],[1615018059987,50456155546.124],[1615021493431,49463320382.32395],[1615024869089,48843341415.31171],[1615028607032,48358777552.67889],[1615032902951,48195248823.42645],[1615035729426,47705837367.13621],[1615039791321,46783961230.51078],[1615043475347,45452394105.26566],[1615046691337,41581374839.69405],[1615050114326,43482620087.06788],[1615054081866,42646177727.9045],[1615057640223,42256650330.232346],[1615060915482,41534715551.91414],[1615064729766,41481430534.78657],[1615068354414,41611649185.313255],[1615072431822,41716860957.8603]]}