{"stats":[[1609805902914,31589.727310244696],[1609808715227,31472.55869830039],[1609812264782,31601.786692324586],[1609816355590,32374.706700754905],[1609819579090,31451.215184244084],[1609823666570,31341.982583603054],[1609826924917,30473.026650165037],[1609831875659,30985.494046512675],[1609834285894,31007.105061601753],[1609837386724,31205.809034612634],[1609841226402,31555.399010791763],[1609845432665,31503.183084522312],[1609848566518,31665.091433456546],[1609852591415,31750.293831749597],[1609856182708,31310.21967905705],[1609860008104,32274.57160883173],[1609863249283,31963.972014042436],[1609866324898,32540.743151710045],[1609870086118,32913.03157517276],[1609874344141,33475.68818317434],[1609877095106,33872.11468989547],[1609880713411,33960.98358823798],[1609884238525,33830.62837701151],[1609887905455,34353.95313019863]],"total_volumes":[[1609805902914,74884874333.96552],[1609808715227,132318875438.19504],[1609812264782,90503749156.72244],[1609816355590,130434225638.9663],[1609819579090,124488091405.9861],[1609823666570,86703174029.09366],[1609826924917,86135741165.57005],[1609831875659,77484642973.72679],[1609834285894,78391936044.44987],[1609837386724,75798458050.61751],[1609841226402,409771446824.42444],[1609845432665,65377818875.87133],[1609848566518,64112659584.893684],[1609852591415,100822645574.29227],[1609856182708,59639461311.22078],[1609860008104,57974663701.48653],[1609863249283,61918596863.6554],[1609866324898,59926564743.88141],[1609870086118,60033407074.249916],[1609874344141,56515424390.99373],[1609877095106,58730431425.96866],[1609880713411,65371168583.499596],[1609884238525,66062714534.379166],[1609887905455,67464949367.729706]]}