{"stats":[[1618358689100,63576.676041048275],[1618362505991,63334.40588164744],[1618365705070,63449.585349768306],[1618369626007,63178.856542508394],[1618372969554,63721.49339192109],[1618376817135,64158.54880023529],[1618380088829,64378.60148402156],[1618383752884,64594.9938985327],[1618387831335,64445.541033586225],[1618391271597,64071.599782174315],[1618394976401,63877.83521907724],[1618398621536,64155.38462492383],[1618402150234,64495.51679282642],[1618405834965,64418.566179872054],[1618409010413,63621.32220454317],[1618412646629,63085.16440618572],[1618416160904,62963.650973380274],[1618419921551,63511.26398577948],[1618423674308,62563.211836785005],[1618427006676,62179.80898790308],[1618430867816,62020.81382429886],[1618434580169,62700.909613902644],[1618437668942,62697.99293559072],[1618441562269,62945.15635224032]],"total_volumes":[[1618358689100,71993120011.18321],[1618362505991,72257164662.62181],[1618365705070,73172631659.2377],[1618369626007,72705516745.47458],[1618372969554,73966734143.24466],[1618376817135,75492778839.8771],[1618380088829,78135732383.81581],[1618383752884,76939326138.60773],[1618387831335,76529627671.5646],[1618391271597,72285682615.10408],[1618394976401,73988767041.60843],[1618398621536,72901047120.25569],[1618402150234,73179226111.33482],[1618405834965,74526976149.98022],[1618409010413,73019479947.47583],[1618412646629,75096685874.57219],[1618416160904,75878522230.56378],[1618419921551,75370036642.9178],[1618423674308,75377834680.3689],[1618427006676,76602826380.70613],[1618430867816,77903727447.54622],[1618434580169,80215605051.59741],[1618437668942,79285038344.0637],[1618441562269,79924635343.73026]]}