{"stats":[[1610496177511,33938.33587810088],[1610500008514,32622.721062963326],[1610504284913,33447.74361589957],[1610507806701,33901.60861348861],[1610511942183,33628.450557275006],[1610514870703,33497.6606650216],[1610517723363,32978.255473358804],[1610522422454,33937.619388544896],[1610526355223,34675.211192705276],[1610529447751,34835.410300542426],[1610533661213,34957.83087390021],[1610536711469,34646.12927505876],[1610540746483,34266.389558746254],[1610543281527,34198.97327275766],[1610548383478,34912.94224002327],[1610550554451,34312.28476418733],[1610555604527,34595.81256336719],[1610558892018,34761.622734384786],[1610561207192,34871.05692754192],[1610565542317,35958.72514537957],[1610568204311,36090.83815267102],[1610572897867,36340.395095792206],[1610576182567,37532.98190202379],[1610580218032,37485.357218425386]],"total_volumes":[[1610496177511,68954134557.3671],[1610500008514,65627729933.9088],[1610504284913,67524492871.14538],[1610507806701,68664588918.61627],[1610511942183,69639775880.51685],[1610514870703,69214673147.85211],[1610517723363,68093048812.40925],[1610522422454,68814459348.47386],[1610526355223,66953209776.29964],[1610529447751,67059417071.43342],[1610533661213,71166695194.56801],[1610536711469,69868053375.15031],[1610540746483,69433361684.58673],[1610543281527,68799950984.75449],[1610548383478,67307665844.10338],[1610550554451,64778913222.352486],[1610555604527,60417897985.77854],[1610558892018,59172891777.91789],[1610561207192,59050797917.30663],[1610565542317,62140690811.697426],[1610568204311,62598804342.138275],[1610572897867,62931769814.24442],[1610576182567,66116276096.04289],[1610580218032,65887394817.6236]]}