{"stats":[[1615680260839,61199.55658901807],[1615683628338,61326.079083219214],[1615687299096,61223.72402261049],[1615690915238,61042.42369486592],[1615694625648,61339.67374704608],[1615698300422,61255.7324237413],[1615701673193,61063.99589586749],[1615705265674,61037.8521432208],[1615708931347,60647.10897637241],[1615712510410,60740.918301944606],[1615716189205,61039.70494831173],[1615719804272,60376.25378544397],[1615723407005,60258.93284698266],[1615726882117,60459.05192262697],[1615730647326,59969.58879888484],[1615734370515,60060.95234158716],[1615737955740,59618.13407057754],[1615741290536,59627.55833353179],[1615744838636,59895.3548754664],[1615748648066,60237.92851996509],[1615752244071,59943.76454666465],[1615755616959,60318.88660479486],[1615759274177,60081.24363525743],[1615762860625,60268.170294709016]],"total_volumes":[[1615680260839,63816753924.77825],[1615683628338,66521344130.8744],[1615687299096,67147476793.931],[1615690915238,66855220889.757416],[1615694625648,67053722732.88853],[1615698300422,66287041602.45906],[1615701673193,67043866881.22477],[1615705265674,67304436501.383415],[1615708931347,66430879494.552986],[1615712510410,63117500416.13352],[1615716189205,65617566236.17864],[1615719804272,59836096992.58146],[1615723407005,58066627813.732445],[1615726882117,56129732617.2631],[1615730647326,54859874066.66665],[1615734370515,54304520127.16307],[1615737955740,53918575381.93474],[1615741290536,53413823453.3841],[1615744838636,52986193293.534676],[1615748648066,52751361510.8584],[1615752244071,49551313584.22919],[1615755616959,49980146962.57776],[1615759274177,48715802252.79685],[1615762860625,48439265007.42776]]}