{"stats":[[1610324056913,37897.21279327497],[1610327701818,37683.029110260475],[1610330912868,37339.145575107745],[1610334766676,36393.36311056496],[1610338641749,35617.14208246836],[1610342280250,35867.64414824275],[1610344991073,34822.7965039197],[1610348727696,32850.98527004887],[1610353027010,35431.26274891834],[1610357331624,35510.31982290186],[1610359880446,36479.63920300181],[1610364228668,34691.06835558603],[1610367186981,33582.8579103762],[1610371086898,34444.95997830732],[1610375264510,32778.87046268143],[1610377777641,33541.289613252375],[1610380881396,32283.95952153293],[1610386104913,32485.24962186865],[1610389167733,32833.27065650754],[1610393232628,31721.72217061441],[1610396401177,31698.053890552783],[1610400414210,34230.91150243422],[1610403939571,34485.05642006441],[1610407579721,35317.07488213626]],"total_volumes":[[1610324056913,72420555506.15395],[1610327701818,74393830124.86209],[1610330912868,73501840524.9024],[1610334766676,73733314566.78174],[1610338641749,79161532589.16966],[1610342280250,77098286782.89912],[1610344991073,82861866432.07756],[1610348727696,83069093101.58653],[1610353027010,92007934323.71127],[1610357331624,95403997148.10654],[1610359880446,98910938281.24081],[1610364228668,94937439319.82645],[1610367186981,91293825219.63112],[1610371086898,87718314128.53372],[1610375264510,91145241345.04305],[1610377777641,102103670615.68187],[1610380881396,101037434528.41733],[1610386104913,105659658306.04584],[1610389167733,108312114347.606],[1610393232628,106182948291.31728],[1610396401177,106926006018.31836],[1610400414210,111137976278.97002],[1610403939571,106305059072.48352],[1610407579721,109590585970.99254]]}