{"stats":[[1617840305905,56134.41738866435],[1617843897129,56609.28843050808],[1617847668329,56604.5351222436],[1617849911898,56287.662136354644],[1617852062936,56411.61826826836],[1617854819655,56606.21607451404],[1617858135400,56966.05438606517],[1617862321266,56941.845414894626],[1617865595799,57217.85025879367],[1617868939834,57133.52569229849],[1617872695579,56904.25763576343],[1617876318306,56726.119961074626],[1617880044757,56729.08324934234],[1617883276956,56481.41661328395],[1617887176904,57408.75242222494],[1617890543465,57458.88762091019],[1617894251421,57695.34737227642],[1617897791204,57760.8556466419],[1617901315072,57678.64518365409],[1617904931469,57707.785635819404],[1617908759730,57957.14832967089],[1617912168837,57739.52846765616],[1617916006984,57645.28777969739],[1617919518586,57668.90103712901],[1617923378495,57925.518780866594]],"total_volumes":[[1617840305905,67617613532.43307],[1617843897129,68133032371.23059],[1617847668329,67041251823.79599],[1617849911898,66839852088.303925],[1617852062936,66795399598.89486],[1617854819655,66641932534.311714],[1617858135400,66346403554.22701],[1617862321266,64634545618.74917],[1617865595799,64679536394.7511],[1617868939834,63356612147.46929],[1617872695579,62138445603.12024],[1617876318306,59609184802.1315],[1617880044757,58376438433.96351],[1617883276956,54890937505.49116],[1617887176904,54640365455.367676],[1617890543465,54318667940.06559],[1617894251421,54178861041.626045],[1617897791204,53425736649.93102],[1617901315072,52165791335.1271],[1617904931469,50425878763.5994],[1617908759730,50095559639.975975],[1617912168837,48489514588.44389],[1617916006984,47389671616.92727],[1617919518586,47832590625.04788],[1617923378495,48574058286.4731]]}