{"stats":[[1617063151785,57541.493889485166],[1617066190645,57568.89737881677],[1617069989206,57367.62505892605],[1617073345450,57257.45173879713],[1617076917393,57168.37695431903],[1617081398730,57544.11922987738],[1617084924632,57566.66280143937],[1617088397937,58233.16116357654],[1617091296417,58096.30539415877],[1617095909177,58086.94156982753],[1617099450146,59370.77224252133],[1617102228966,58835.08988681757],[1617106091711,59312.66687308395],[1617110262532,59002.11132994846],[1617113144250,58887.98011702786],[1617117617213,58836.24052441693],[1617120554726,58599.74574158607],[1617124206604,58710.2606992232],[1617128449903,59168.37882426951],[1617131509300,58812.99862786195],[1617134860533,59020.51247967842],[1617138731266,58628.66892578922],[1617142004697,58786.16573618672],[1617146569750,58670.185194064696]],"total_volumes":[[1617063151785,57255678917.91131],[1617066190645,58260729623.077484],[1617069989206,58235149012.19252],[1617073345450,56989870542.01504],[1617076917393,57946347086.12203],[1617081398730,59198731780.49057],[1617084924632,57824623422.648796],[1617088397937,59507051710.356125],[1617091296417,58116385816.68823],[1617095909177,57091603927.976685],[1617099450146,58164250849.054405],[1617102228966,56916680505.472404],[1617106091711,58170448551.57581],[1617110262532,58004301801.933334],[1617113144250,58227176337.374],[1617117617213,58034804828.76348],[1617120554726,56586791441.268776],[1617124206604,54819075735.54196],[1617128449903,55228559214.168],[1617131509300,53747759372.0077],[1617134860533,54706722706.382164],[1617138731266,53219729072.07603],[1617142004697,52987276003.55791],[1617146569750,52675731105.80641]]}