{"stats":[[1616200007470,58613.361490397234],[1616203132891,58880.80515899088],[1616207252712,58935.472438339624],[1616209712003,58706.552792938855],[1616214261186,58844.277500227996],[1616217015786,58466.4126744696],[1616220073932,58498.19469756111],[1616223994014,58659.34053252024],[1616228163087,58905.6888838517],[1616231008311,58959.98157110788],[1616235862921,59068.04599110158],[1616238241353,59015.58193781006],[1616242738615,59359.52093337949],[1616247290948,60104.347056141916],[1616249855404,59034.0770895636],[1616254189107,59775.93543647927],[1616257413046,59003.2609076838],[1616260711195,59301.97156145218],[1616263477335,59349.55462601853],[1616268127212,59474.15153863859],[1616271721045,59094.252922028834],[1616275325249,58880.22111954313],[1616279650679,58860.33869924664],[1616282993885,58705.984897852395]],"total_volumes":[[1616200007470,51692369707.567604],[1616203132891,51190101109.38365],[1616207252712,51409889500.151375],[1616209712003,51811307488.272804],[1616214261186,51883593318.30482],[1616217015786,50310416383.70142],[1616220073932,50957407076.699326],[1616223994014,50803777678.87308],[1616228163087,50150997878.39094],[1616231008311,50962442646.94871],[1616235862921,50422883718.44458],[1616238241353,50295330764.75294],[1616242738615,50690667192.31],[1616247290948,51891419843.60567],[1616249855404,51753678860.98692],[1616254189107,53350054058.04287],[1616257413046,52057206513.98553],[1616260711195,52706556950.42383],[1616263477335,53134667383.99295],[1616268127212,53302711496.77477],[1616271721045,52740977018.23956],[1616275325249,52881265604.0584],[1616279650679,52801769672.93442],[1616282993885,53618090110.23076]]}