{"stats":[[1617581102876,58228.802623466196],[1617584508137,57964.45168874164],[1617588093176,57727.028609426656],[1617591770029,57628.8733858091],[1617595320295,57538.9566176747],[1617599157738,57309.23807827551],[1617602513434,57076.96249690862],[1617606276448,57230.67950213643],[1617609903254,57227.76137198758],[1617613337542,57166.78415244304],[1617617309725,57517.526225448266],[1617620851328,57653.28064629034],[1617624394822,57738.002885906935],[1617627723529,58034.33948855353],[1617631245919,58072.860627498114],[1617634997096,58957.30091831679],[1617638464443,59025.62077552239],[1617642210396,58986.78387680816],[1617645866889,58871.29431779917],[1617649314803,58849.08060757151],[1617652959467,58999.47774005186],[1617656603399,58799.63693458118],[1617660264773,58682.635499593016],[1617663905558,58890.42933312271]],"total_volumes":[[1617581102876,46156767978.177345],[1617584508137,44714763916.72378],[1617588093176,43587438282.74045],[1617591770029,43726049037.77901],[1617595320295,43802577297.40571],[1617599157738,43853389670.89035],[1617602513434,43838389708.49397],[1617606276448,44325279742.16603],[1617609903254,44823073126.978165],[1617613337542,44725809808.72623],[1617617309725,45107623082.913734],[1617620851328,45577518830.42011],[1617624394822,45796497530.36607],[1617627723529,46248230574.167984],[1617631245919,46733359807.41449],[1617634997096,48849622936.1406],[1617638464443,49679933747.71702],[1617642210396,50218674780.46233],[1617645866889,50871721834.69142],[1617649314803,51469053998.09348],[1617652959467,52295840862.89153],[1617656603399,53262832451.75883],[1617660264773,53707129254.61941],[1617663905558,54453157124.3066]]}