{"stats":[[1619309049010,50133.1073963654],[1619312706065,49888.52673157689],[1619316033833,50240.44594289429],[1619319629533,50265.88577710112],[1619323368828,49780.63835540463],[1619327123202,49729.6268796339],[1619330571768,49526.71624679548],[1619334219572,49106.987142376645],[1619337710604,49657.424865875815],[1619341537576,50097.62685116578],[1619345119779,49436.6557687224],[1619348637597,49369.61483264088],[1619352246962,49790.65751635587],[1619356275773,49920.83789853736],[1619360325126,49842.59204652952],[1619362928550,50510.96535053292],[1619366663560,50333.30888733753],[1619370259351,50257.950111498256],[1619373955542,49913.54009497874],[1619377539676,49672.26753237071],[1619381080719,49477.527122053776],[1619384566226,48294.23193394389],[1619388220980,47409.78302911801],[1619391773137,48826.52065650017]],"total_volumes":[[1619309049010,49296256745.65119],[1619312706065,47288319646.866005],[1619316033833,47134703644.032875],[1619319629533,46056580387.16939],[1619323368828,46400392779.29531],[1619327123202,45898589598.24145],[1619330571768,39012346686.53225],[1619334219572,38948424942.02819],[1619337710604,16083051843.509735],[1619341537576,41940064124.14232],[1619345119779,41843046479.446556],[1619348637597,42449681137.13481],[1619352246962,41601549630.262314],[1619356275773,40289337093.599945],[1619360325126,40133742313.26022],[1619362928550,42817332216.387184],[1619366663560,40902755372.59135],[1619370259351,40819449807.0643],[1619373955542,38595140594.22264],[1619377539676,40251677270.16304],[1619381080719,40962522494.18774],[1619384566226,40646264227.05333],[1619388220980,42408277629.010445],[1619391773137,46391851143.66146]]}