{"stats":[[1613779322873,56038.72775892988],[1613783600642,56612.76739556315],[1613788672997,56584.476368055024],[1613791515498,56314.98798701459],[1613794096109,55845.10175222054],[1613797747673,56071.75047013306],[1613801229452,55898.57178504985],[1613804496100,56072.68594801502],[1613808210847,55601.81759082717],[1613812039253,55544.31433158363],[1613815327015,55551.77075074427],[1613819330158,56077.85186398799],[1613822587291,56362.54387668185],[1613826285927,57686.87048523401],[1613830235699,57568.88458404313],[1613833543956,56757.8559992575],[1613837208935,56274.88603774241],[1613841114010,57312.320167316946],[1613844298780,57190.855114761864],[1613847780325,57078.156490722155],[1613851879150,57136.192299398266],[1613855087386,56757.199628626455],[1613858695257,56911.5930656874],[1613862487329,55525.62300290166]],"total_volumes":[[1613779322873,71397235196.83829],[1613783600642,72949124090.03],[1613788672997,72776198598.692],[1613791515498,73203137266.94382],[1613794096109,75262010443.12608],[1613797747673,75761313663.27786],[1613801229452,75439438903.34302],[1613804496100,75328687047.19046],[1613808210847,74915351202.06445],[1613812039253,74614302796.88252],[1613815327015,73038849679.952],[1613819330158,73492833386.03902],[1613822587291,73768008768.37112],[1613826285927,77313110220.12268],[1613830235699,78049757662.24123],[1613833543956,76805943170.18843],[1613837208935,76597093370.38733],[1613841114010,76785422130.89555],[1613844298780,77528012194.00327],[1613847780325,77429242025.4468],[1613851879150,76063043905.01942],[1613855087386,72933312224.48372],[1613858695257,73545732982.16345],[1613862487329,74490501140.82747]]}