{"stats":[[1610582974644,37414.36187855581],[1610586584711,37676.54550979118],[1610590907224,37328.94426390002],[1610594605391,37233.01955503029],[1610597614686,37051.21835071283],[1610600894185,37503.77963660638],[1610605110083,37593.564850678085],[1610608250130,37860.19476058417],[1610612947179,38565.146773937566],[1610615727417,38280.799031404764],[1610620332511,38284.59995971492],[1610623687094,38270.647344641184],[1610627679883,37979.07336436044],[1610630993165,38429.70495991507],[1610632998638,38926.277636891165],[1610636916101,39601.092028143044],[1610641417075,39856.098583433784],[1610644257763,39400.652773049645],[1610647760387,39478.08870152896],[1610651798213,39512.9514100561],[1610654705366,39840.7301314523],[1610659946526,38698.777377601444],[1610662113042,38740.226903906376],[1610665433440,38924.24637279073]],"total_volumes":[[1610582974644,64899561283.904144],[1610586584711,63680715836.910934],[1610590907224,61600005299.646355],[1610594605391,60277847560.390564],[1610597614686,59368592722.5794],[1610600894185,58644430428.37708],[1610605110083,55674269468.309814],[1610608250130,59000810876.92153],[1610612947179,59283614971.140015],[1610615727417,57401002592.64271],[1610620332511,57230130021.862946],[1610623687094,57535159468.127846],[1610627679883,56274242744.399376],[1610630993165,57240797478.74761],[1610632998638,56118629560.423134],[1610636916101,60432841771.50732],[1610641417075,60495272836.291],[1610644257763,61232285537.97883],[1610647760387,61477349250.55936],[1610651798213,58374991200.56526],[1610654705366,58506700737.40515],[1610659946526,56545934377.874565],[1610662113042,58792394905.457344],[1610665433440,57281383401.152504]]}