{"stats":[[1613693378129,51706.494971772256],[1613698120455,51632.8131335964],[1613700544435,51335.45791765557],[1613703886586,51314.97395873735],[1613707645527,51364.828711896174],[1613711062500,51197.179078766385],[1613714882588,51601.975625193256],[1613718517700,51888.28851438063],[1613722202942,51816.24407738386],[1613725664423,52237.5823554057],[1613729327895,52850.78712856632],[1613733074024,52804.317563119796],[1613736281692,52769.1000257614],[1613742300296,52621.135149117144],[1613743483210,52806.99833069076],[1613747219892,53119.86994683351],[1613750462050,53897.93680396227],[1613754305164,54369.71681172023],[1613757998787,54774.44252683718],[1613761450467,55138.11510416724],[1613764870231,54910.40495264124],[1613768832112,55475.54805277176],[1613772166166,55764.85129112884],[1613775793250,55681.23038910506]],"total_volumes":[[1613693378129,58342354242.51794],[1613698120455,58471271385.16724],[1613700544435,58058094861.087585],[1613703886586,59001649123.68366],[1613707645527,59371675794.462585],[1613711062500,59132616617.24313],[1613714882588,60180208757.84765],[1613718517700,60819040569.05676],[1613722202942,60078206435.03152],[1613725664423,59903503709.7757],[1613729327895,62087210216.15233],[1613733074024,62008445924.239136],[1613736281692,61697142762.042595],[1613742300296,61113732179.22202],[1613743483210,60875839370.01395],[1613747219892,61359700309.39025],[1613750462050,63286803119.264175],[1613754305164,65108699012.76743],[1613757998787,65915772938.40617],[1613761450467,66215173469.15808],[1613764870231,67190045725.73262],[1613768832112,67739852495.35414],[1613772166166,69781346359.08345],[1613775793250,70691539006.4048]]}