{"stats":[[1610151870061,40936.65941290938],[1610154400720,40402.740859671656],[1610158736313,40458.61733093269],[1610161621998,40043.49348004848],[1610165680186,40010.6716091779],[1610169440393,40001.20007975181],[1610173137022,39560.36390531986],[1610176058935,38999.88845565133],[1610179674592,39552.18207330596],[1610183702323,40198.23694096077],[1610186648456,40398.308392878236],[1610190490391,40477.10076046745],[1610194075478,40634.07664620886],[1610197480509,40793.70099202412],[1610201112124,41065.29345896006],[1610204913233,40824.79182916139],[1610209065660,40714.41053781601],[1610212179214,40088.17155831464],[1610216186286,40816.758264198565],[1610219571222,40619.027112808566],[1610222815310,40875.19908667461],[1610226325889,40757.839552567144],[1610231014208,40721.156446515015],[1610234484029,40188.33488211669]],"total_volumes":[[1610151870061,75982315201.77019],[1610154400720,75280091455.55983],[1610158736313,76962687335.48766],[1610161621998,76061367338.35748],[1610165680186,74527132630.96703],[1610169440393,73839404001.61963],[1610173137022,72609243934.60582],[1610176058935,71967435248.0005],[1610179674592,72486328987.63351],[1610183702323,71321813530.19568],[1610186648456,67670227245.35605],[1610190490391,71654325658.64409],[1610194075478,69774694634.8025],[1610197480509,68183057062.70957],[1610201112124,66791717712.6047],[1610204913233,66375912857.171715],[1610209065660,58941755369.50215],[1610212179214,55890733578.899635],[1610216186286,61581199741.61502],[1610219571222,59657924370.98296],[1610222815310,58297623740.11974],[1610226325889,57658349115.36819],[1610231014208,56288865857.24629],[1610234484029,55464020133.87324]]}