{"stats":[[1614902656351,48727.45120080115],[1614906463546,46751.376435660255],[1614910057114,46901.21204233211],[1614913598474,47482.35085520978],[1614917096596,47400.96379723328],[1614920779697,46691.59076273915],[1614924781207,47459.37865237943],[1614927792119,47571.831836212434],[1614931323359,47329.31136285558],[1614935355097,46698.18176763218],[1614938709963,47248.521971764094],[1614942328994,47323.60316510539],[1614946288014,47850.58905368138],[1614949602728,47841.9216280568],[1614953186888,48552.18011073277],[1614956616811,48185.89308016777],[1614960482985,48237.437256595535],[1614963953722,47677.64841068941],[1614967498707,48288.390676334275],[1614970918078,48619.39666920957],[1614974933583,49441.80828870703],[1614978777326,49390.12302615613],[1614981998695,49271.6559355461],[1614985920206,49140.53190547181]],"total_volumes":[[1614902656351,60749587836.169136],[1614906463546,59889409603.323654],[1614910057114,61037214782.39416],[1614913598474,62060564835.24219],[1614917096596,60951994671.20124],[1614920779697,58467654258.48012],[1614924781207,58738350898.13482],[1614927792119,58685021805.34449],[1614931323359,58275964145.51343],[1614935355097,57554296338.03537],[1614938709963,56476028162.72625],[1614942328994,55587546579.62769],[1614946288014,55888779660.257484],[1614949602728,56211768100.49938],[1614953186888,57158462823.89393],[1614956616811,56798006042.104576],[1614960482985,56537556212.21056],[1614963953722,57071183598.97246],[1614967498707,57782794805.01951],[1614970918078,56656744892.683205],[1614974933583,56991344322.797035],[1614978777326,56679071614.08118],[1614981998695,56474840834.86738],[1614985920206,56597419992.91521]]}