{"stats":[[1614470967580,46108.122662611735],[1614475188349,46727.71952814335],[1614477873188,46709.86730298275],[1614481463779,45567.946886906466],[1614484970918,44779.45926530985],[1614488691632,44952.224833408785],[1614492194710,45064.77506259318],[1614495795635,44790.56615996943],[1614499514259,44655.45126710956],[1614503419334,45059.00490884728],[1614506786446,45394.77192371548],[1614510166250,45473.06383389577],[1614513869124,45485.594765082526],[1614517298695,44878.72547482364],[1614521257297,44388.66307344867],[1614524601940,44423.83041836214],[1614528513923,43523.275486615836],[1614532010269,43673.851973964396],[1614535665985,43382.187700371636],[1614539034954,43843.39251729773],[1614542902534,44663.71554783787],[1614546607067,45265.46983852702],[1614549848293,45358.6895459804],[1614553448967,45251.15885777969]],"total_volumes":[[1614470967580,50370514739.5497],[1614475188349,50579047984.95063],[1614477873188,50315365206.326485],[1614481463779,49093284162.02152],[1614484970918,49637477216.72504],[1614488691632,51098020822.03304],[1614492194710,52197982036.66566],[1614495795635,53855830560.21758],[1614499514259,54021217958.05194],[1614503419334,53308209977.90798],[1614506786446,54934805567.02066],[1614510166250,55019358135.89553],[1614513869124,54605021217.84892],[1614517298695,53655698592.17233],[1614521257297,53061539186.67084],[1614524601940,54589861146.13391],[1614528513923,54771979146.76587],[1614532010269,56490434941.807556],[1614535665985,56598161333.35187],[1614539034954,57770086371.015175],[1614542902534,59670246450.39784],[1614546607067,60862796344.6239],[1614549848293,61755382921.35278],[1614553448967,59928955286.903496]]}