{"stats":[[1617494967288,57008.11352582882],[1617499464555,57029.78216415929],[1617503519510,57562.65119661691],[1617507438359,57363.16826376454],[1617510725477,57587.84983322471],[1617512530592,57559.69655552429],[1617516184924,57519.43493794092],[1617519699291,57411.251382936745],[1617523430230,57546.25967982146],[1617526887410,57523.218100742495],[1617530492127,57708.76713622234],[1617534345051,57735.41781878782],[1617537718041,57488.87793485672],[1617541471040,57852.49875848458],[1617545018116,58158.410064759875],[1617548777105,58183.71202960251],[1617552453629,57904.7496569996],[1617555792369,58071.069822147176],[1617559278598,58116.47102916853],[1617563010833,58089.17083448701],[1617566635263,57911.64657931808],[1617570330282,58052.909515837775],[1617573737649,58143.911595519094],[1617577464292,58120.98745488823]],"total_volumes":[[1617494967288,53117535590.35953],[1617499464555,53897987092.61856],[1617503519510,55730953677.6945],[1617507438359,54671046032.35558],[1617510725477,55003651955.65936],[1617512530592,55034424725.24535],[1617516184924,54851420638.96671],[1617519699291,54680866474.94191],[1617523430230,54949234771.19873],[1617526887410,54090300688.2287],[1617530492127,53963441831.68008],[1617534345051,53517655138.39556],[1617537718041,54456529461.07534],[1617541471040,54884673887.56173],[1617545018116,55625159648.09316],[1617548777105,55829279806.1349],[1617552453629,55872311391.35547],[1617555792369,55143250097.66394],[1617559278598,53518823835.02951],[1617563010833,51420664500.815],[1617566635263,50649358076.05516],[1617570330282,49762378097.882645],[1617573737649,49071592154.250595],[1617577464292,47486609963.00907]]}