{"stats":[[1619654490820,54810.6138506792],[1619658328938,54763.5416402156],[1619661810065,54621.36137575708],[1619665387089,54513.628030530825],[1619669047187,54356.00127005116],[1619672522560,53755.786684715764],[1619676055357,54024.540451750094],[1619679809563,54385.912857981304],[1619683468853,54399.67618552436],[1619687008786,53991.52168768531],[1619690660323,54683.32533920595],[1619694102620,54449.31811384671],[1619697727948,54409.102042970466],[1619701497036,54370.86991701537],[1619704843262,53731.669170540394],[1619708648013,53645.37874343392],[1619712149302,53841.45014070333],[1619715932559,53078.52898275558],[1619719383759,52881.63656182149],[1619722889788,53010.25164880975],[1619726643780,52936.11939761323],[1619730141299,52937.55256563505],[1619733907556,53413.673939003136],[1619737365156,53395.17699522727]],"total_volumes":[[1619654490820,48072930663.01449],[1619658328938,48561311758.109764],[1619661810065,47467925321.473694],[1619665387089,46972209364.603676],[1619669047187,47205944112.30855],[1619672522560,47120914064.774216],[1619676055357,47305883533.8912],[1619679809563,45656651484.701164],[1619683468853,45178016265.722015],[1619687008786,45149997405.13198],[1619690660323,46179250467.95939],[1619694102620,46123735196.188416],[1619697727948,45854138273.42405],[1619701497036,46308206366.458],[1619704843262,47910915901.6743],[1619708648013,46930614107.5631],[1619712149302,48273472744.27623],[1619715932559,47775468543.66393],[1619719383759,47941484717.27858],[1619722889788,49856278758.93295],[1619726643780,48908029872.16425],[1619730141299,47040622471.64246],[1619733907556,47627400855.401955],[1619737365156,46968639356.50815]]}