{"stats":[[1612224382876,33423.24271066071],[1612227977733,33578.03258827469],[1612231441081,33507.99096376249],[1612235112205,33528.61546115411],[1612238656295,33455.83340582115],[1612242683365,33708.778378037074],[1612245830994,33946.710076405005],[1612249593769,34190.113146698015],[1612253483919,34232.04390575745],[1612256469582,34257.550089260774],[1612260429477,35132.056989760385],[1612264223036,35104.40251149596],[1612267807799,34533.68059364447],[1612271055026,34616.23642764332],[1612274523660,34658.31047679899],[1612278391788,34643.47359693497],[1612282009930,34566.020790586736],[1612285305755,34918.53625701633],[1612288986105,34817.50574221435],[1612292683424,35154.195379033066],[1612296498742,35716.63754401343],[1612299941569,35794.22510117993],[1612303710192,35615.92386372004],[1612307401256,35601.89057074735]],"total_volumes":[[1612224382876,49204476809.78883],[1612227977733,49295371714.09303],[1612231441081,48830144913.496284],[1612235112205,48643476258.45371],[1612238656295,48335951318.15548],[1612242683365,48226305220.46248],[1612245830994,48377599553.3342],[1612249593769,47812039820.489914],[1612253483919,48066683526.14987],[1612256469582,48099880437.35675],[1612260429477,50158146909.900764],[1612264223036,49964233520.93077],[1612267807799,48737464977.5243],[1612271055026,47685489947.297386],[1612274523660,47035249079.469795],[1612278391788,46475801553.21323],[1612282009930,46178792188.22938],[1612285305755,48307596341.395935],[1612288986105,48159834831.69046],[1612292683424,48432803465.41644],[1612296498742,49846660171.4461],[1612299941569,51058642341.63308],[1612303710192,51186106277.47768],[1612307401256,50018525844.65098]]}