{"stats":[[1612397212982,37725.26455362201],[1612400829985,37996.24185996434],[1612404103782,38149.39559542189],[1612407991776,37884.150804344565],[1612412084156,37563.04073040532],[1612415317007,37647.86259791959],[1612418769656,37587.27450827806],[1612422207687,38040.52205154387],[1612425804629,37891.448876565344],[1612429870184,37409.50651787118],[1612433534398,37463.838046307304],[1612436795036,37527.961751887466],[1612440334409,37128.35399384415],[1612443936115,37550.41111022662],[1612447548350,37530.71511999889],[1612451421391,36792.78347164638],[1612454561962,36543.386260317886],[1612458836542,36959.578861816895],[1612462363042,36831.41952343029],[1612465717529,37079.679423684625],[1612469283209,37428.444191643466],[1612472668849,37471.52664543804],[1612476334705,37574.98120301644],[1612480215852,37232.783759370024]],"total_volumes":[[1612397212982,50056179988.37823],[1612400829985,50727887928.69402],[1612404103782,51286610299.54781],[1612407991776,50939427946.70863],[1612412084156,51360379288.81321],[1612415317007,51179541020.55201],[1612418769656,50556093439.71771],[1612422207687,51160966041.47149],[1612425804629,51286136413.55853],[1612429870184,53231989671.10425],[1612433534398,55559958012.20596],[1612436795036,56157406409.87809],[1612440334409,56125299492.488045],[1612443936115,56700990753.14221],[1612447548350,55912030877.32787],[1612451421391,55575646961.8598],[1612454561962,56067031644.82935],[1612458836542,54307901427.33078],[1612462363042,54440936865.87322],[1612465717529,54737210922.77971],[1612469283209,55255721979.30637],[1612472668849,54135837936.52947],[1612476334705,55117493070.4285],[1612480215852,55063770869.933655]]}