{"stats":[[1616371567678,57354.739920163214],[1616375641815,56559.614756020645],[1616379147652,56738.006827289326],[1616382299973,57148.606608667185],[1616386311282,57759.958801922476],[1616389457772,57729.13303291715],[1616393194685,57884.199529105186],[1616397271283,57804.8554487396],[1616400290989,57653.03001224684],[1616404208628,57154.460111858876],[1616407470800,57274.73001313157],[1616411227987,58191.14606750297],[1616414760916,57778.037033913984],[1616418868346,57212.645624690434],[1616422484218,57168.6052605685],[1616425317074,57176.08072359338],[1616429285641,57213.05319834618],[1616432715113,56689.987577235144],[1616436216234,57206.278152004816],[1616440245129,56512.049521770954],[1616443320990,56012.01246295983],[1616447443176,54685.620977466664],[1616451161572,54108.99610301334],[1616454129952,54580.29868196107]],"total_volumes":[[1616371567678,55040960324.45798],[1616375641815,52746525655.79651],[1616379147652,54005059892.862946],[1616382299973,53810382649.98189],[1616386311282,54246859927.79525],[1616389457772,53739771076.48801],[1616393194685,52082735110.27238],[1616397271283,52956396972.8402],[1616400290989,53048454298.371376],[1616404208628,52707639088.85587],[1616407470800,50514096154.476135],[1616411227987,51607249903.30179],[1616414760916,50989339672.16936],[1616418868346,52286738605.4619],[1616422484218,52799562386.918335],[1616425317074,53528406394.07023],[1616429285641,53230765436.37852],[1616432715113,52671704594.636246],[1616436216234,54412390082.6563],[1616440245129,54668900416.47575],[1616443320990,55168896203.36882],[1616447443176,57107553898.354904],[1616451161572,58891243217.22166],[1616454129952,61302230409.588524]]}