{"stats":[[1611965470323,34685.01073480113],[1611968711120,34372.73548965063],[1611972393509,34012.424384360704],[1611976688403,33885.871483538205],[1611979794782,33237.570063076186],[1611984096130,33320.05882488765],[1611987470138,33269.0965225538],[1611990749765,33732.03737544727],[1611993884300,34022.167436258955],[1611998507760,34261.45632425928],[1612001592384,34281.43054124972],[1612004669516,34284.11385338871],[1612009038531,33762.584878106034],[1612013952689,33871.96373971257],[1612015617458,34268.43637163021],[1612018990350,34138.28461160591],[1612022663053,34190.80715498365],[1612026778328,33953.80967117345],[1612029703036,34164.179222279214],[1612033684101,34250.83945497193],[1612037482665,34223.76404583459],[1612041124259,34053.09193479058],[1612045003670,34547.36901337048],[1612048399570,34374.73259794369]],"total_volumes":[[1611965470323,98353883484.39264],[1611968711120,96348801352.90154],[1611972393509,95288884266.19485],[1611976688403,94783468804.20811],[1611979794782,93753457010.2165],[1611984096130,92262391369.49803],[1611987470138,91594905734.39743],[1611990749765,91581034700.70862],[1611993884300,91671395975.7708],[1611998507760,83620546872.5516],[1612001592384,76979947479.04445],[1612004669516,74066509359.99],[1612009038531,70467490899.56125],[1612013952689,68053005661.71764],[1612015617458,67308823292.91978],[1612018990350,64123621235.904434],[1612022663053,63117349132.96232],[1612026778328,60835725476.72731],[1612029703036,61412122494.460175],[1612033684101,59238473769.74515],[1612037482665,56336307353.954544],[1612041124259,54685097506.74292],[1612045003670,54555963428.829285],[1612048399570,53433875287.82666]]}