{"stats":[[1611705825778,32582.10944502123],[1611709502209,32143.961045131993],[1611713276200,32115.22622163741],[1611716943892,31901.8274773158],[1611720305863,31824.31016905559],[1611724719367,31787.70660872188],[1611727627548,31527.98027605045],[1611731594910,31703.942227612875],[1611734685810,31849.931542834387],[1611739701968,31017.131615754497],[1611741267212,31243.944906090044],[1611744011510,31428.110394074894],[1611745466022,31269.40677186956],[1611749301949,30659.01932250947],[1611752666081,30890.33866770155],[1611756975270,30324.23651035257],[1611760009510,29559.86832490479],[1611764235617,30754.342616236325],[1611767247219,30584.279860374256],[1611771857905,30350.36509900268],[1611774312851,29786.476663389007],[1611778325981,30766.13707091197],[1611781927554,31361.46444730183],[1611785230371,31038.16780662811],[1611788963796,30624.65494170474]],"total_volumes":[[1611705825778,48489676580.41073],[1611709502209,47891026515.9617],[1611713276200,47767541392.73396],[1611716943892,47420681955.33111],[1611720305863,46550879678.71575],[1611724719367,45803159117.09479],[1611727627548,45717311639.11314],[1611731594910,45305194943.06797],[1611734685810,74934285640.82784],[1611739701968,43649980080.69267],[1611741267212,44333292346.87218],[1611744011510,43831047003.38509],[1611745466022,43614720672.952995],[1611749301949,43448898590.40213],[1611752666081,44395357716.924805],[1611756975270,43944286583.14904],[1611760009510,44260450333.43149],[1611764235617,47033167457.438644],[1611767247219,46783817165.991295],[1611771857905,46882984381.2978],[1611774312851,46698710839.06236],[1611778325981,48661696527.71002],[1611781927554,50947641483.72804],[1611785230371,51019674614.054085],[1611788963796,50953400419.741554]]}