{"stats":[[1614557213876,45089.162051171246],[1614560626949,46383.21518044454],[1614564385935,46252.93600994148],[1614567723477,46690.47756736724],[1614571482182,46488.84884947238],[1614575197408,46591.8344178353],[1614578929428,46305.449592113815],[1614582430547,45960.33124999742],[1614586057776,46426.72268083683],[1614589424832,47243.24365722054],[1614593113336,47399.97220415036],[1614596643443,47899.02259656804],[1614600249593,47787.4236248852],[1614603915233,48109.744306522014],[1614607706478,47896.21921801424],[1614611261091,48308.65539827583],[1614614661041,49414.36015341618],[1614618561877,48919.55358659961],[1614621881328,48777.378913181616],[1614625446559,48614.565256784226],[1614629114014,48405.102261389184],[1614632724024,48633.56752191548],[1614636521153,48934.50369644882],[1614640073928,49218.20509295231]],"total_volumes":[[1614557213876,59840956483.91349],[1614560626949,61957022527.49659],[1614564385935,62389561244.947],[1614567723477,62946162456.58383],[1614571482182,61357841211.606064],[1614575197408,60199288306.620026],[1614578929428,58204927317.24488],[1614582430547,55938855528.57659],[1614586057776,56037293405.5819],[1614589424832,57652532664.3553],[1614593113336,58505464645.35573],[1614596643443,59755099886.07165],[1614600249593,60748258730.62208],[1614603915233,61329386329.58579],[1614607706478,61953691200.64359],[1614611261091,61591843416.11201],[1614614661041,63232727637.25873],[1614618561877,62546949590.56185],[1614621881328,61678497569.70718],[1614625446559,62858774269.702614],[1614629114014,62424885966.07549],[1614632724024,62704984410.3012],[1614636521153,62260486924.62501],[1614640073928,62830803011.05604]]}