{"stats":[[1609547209683,29234.635279494083],[1609549621187,29221.772973000952],[1609553227754,29391.199135361854],[1609557435478,29361.690785171326],[1609561580271,29342.220924293473],[1609564101430,29382.12109993125],[1609568835512,29609.098285165015],[1609570923185,29727.274074059726],[1609575171405,29852.538819032132],[1609578830667,29849.708049449608],[1609581830286,29798.83043739093],[1609585943448,29804.54737071613],[1609590024499,29870.00791434408],[1609593161008,30616.630670235332],[1609597889938,31202.94992957049],[1609600903268,31295.72103293613],[1609604796877,32217.119517916322],[1609608804810,32711.28172105415],[1609612321092,32697.682769237974],[1609614992146,32982.7937805335],[1609618174025,33064.10147342428],[1609622851075,31710.007575131476],[1609624999022,31816.687804381454],[1609629804722,31985.94327590237]],"total_volumes":[[1609547209683,33958683192.18768],[1609549621187,34198385130.103775],[1609553227754,33343213659.59777],[1609557435478,33204793848.94988],[1609561580271,32843230147.293354],[1609564101430,32724186443.058292],[1609568835512,33464495856.20143],[1609570923185,33812534362.62957],[1609575171405,34142880141.098175],[1609578830667,34037329348.54616],[1609581830286,34327989012.980743],[1609585943448,34666850595.575836],[1609590024499,34253887318.857864],[1609593161008,37425582275.88907],[1609597889938,41012978898.60581],[1609600903268,41732940827.59564],[1609604796877,42919758851.61119],[1609608804810,47541837719.3322],[1609612321092,48184795747.47105],[1609614992146,49090589167.008026],[1609618174025,48950362657.51684],[1609622851075,53341241461.607155],[1609624999022,54596287309.820305],[1609629804722,56357505897.71526]]}