{"stats":[[1610757078810,37301.856018637016],[1610759427146,37192.86397979419],[1610763294526,37160.039698013425],[1610767709211,36443.44169588673],[1610770523266,36602.12156068429],[1610774984933,36187.55792144535],[1610778248260,36135.69792211756],[1610781981893,36862.69895237206],[1610785421504,36791.709742333325],[1610788966461,37279.37102148075],[1610792953705,37707.72054177663],[1610796583924,37192.36321045197],[1610800089200,37262.3577325775],[1610802698068,37575.1111644502],[1610806524330,37159.175094296595],[1610810480986,37216.958968603314],[1610813636416,37411.073572140434],[1610817501704,37240.90446784492],[1610821875120,37096.345937563805],[1610824741977,36561.24801229054],[1610828603754,36462.78620350094],[1610831856152,36583.22088577825],[1610836005361,35926.96819460645],[1610839732333,36056.60556729188]],"total_volumes":[[1610757078810,62748101513.3337],[1610759427146,64012280858.57473],[1610763294526,63302052220.9982],[1610767709211,63439756431.525276],[1610770523266,63663451297.75557],[1610774984933,61438512165.118324],[1610778248260,63734854813.28097],[1610781981893,64452245050.83744],[1610785421504,63082397542.57435],[1610788966461,65460337308.70127],[1610792953705,67861746359.634285],[1610796583924,66948834153.060135],[1610800089200,67922584270.438255],[1610802698068,64431390472.52518],[1610806524330,63226365821.79067],[1610810480986,61883023680.8632],[1610813636416,59067556700.275696],[1610817501704,55564783991.446976],[1610821875120,53954888563.989044],[1610824741977,52363636633.703125],[1610828603754,53358271949.19212],[1610831856152,54241908135.45638],[1610836005361,54293176565.17281],[1610839732333,54521824115.09542]]}