{"stats":[[1617322747251,58749.22565086035],[1617325572590,58856.23130267705],[1617329206376,58945.19853094345],[1617333206284,60086.89754589551],[1617336414247,59981.5717996092],[1617339741861,59632.02613531098],[1617343317637,59556.26163112567],[1617347874924,59682.03940351826],[1617351532469,59514.33141048923],[1617354938442,59466.53730812896],[1617359441974,59571.34002812948],[1617361387036,59606.70196934612],[1617365336451,59555.319297196715],[1617369265342,59391.61172421189],[1617372358222,59154.70585959291],[1617376597093,59567.96331216299],[1617379866125,59443.62385220146],[1617382926554,59247.032989256695],[1617386967819,59157.820800411704],[1617390158842,59090.492263376924],[1617393747051,58893.75527918275],[1617397281964,58694.958404414356],[1617401451583,58749.88037721576],[1617404481989,58893.001117410044]],"total_volumes":[[1617322747251,54397354685.42925],[1617325572590,55185832721.16723],[1617329206376,53890060924.79522],[1617333206284,58874826895.358376],[1617336414247,59355790719.99961],[1617339741861,59042919634.57618],[1617343317637,57233842539.58154],[1617347874924,57027276020.20292],[1617351532469,56422270008.760056],[1617354938442,54501223464.889915],[1617359441974,54451178743.22559],[1617361387036,54167843842.00953],[1617365336451,52570298693.34192],[1617369265342,51439615701.83562],[1617372358222,51436229152.35063],[1617376597093,53661404417.315956],[1617379866125,53438684024.02572],[1617382926554,53485677363.81018],[1617386967819,52725496101.74052],[1617390158842,51151408850.93906],[1617393747051,50372870000.89148],[1617397281964,50463495599.19394],[1617401451583,50639854157.16094],[1617404481989,50842267688.37058]]}