{"stats":[[1616544826563,54535.55208982534],[1616549651113,54261.96038629167],[1616552677047,54611.537968737844],[1616556076322,54379.3642873554],[1616559993187,54624.24408405492],[1616563240600,53872.645066439254],[1616567128908,53990.88816505108],[1616570607949,55532.8220601321],[1616574953817,56230.40564019139],[1616578367528,56460.32612849615],[1616581465476,56262.41673809173],[1616585051563,56533.9695248606],[1616589094303,56825.38628893386],[1616591928462,56830.9327369185],[1616594564686,56698.918130913626],[1616599911730,56508.79771049722],[1616602949063,56166.6951885964],[1616607306267,55855.69326032849],[1616609817036,56194.668655865156],[1616613541795,55430.54699917186],[1616617356094,54260.98750125652],[1616620449563,54197.617328405606],[1616623771940,53675.10120900251],[1616627566824,52665.10448340395]],"total_volumes":[[1616544826563,60015909646.26715],[1616549651113,60147305095.42153],[1616552677047,60258333752.43399],[1616556076322,59772465733.096985],[1616559993187,60171662185.71609],[1616563240600,59156685637.61183],[1616567128908,57140747782.4376],[1616570607949,59269536728.446014],[1616574953817,60290078059.210365],[1616578367528,61661298721.01536],[1616581465476,62767099605.18544],[1616585051563,63526541905.84619],[1616589094303,62667108320.169975],[1616591928462,62522606954.85812],[1616594564686,63681050693.765625],[1616599911730,63198393185.266884],[1616602949063,61461458696.56972],[1616607306267,60890916782.21832],[1616609817036,61511497224.26847],[1616613541795,60785812091.632385],[1616617356094,61427825004.55801],[1616620449563,63599766240.6646],[1616623771940,63712678630.308304],[1616627566824,69485981424.38214]]}