{"stats":[[1612742637544,38833.34026455532],[1612746258646,38662.566728611295],[1612750091438,38467.239386102585],[1612753848814,38140.583779634624],[1612756994938,37964.986949126964],[1612760820426,38594.650589295656],[1612764427895,38636.74843091659],[1612768111458,38933.75298197321],[1612771682459,39192.84697978946],[1612774882036,39017.28221556668],[1612779238397,38807.47250028652],[1612782864722,39482.36683088967],[1612786545212,39316.72752055514],[1612791445799,43878.45306350915],[1612793065137,43301.42740547355],[1612796991168,43592.8546138848],[1612800391003,43737.30524904356],[1612803751223,43270.846367344486],[1612808339501,42806.85739027173],[1612811909403,43019.5122680367],[1612814665466,42850.47679668112],[1612818527757,43963.101751014605],[1612821637297,44500.739477307136],[1612825906961,44826.28750547821]],"total_volumes":[[1612742637544,53802559038.8092],[1612746258646,52794860445.58747],[1612750091438,50942234710.40148],[1612753848814,50186744293.64298],[1612756994938,50112435689.17627],[1612760820426,50644610505.67317],[1612764427895,50652153493.25876],[1612768111458,51124527326.98423],[1612771682459,51087396242.111984],[1612774882036,50289200722.02676],[1612779238397,49915550336.21992],[1612782864722,50210387487.13385],[1612786545212,50532275775.437256],[1612791445799,64355132292.48833],[1612793065137,67258853536.36342],[1612796991168,71547270605.00789],[1612800391003,72532259779.7642],[1612803751223,73314134851.36621],[1612808339501,73276551484.39726],[1612811909403,74013144623.78023],[1612814665466,74102746326.83217],[1612818527757,76661603989.95045],[1612821637297,78875324677.60747],[1612825906961,81232651336.8161]]}