{"stats":[[1618272165405,59896.1663501267],[1618276029311,60442.0321255465],[1618279460878,60809.02650159209],[1618283120815,60939.81835575613],[1618286744216,60476.27462077217],[1618290172070,60560.307447294224],[1618294443828,60775.161006055256],[1618297454159,60594.71123244162],[1618301003611,61021.62540207804],[1618304696724,62580.303596391575],[1618308716961,62924.114183950514],[1618312151941,62682.237905528804],[1618315302758,62960.57530761367],[1618319013315,62955.34781321568],[1618322867335,62806.288093028794],[1618326101733,62950.78423138996],[1618329924005,63539.782572281576],[1618333537848,63100.07575222822],[1618337315950,63321.88737608773],[1618340638154,63031.16624577411],[1618344291450,62948.667638845785],[1618347895997,63130.73769939548],[1618351640232,63175.34737507455],[1618354903364,63233.94854744293]],"total_volumes":[[1618272165405,55997725884.677475],[1618276029311,56378804621.64047],[1618279460878,56941400530.62392],[1618283120815,57604478553.31918],[1618286744216,103956409578.59845],[1618290172070,103709461420.84677],[1618294443828,104214728870.1292],[1618297454159,105342371621.14551],[1618301003611,105334437166.87988],[1618304696724,112371802303.04677],[1618308716961,64580435013.358604],[1618312151941,64691610143.59079],[1618315302758,65405706533.30316],[1618319013315,65736835147.94284],[1618322867335,66391022089.91301],[1618326101733,66586992470.13544],[1618329924005,67354649199.45583],[1618333537848,67463732182.65522],[1618337315950,68632372850.41658],[1618340638154,70744753365.50713],[1618344291450,70733039751.32065],[1618347895997,70730898416.15356],[1618351640232,70692387232.64268],[1618354903364,71141818669.6002]]}