{"stats":[[1612829603656,47156.4327280836],[1612834618589,45856.448792380696],[1612836403544,46083.75772588871],[1612839983775,45642.254239163165],[1612843788960,46670.2322833483],[1612847379553,46800.92620458598],[1612850919179,46822.8552455619],[1612854421502,48025.18236725473],[1612858099485,47536.761539534506],[1612861674390,47087.16804405672],[1612865092658,46497.703754767135],[1612868788227,45563.602076232295],[1612872359908,46389.48023611226],[1612875864094,45279.29714416771],[1612879368185,46243.80904903247],[1612883198085,46611.18857831368],[1612887079759,47055.272192154596],[1612890227739,46499.21828491724],[1612894058547,46366.6506700321],[1612898007828,47127.05981281485],[1612901237619,47040.13507974832],[1612905196693,47082.3928348438],[1612908427592,47055.868086844544],[1612911878697,46848.85419935941]],"total_volumes":[[1612829603656,88922821676.15636],[1612834618589,90479795288.19499],[1612836403544,91527670414.46248],[1612839983775,91912630028.51945],[1612843788960,94464198382.76675],[1612847379553,95311261310.8962],[1612850919179,95773908625.1955],[1612854421502,99688485017.7429],[1612858099485,100871781751.37257],[1612861674390,102815999180.34854],[1612865092658,102904652835.2796],[1612868788227,102265025783.46826],[1612872359908,104481891890.04134],[1612875864094,99860040431.64021],[1612879368185,92413919499.00201],[1612883198085,88868793806.52615],[1612887079759,87145786484.7659],[1612890227739,85544720388.63274],[1612894058547,84518828044.10722],[1612898007828,86100236126.14844],[1612901237619,85881769853.98248],[1612905196693,85224275977.01996],[1612908427592,83293666049.42764],[1612911878697,80670760384.75563]]}