{"stats":[[1610670996630,39419.27317797426],[1610673257635,39332.21355083056],[1610677729639,39203.805682453014],[1610679900434,39146.388730354476],[1610684578249,38353.69951128256],[1610688673579,38685.688751140726],[1610691987251,37847.030095983806],[1610694510088,37956.216074941985],[1610698189141,38510.382975583],[1610701780900,38126.349301468734],[1610706788699,38432.74784792022],[1610709389354,38187.87350665652],[1610713664790,37847.719309490756],[1610717247409,37329.54172283468],[1610720367182,37385.821030918145],[1610724577571,36487.35771056916],[1610726742236,35313.59615843173],[1610731485047,35632.54270257075],[1610734942104,36087.80884507106],[1610738827326,35883.13986886532],[1610741366473,35203.13353467157],[1610744597858,35687.68062782053],[1610748304977,36170.88033011955],[1610752714821,36547.34076280214]],"total_volumes":[[1610670996630,57325142633.45108],[1610673257635,57047297479.92195],[1610677729639,55704824150.971245],[1610679900434,57256228409.49466],[1610684578249,56201459157.409195],[1610688673579,56782645676.59408],[1610691987251,56788306132.443535],[1610694510088,56905357590.04144],[1610698189141,57567303015.71164],[1610701780900,56879360486.22994],[1610706788699,57287651230.91042],[1610709389354,56850868558.20494],[1610713664790,56716501047.723595],[1610717247409,57290094228.79753],[1610720367182,57192763568.16411],[1610724577571,56555166206.45839],[1610726742236,53855052525.07498],[1610731485047,56297838856.070946],[1610734942104,58243228565.313576],[1610738827326,62169951027.113556],[1610741366473,61503648813.3212],[1610744597858,63523575649.08424],[1610748304977,63335494680.76683],[1610752714821,63615398246.148735]]}