{"stats":[[1613952469566,57640.88905665459],[1613955823863,56685.39711906263],[1613959671162,57015.9319729419],[1613963074686,57009.694752755284],[1613966707760,56204.66425723945],[1613970430689,55870.599029708996],[1613973909991,56005.82918665412],[1613977602557,56055.39189696501],[1613981247299,56614.144535608124],[1613984708194,55725.620241842116],[1613988449714,54666.97791140759],[1613992734541,55370.0044925796],[1613995670807,54855.185114863656],[1613998935367,53537.343208197526],[1614002956893,52529.20268518061],[1614006540853,53936.076298954686],[1614009898349,53896.44273307496],[1614013506721,53277.13131272279],[1614017050771,52561.634059395896],[1614020933858,53365.34062336558],[1614024336383,53808.50798877138],[1614027924780,53984.265593683005],[1614031473240,55091.455090780364],[1614035318856,54343.14158403225]],"total_volumes":[[1613952469566,59905312300.05611],[1613955823863,60043120481.75069],[1613959671162,61144697097.927086],[1613963074686,61526361997.937904],[1613966707760,61432448287.22155],[1613970430689,62323128979.929634],[1613973909991,63181035031.05859],[1613977602557,64160038675.01644],[1613981247299,64911955641.18555],[1613984708194,64342549368.18441],[1613988449714,64929271923.56561],[1613992734541,67812617324.49063],[1613995670807,68153713171.59025],[1613998935367,70791447462.0821],[1614002956893,72649159551.13518],[1614006540853,87166046703.7274],[1614009898349,91471215729.89125],[1614013506721,92604213850.60477],[1614017050771,92906006292.64516],[1614020933858,96367481750.8953],[1614024336383,97726105041.58156],[1614027924780,99033505804.22281],[1614031473240,101328998541.63118],[1614035318856,100401754509.67134]]}