{"stats":[[1617149030895,58668.628336761],[1617153212294,58991.780312289804],[1617156766729,58890.19555309385],[1617160737753,58574.206311949114],[1617164018834,58566.24735463029],[1617167050380,58753.29914838391],[1617171210507,58731.10822522863],[1617175070790,59749.04456614096],[1617179778318,57827.356226587064],[1617182266092,57886.224184633844],[1617184960799,57957.879948754045],[1617189540784,57975.09087225986],[1617192383625,57851.92481688038],[1617196721671,58152.72049820726],[1617199979871,58582.34719126965],[1617203592186,59025.80366755706],[1617206697727,59444.240746304145],[1617210620877,59034.80471833153],[1617214077919,59367.900866133],[1617218053085,59415.638666609266],[1617222020274,58658.46144169865],[1617224539506,58974.790216654095],[1617229195967,58763.403782667134],[1617231884037,58659.81607908696]],"total_volumes":[[1617149030895,52387542500.621956],[1617153212294,52457767551.3032],[1617156766729,52641464562.1274],[1617160737753,51608280420.69627],[1617164018834,51706388376.429726],[1617167050380,51366665686.018715],[1617171210507,50957022118.20826],[1617175070790,53503800401.54426],[1617179778318,54953848580.83894],[1617182266092,56059711134.9352],[1617184960799,54173389092.64027],[1617189540784,53534381447.67926],[1617192383625,52158791958.893234],[1617196721671,51808897443.19952],[1617199979871,52317858744.14403],[1617203592186,52661912614.76909],[1617206697727,51051275705.87759],[1617210620877,50528988833.924706],[1617214077919,52191033783.54361],[1617218053085,52389810944.21751],[1617222020274,54229360590.50724],[1617224539506,54097229867.883224],[1617229195967,55185480873.09236],[1617231884037,55609231113.37402]]}