{"stats":[[1617754141720,58013.39701271109],[1617757381948,57614.1137496138],[1617761027788,57520.55571865165],[1617764697270,57858.948039492294],[1617768137159,57882.040067521564],[1617771843193,57597.84422549286],[1617775455622,58296.35781501513],[1617779041148,58263.23110335668],[1617782517775,57880.68389549052],[1617786171269,57816.94630796729],[1617789983349,57529.428400040044],[1617793533771,57030.68433073952],[1617796957648,56169.80794234466],[1617800860567,56511.354462784744],[1617804412316,56779.09325693027],[1617807682087,56688.65221952173],[1617811620156,56373.15150453946],[1617815119127,56645.457766730455],[1617818663110,56116.78532029333],[1617822165641,56071.85834130296],[1617825701377,56039.83051439416],[1617829625369,56297.66166666491],[1617832887344,56295.35695849729],[1617836511453,56495.771344222034]],"total_volumes":[[1617754141720,61238654742.70642],[1617757381948,60471525223.70598],[1617761027788,60478916707.23359],[1617764697270,61016167312.27499],[1617768137159,61593094904.35026],[1617771843193,62637744841.26653],[1617775455622,64227811219.59257],[1617779041148,65326239045.66472],[1617782517775,65886784134.74165],[1617786171269,64881960240.11829],[1617789983349,66550472891.32576],[1617793533771,67553812265.0499],[1617796957648,67750482833.94912],[1617800860567,68965515732.18701],[1617804412316,69241135533.83807],[1617807682087,66924905901.72875],[1617811620156,65667699942.5434],[1617815119127,66864196419.013985],[1617818663110,66896751563.64456],[1617822165641,67166487759.68756],[1617825701377,68299516191.63025],[1617829625369,68684974186.09457],[1617832887344,68337078955.85483],[1617836511453,68139803348.51239]]}