{"stats":[[1611360245958,32957.908782655926],[1611364136219,32746.896990542795],[1611367920263,32800.6482970509],[1611371018183,32346.026402238702],[1611374591946,32429.339139197444],[1611379078202,32584.214825562234],[1611381790527,33164.638457332745],[1611385799426,32884.32435400233],[1611389859529,32784.845445863306],[1611393522722,32925.90675713363],[1611397087758,32398.17063675937],[1611400030118,32346.59894794987],[1611404488176,31759.79487418866],[1611409154331,31998.12212076133],[1611410493557,31886.652808261246],[1611414396042,31793.070691526817],[1611418414560,31861.551233637067],[1611421519661,32174.947575105405],[1611425474376,32248.762418207993],[1611428613974,32173.353379136755],[1611432387943,32359.69248513078],[1611436283312,32162.709650299974],[1611439425288,32359.011507712534],[1611442849415,32073.225469437875]],"total_volumes":[[1611360245958,69549742252.37038],[1611364136219,65106936812.60547],[1611367920263,60750155543.19709],[1611371018183,58759000252.02756],[1611374591946,58226341245.54817],[1611379078202,56842577685.629845],[1611381790527,54960182681.937065],[1611385799426,55896841028.272354],[1611389859529,54301146048.64557],[1611393522722,53259272507.84889],[1611397087758,52165518049.46791],[1611400030118,51677984765.027855],[1611404488176,50808979304.7987],[1611409154331,50552497879.10448],[1611410493557,50318195694.880905],[1611414396042,49320765355.749825],[1611418414560,48354559897.87992],[1611421519661,46805545297.15135],[1611425474376,46715931304.5008],[1611428613974,46212121729.54649],[1611432387943,45558003993.895035],[1611436283312,44620639531.48968],[1611439425288,44875038556.95526],[1611442849415,44358023498.570786]]}