{"stats":[[1609460362756,28908.93403688541],[1609463070685,29018.48965302439],[1609467940130,29347.05538594715],[1609470855518,29261.317587139503],[1609474283677,29324.67836596399],[1609478344762,29169.454062761637],[1609481421862,29197.96020784826],[1609486406550,29048.599409522107],[1609489838357,28974.371387536467],[1609492648337,29135.85657545741],[1609495981213,29226.534562022927],[1609500778030,29391.76472580144],[1609504462159,29458.4250439997],[1609506486655,29310.653572947653],[1609511140190,29460.97892276348],[1609514953472,29345.062106938833],[1609518088976,29265.03920060586],[1609520896322,29348.24594983417],[1609525021276,29269.970989745834],[1609527668726,29118.514971503246],[1609531305178,29113.533071628455],[1609535617928,29263.09613350326],[1609538714549,29253.385285359283],[1609542544109,29304.080786717124]],"total_volumes":[[1609460362756,43146399901.6611],[1609463070685,37787298975.16558],[1609467940130,38040194891.30727],[1609470855518,39086868805.96785],[1609474283677,38963002359.55586],[1609478344762,38735815103.79297],[1609481421862,36601667504.235245],[1609486406550,37171568783.263664],[1609489838357,36107477369.49608],[1609492648337,37018279769.65355],[1609495981213,36816189061.339775],[1609500778030,37201729098.43028],[1609504462159,37829013408.08533],[1609506486655,38276966587.70918],[1609511140190,36327546927.79146],[1609514953472,35240432786.30991],[1609518088976,33706746948.63738],[1609520896322,33483092483.880325],[1609525021276,33510688400.999203],[1609527668726,33057619260.233517],[1609531305178,33926209051.41325],[1609535617928,34714344928.60263],[1609538714549,34561299418.63684],[1609542544109,34353704843.835396]]}