{"stats":[[1618531530730,63207.55307317802],[1618535306273,63467.43001569091],[1618538691392,63009.462740774725],[1618542359660,62900.37312866156],[1618545928262,63088.16456201836],[1618549888018,61884.7653301418],[1618553767074,61525.04546181743],[1618556574219,61527.62159715785],[1618560151734,61556.88229152595],[1618565445037,60867.850478528264],[1618567314247,60720.83913814216],[1618572031657,60497.97225721784],[1618575104991,60729.30418477448],[1618578481013,60766.87779762756],[1618581896185,60696.57718394353],[1618585430180,61385.30573563476],[1618589380744,61596.975065217215],[1618592755128,61731.47507690356],[1618596081929,61746.56383062265],[1618600252444,61732.535980273686],[1618603751659,61794.622321912764],[1618606955333,61958.90258501568],[1618611063218,61844.14760224298],[1618614357415,61593.4982169017]],"total_volumes":[[1618531530730,60511415944.27867],[1618535306273,62027433321.719536],[1618538691392,61591983031.8018],[1618542359660,62266711783.58878],[1618545928262,64162628322.158356],[1618549888018,64389787445.66945],[1618553767074,65258751710.64353],[1618556574219,67493739414.98773],[1618560151734,68273947851.79616],[1618565445037,68768796018.69592],[1618567314247,69800427777.97472],[1618572031657,70422506674.78532],[1618575104991,72411767545.16571],[1618578481013,74685900004.26239],[1618581896185,76784503594.80342],[1618585430180,79511757480.68619],[1618589380744,82567702888.12625],[1618592755128,85724525689.38841],[1618596081929,86670135989.9595],[1618600252444,87335440836.66075],[1618603751659,86811644504.31068],[1618606955333,86778935856.94713],[1618611063218,86604249626.40047],[1618614357415,86583134311.68565]]}