{"stats":[[1613347645703,48565.32288945199],[1613352599087,48242.91184336785],[1613354668119,48146.23982322108],[1613358706017,46862.88823877233],[1613361700359,47083.03805970495],[1613365489602,46918.93102691646],[1613369308494,46770.02817531785],[1613373257020,47212.2475468462],[1613376395055,47310.200440076245],[1613380222091,47579.18764517152],[1613383596691,47532.0946726225],[1613386919233,47555.156200437814],[1613390829532,47709.562084736834],[1613395995288,47984.41938601861],[1613397893320,47873.79429902326],[1613401387429,47657.77874796809],[1613405536936,48029.345585984294],[1613408987406,48411.28769411903],[1613412440802,48432.370637517946],[1613415949902,48373.73347497062],[1613419365262,48614.864701755476],[1613423280887,48585.178531618],[1613426658832,48259.04975793262],[1613430795726,48247.94545823356]],"total_volumes":[[1613347645703,57595659869.67467],[1613352599087,56655549508.57812],[1613354668119,57583004334.46442],[1613358706017,61013997067.07625],[1613361700359,62652543506.32569],[1613365489602,63619056985.80525],[1613369308494,62957911373.24998],[1613373257020,61370315701.83334],[1613376395055,61544693773.68425],[1613380222091,61905327437.40044],[1613383596691,62299954890.71938],[1613386919233,61454867343.194695],[1613390829532,62023882925.02076],[1613395995288,61686925192.21157],[1613397893320,60664668067.67768],[1613401387429,60059629096.164536],[1613405536936,59813501070.072014],[1613408987406,60666842623.952095],[1613412440802,60882728559.73831],[1613415949902,60755036689.52351],[1613419365262,61240368134.60947],[1613423280887,61183655988.11063],[1613426658832,60931078623.70115],[1613430795726,61607651051.12606]]}