{"stats":[[1619741000124,53596.70402266675],[1619745447754,53456.22811013035],[1619748176757,53483.547854166834],[1619751912659,53574.40015717944],[1619755330833,53681.336964452734],[1619758993541,54101.59049997355],[1619762539403,54318.29276391888],[1619766099665,54511.25370785759],[1619769790038,54332.08597577831],[1619773350971,54577.323438764404],[1619776900741,54477.276388342325],[1619780498256,54289.676338302765],[1619784358315,54218.42837403623],[1619788367860,54802.18754896328],[1619791891243,55985.49640087922],[1619795183928,56756.316501699876],[1619798523529,57210.138362768965],[1619802166300,56805.27815017699],[1619805673721,56682.3217648727],[1619809331208,57043.194415417776],[1619812943963,56912.77785094373],[1619816685093,56786.15869001341],[1619820179553,57003.56072100917],[1619823855506,57166.66441986013]],"total_volumes":[[1619741000124,46958036373.360306],[1619745447754,48433838360.63742],[1619748176757,47835717025.48171],[1619751912659,48137366663.953125],[1619755330833,48860059621.136375],[1619758993541,49183120949.421],[1619762539403,50726828913.4237],[1619766099665,50576426607.29003],[1619769790038,49150137186.639336],[1619773350971,48953839048.539024],[1619776900741,48499597862.29442],[1619780498256,48216979702.49818],[1619784358315,48169113920.785835],[1619788367860,49494432940.40602],[1619791891243,50861974407.323006],[1619795183928,52655126870.030106],[1619798523529,54975744074.30964],[1619802166300,55763957194.84143],[1619805673721,55204507381.77809],[1619809331208,54867836820.31083],[1619812943963,52822597468.87112],[1619816685093,53709821431.49707],[1619820179553,52280611845.377686],[1619823855506,54280818560.85222]]}