{"stats":[[1612483937332,36886.69324526582],[1612488460591,37238.94500928901],[1612490672491,36841.82139551367],[1612494745546,36982.08177523132],[1612497995269,37321.94871280804],[1612502007585,37277.86481540384],[1612505330241,37159.91335766703],[1612508748332,37421.72527545297],[1612512808972,37669.834930437995],[1612516170522,37706.17806526009],[1612519482067,37414.54959231341],[1612523122966,37418.62580847469],[1612526814996,37681.4735421743],[1612530212292,37913.16962101254],[1612534168383,38231.390721737356],[1612537692827,38095.727258921055],[1612541546809,38042.872913681575],[1612544731089,37808.710366352636],[1612548969992,37767.663416742864],[1612552416426,37457.75793050067],[1612555777514,37652.07936692279],[1612559553794,37727.5175639242],[1612563484104,37830.0266467434],[1612566162396,37865.37185426464]],"total_volumes":[[1612483937332,54347463777.67441],[1612488460591,53876476370.796135],[1612490672491,53438228883.75868],[1612494745546,54517404880.05028],[1612497995269,53677821818.12019],[1612502007585,53293207187.908455],[1612505330241,52996114291.40057],[1612508748332,53229491950.11847],[1612512808972,53409934232.12488],[1612516170522,52428973074.75496],[1612519482067,48823060090.19777],[1612523122966,48924916555.775116],[1612526814996,48029961301.48656],[1612530212292,48964499844.33899],[1612534168383,49904416948.154755],[1612537692827,49769693038.60065],[1612541546809,49014151549.25204],[1612544731089,47546617339.44829],[1612548969992,48219244170.60778],[1612552416426,47893189539.05776],[1612555777514,48275619543.56096],[1612559553794,47088088388.918816],[1612563484104,46847958166.36302],[1612566162396,46793124173.73887]]}