{"stats":[[1617409726836,59528.37892164109],[1617411835470,59265.0753028216],[1617415980643,59219.85628738777],[1617419080079,59336.535414007325],[1617424012999,59276.41398768474],[1617426842032,59361.20631315944],[1617429724170,59448.731353331474],[1617433667443,59399.187491661454],[1617437272135,59333.939143893134],[1617441063755,59039.9444031868],[1617444224902,59280.317295353365],[1617448421265,59393.445682128186],[1617451974389,59256.47497602085],[1617454956111,59266.94148957775],[1617458505822,59372.529763359315],[1617462432313,59149.745014933],[1617466406142,58853.69674295725],[1617469535587,58790.69751118718],[1617473312481,58328.21614403807],[1617476600222,58457.01533531664],[1617480124803,58413.903641970195],[1617483751714,58139.05178787671],[1617487620749,57672.79807432743],[1617490948104,57841.846706724886]],"total_volumes":[[1617409726836,52609711893.95429],[1617411835470,51593457113.94056],[1617415980643,50943535006.40953],[1617419080079,48736366285.3088],[1617424012999,46795165011.49196],[1617426842032,46485225170.4109],[1617429724170,46762862672.5606],[1617433667443,47020143500.798294],[1617437272135,46621102381.96073],[1617441063755,48370023027.08831],[1617444224902,48602431848.30714],[1617448421265,48672310717.72424],[1617451974389,49560630090.501114],[1617454956111,48222340121.45792],[1617458505822,47992218628.547966],[1617462432313,47106393843.49809],[1617466406142,46461427599.52945],[1617469535587,46519564924.90572],[1617473312481,48570781812.59221],[1617476600222,49988487243.70637],[1617480124803,49949263830.673836],[1617483751714,50692117115.37594],[1617487620749,51227928169.925835],[1617490948104,52988296536.79219]]}