{"stats":[[1619136218749,51965.5664304852],[1619139789606,51521.10637133419],[1619143480704,51057.56137542083],[1619147030812,50082.502920631676],[1619150688295,50488.55872332266],[1619154272271,49290.43647082565],[1619157795713,49984.67887671872],[1619161318619,49058.95289841886],[1619164856500,47984.98190714404],[1619168619920,48789.050757042816],[1619172333918,48269.45951934902],[1619175904532,49590.70908851815],[1619179480948,50138.28330288627],[1619183266186,49533.18279733659],[1619186612314,49088.31572492751],[1619190299624,50050.137550432635],[1619194114344,50087.24839593811],[1619197230766,50073.48029019594],[1619201166240,50090.7476871039],[1619204730110,50862.25370657063],[1619208295261,51042.75407677841],[1619211871630,50844.35462548245],[1619215505303,50485.4552227507],[1619218936890,50592.384606887106]],"total_volumes":[[1619136218749,77897442831.71704],[1619139789606,77190064496.28827],[1619143480704,79939059180.53072],[1619147030812,81893192858.46852],[1619150688295,85351552528.47318],[1619154272271,84658116779.44186],[1619157795713,89121946176.94016],[1619161318619,89209860474.78574],[1619164856500,90690732981.22069],[1619168619920,94195450256.33287],[1619172333918,93591379084.81514],[1619175904532,98195060112.41556],[1619179480948,99246572151.88643],[1619183266186,98429439366.47284],[1619186612314,98693158319.08301],[1619190299624,101423412970.66342],[1619194114344,102133116018.10652],[1619197230766,102453102216.04735],[1619201166240,100785922131.81024],[1619204730110,99660978910.50226],[1619208295261,96998681754.02618],[1619211871630,96715028138.23439],[1619215505303,91991639271.7848],[1619218936890,88912420888.2287]]}