{"stats":[[1614816598980,50410.715819514255],[1614819961808,51180.27227244311],[1614823413623,51566.26960275553],[1614826904375,51104.580608679484],[1614830846941,49461.03395124106],[1614834557785,49169.66500622463],[1614837876365,49784.37847330062],[1614841510584,49414.457466483494],[1614845215236,49932.38348703295],[1614848670140,50217.071257112075],[1614852489056,49017.76190975677],[1614855969051,49384.939975436086],[1614859715694,49508.75167410553],[1614863066361,49417.431629581515],[1614866643965,49852.5388521003],[1614870300639,49036.31937957594],[1614874071239,49824.27603705638],[1614877614622,49850.60325932853],[1614881335491,48479.34812669567],[1614884729237,47658.262203371116],[1614888184231,48471.122298695795],[1614892030972,48350.67383687408],[1614895418390,48193.45099749775],[1614898887234,48498.505825765285]],"total_volumes":[[1614816598980,59023954219.21571],[1614819961808,60512235641.8595],[1614823413623,61690597152.734215],[1614826904375,61688111883.96072],[1614830846941,61630552725.25202],[1614834557785,62399164939.75892],[1614837876365,63876015331.27078],[1614841510584,63554461925.21465],[1614845215236,64010517836.530556],[1614848670140,63661460047.191025],[1614852489056,62693666359.89177],[1614855969051,62582293969.53281],[1614859715694,61962610882.55026],[1614863066361,60702209274.13798],[1614866643965,59874916629.922264],[1614870300639,58192402778.63233],[1614874071239,59125015132.10501],[1614877614622,58449234620.1461],[1614881335491,57933028873.82293],[1614884729237,58631930271.093994],[1614888184231,59954289651.09252],[1614892030972,60419745806.251305],[1614895418390,60146143750.23383],[1614898887234,60499038310.85197]]}