{"stats":[[1609633500408,32208.489017143685],[1609635777488,32484.23873972136],[1609639782512,32669.95706953804],[1609643245229,32818.155611296446],[1609646970998,32673.420095782833],[1609650859210,33611.431863152255],[1609653659632,33972.16002395336],[1609657700645,33918.29796049026],[1609661398169,34392.95141641195],[1609664498075,34571.219246824374],[1609668187776,34345.51737983793],[1609671795353,33985.25501143137],[1609675616111,34684.899334891976],[1609679950302,34371.06167083637],[1609683767205,34189.83524567431],[1609686724128,33698.20137363262],[1609690940993,33720.647405665695],[1609694633154,32733.374129672695],[1609698192470,32845.946507492015],[1609701762177,32966.26075577438],[1609704657017,33084.224774907554],[1609708960435,33810.21727573098],[1609711480337,33712.98687934911],[1609716091110,33519.65289891831]],"total_volumes":[[1609633500408,57573911507.35157],[1609635777488,57914655416.38135],[1609639782512,58772044560.27526],[1609643245229,58210151029.83003],[1609646970998,59013627313.22096],[1609650859210,61183033953.337975],[1609653659632,64356045396.678215],[1609657700645,68122942332.54008],[1609661398169,67499237585.17189],[1609664498075,67790754590.22124],[1609668187776,70730545633.0673],[1609671795353,71216144186.7519],[1609675616111,73999392201.46317],[1609679950302,71664357911.78865],[1609683767205,69700526933.52782],[1609686724128,68939253189.40515],[1609690940993,70021109361.90416],[1609694633154,66278214556.16352],[1609698192470,77957366876.92744],[1609701762177,68126815871.133194],[1609704657017,67155269033.54558],[1609708960435,64835415319.55465],[1609711480337,63961388644.93056],[1609716091110,64030817004.41074]]}