{"stats":[[1610843621073,35906.83076520261],[1610846237802,36290.86320884412],[1610849217380,36666.21375474326],[1610852951616,36388.154378389016],[1610856186118,36229.927391372396],[1610860744688,35754.133470610825],[1610863720747,35462.1229868683],[1610867388915,35441.14379437504],[1610870686565,34923.98033562272],[1610874110992,34569.33320412995],[1610878131762,34192.12497149424],[1610881496950,34880.368638792286],[1610885245859,35364.84966345693],[1610888878507,35140.34590336017],[1610892480577,34823.85576098545],[1610896749286,35319.19951798754],[1610900190659,35807.45240703516],[1610903126924,36001.02898284762],[1610907727897,35697.498400243734],[1610910753996,35913.42262266457],[1610914584925,35640.454654903784],[1610918531054,36639.18324898427],[1610921696522,36638.97695510753],[1610924924596,36259.301075196585]],"total_volumes":[[1610843621073,53355158244.84733],[1610846237802,54089967364.662315],[1610849217380,54448954989.7369],[1610852951616,50640496634.988976],[1610856186118,52835302860.22497],[1610860744688,52007034570.331184],[1610863720747,52672869761.964714],[1610867388915,53154873237.982956],[1610870686565,53271709194.34012],[1610874110992,53620003667.4155],[1610878131762,53799448507.09563],[1610881496950,54264178396.712585],[1610885245859,56530510483.55862],[1610888878507,55762019912.54793],[1610892480577,54807986599.71593],[1610896749286,54978191507.60436],[1610900190659,51967816374.61182],[1610903126924,50086223114.48447],[1610907727897,49733930326.485306],[1610910753996,52344719037.417015],[1610914584925,51493157825.77756],[1610918531054,52556880570.124626],[1610921696522,52089176433.06667],[1610924924596,51368225472.49352]]}