{"stats":[[1614297809331,46992.665450048495],[1614301769384,46513.120581111805],[1614305260769,46542.2532873948],[1614308746201,47671.0461272975],[1614312224381,47629.322477694484],[1614315749395,47074.58598303568],[1614319450318,45823.394963459454],[1614323080321,46455.55837272096],[1614326622151,44593.78721197302],[1614330268088,45946.68270887539],[1614333963855,46681.6337384419],[1614337665498,46629.14909907316],[1614341133224,46744.143968994016],[1614344659403,46875.57300531373],[1614348229483,46504.934469214444],[1614351863772,47169.847816682566],[1614355396796,47801.4167495753],[1614359332950,48327.93124673781],[1614362927310,47692.33938213324],[1614366196196,47828.054437891806],[1614369708033,46927.02430240682],[1614373343422,46862.15824585948],[1614377260394,45903.137570367435],[1614380471423,45939.10340278172]],"total_volumes":[[1614297809331,60355381275.54549],[1614301769384,61981075082.8296],[1614305260769,63831842538.104294],[1614308746201,66744186930.62521],[1614312224381,67399077599.26943],[1614315749395,67000891705.79712],[1614319450318,66539198972.91284],[1614323080321,68620385142.98116],[1614326622151,69355184557.31451],[1614330268088,73520852466.19511],[1614333963855,74909887574.09827],[1614337665498,75464217818.24957],[1614341133224,75927847029.26921],[1614344659403,76026265390.64786],[1614348229483,73692521998.5196],[1614351863772,75342539537.71045],[1614355396796,77329435404.36914],[1614359332950,78836547663.00325],[1614362927310,77158668028.97626],[1614366196196,77268868840.9396],[1614369708033,76275568535.14296],[1614373343422,75950564874.99237],[1614377260394,74528892028.3777],[1614380471423,74422081483.87154]]}