{"stats":[[1614125059469,48691.894831704405],[1614128682367,48274.802986996896],[1614132121267,50484.582444791726],[1614135986515,50374.46577961013],[1614139731318,51220.31692723462],[1614143210916,50883.29331528482],[1614146972935,50524.56038248287],[1614150508742,50124.249730326446],[1614154749805,50510.018090843936],[1614157790982,50681.29203787575],[1614160872772,51051.010469907815],[1614164841674,50289.15066563651],[1614168684791,50473.371611723465],[1614173635706,49440.678842095236],[1614175537285,49560.02154401758],[1614179344189,49507.27881373312],[1614182720216,49825.04964378574],[1614186298363,49687.076560377565],[1614189821165,50065.33722402897],[1614193297089,49861.043224334855],[1614197081397,48965.81363000662],[1614200528968,49151.13960703937],[1614204337339,48879.938053177815],[1614207857715,49023.95828746365]],"total_volumes":[[1614125059469,116689607925.81473],[1614128682367,116767793941.03802],[1614132121267,122585106419.99844],[1614135986515,121790178682.38397],[1614139731318,121792509086.37776],[1614143210916,119226593919.6876],[1614146972935,114378881841.96402],[1614150508742,112877752030.95027],[1614154749805,111375979730.98608],[1614157790982,106678471132.51566],[1614160872772,100811367247.23141],[1614164841674,96412922614.92465],[1614168684791,91386070697.20139],[1614173635706,84177494637.86609],[1614175537285,84294025369.00606],[1614179344189,82424284355.13377],[1614182720216,81646609090.9294],[1614186298363,79609203563.44208],[1614189821165,78784387641.35043],[1614193297089,77258976606.78354],[1614197081397,74403292544.52832],[1614200528968,73180094954.96007],[1614204337339,71966775775.45247],[1614207857715,72267860727.53307]]}