{"stats":[[1619222706360,51191.1246964079],[1619226323327,49878.13780448682],[1619229764541,49948.593887613875],[1619233390138,50144.43808207704],[1619236841546,50212.48089426986],[1619240665055,50631.072151152286],[1619244374330,50532.53899783275],[1619247791088,50365.947028664596],[1619251572586,49890.66129496305],[1619254961797,50041.59507088961],[1619258659114,49675.94394721126],[1619262182925,49219.007851825816],[1619265788328,48985.689867411566],[1619269713348,49608.866913459926],[1619273062599,49684.251699039065],[1619276532511,49385.01170849878],[1619280214140,50308.098917613446],[1619283767101,50017.29681092905],[1619287411230,50150.3875058121],[1619290983323,50658.272452349825],[1619294645030,50667.74132608451],[1619298260449,50943.27827120838],[1619301869284,50962.47527923396],[1619305366767,50601.95214099316]],"total_volumes":[[1619222706360,91138220375.4599],[1619226323327,88182036582.11812],[1619229764541,82496632765.05252],[1619233390138,79344034517.9048],[1619236841546,74032725406.8424],[1619240665055,74215973436.11836],[1619244374330,68955645453.52351],[1619247791088,66707081171.36659],[1619251572586,62258958176.02967],[1619254961797,60211637161.57387],[1619258659114,58998012267.38828],[1619262182925,56786811981.505615],[1619265788328,57360229487.28788],[1619269713348,56023554416.67084],[1619273062599,56133190145.75625],[1619276532511,53671568463.35907],[1619280214140,54236181305.0715],[1619283767101,54237932181.17564],[1619287411230,52625815381.15056],[1619290983323,52353323120.43899],[1619294645030,51205394603.66302],[1619298260449,50590532269.24829],[1619301869284,49558974866.97697],[1619305366767,48818008759.65799]]}