{"stats":[[1615766854967,59195.39988565917],[1615770321846,59687.036158902265],[1615773806734,60142.79928837695],[1615777491734,60209.23663824686],[1615780890985,60520.558882163925],[1615784729970,59753.77686143004],[1615788373369,59116.172963045894],[1615791800980,58697.51987420351],[1615795307712,58055.508817991344],[1615798939055,57820.59792846678],[1615802618633,55527.63692550928],[1615806067855,56553.590802835075],[1615809822991,56397.15062504499],[1615813685223,57083.81634335159],[1615816915926,57157.64717060753],[1615820603360,56711.812936868315],[1615824063714,56304.65154515878],[1615827670769,56410.942916697844],[1615831332017,55939.55161067859],[1615835309404,56255.40132398365],[1615838723378,56860.21594649329],[1615842060604,56486.761398087074],[1615845693652,57004.74625996393],[1615849500955,56225.514894505184]],"total_volumes":[[1615766854967,48071938731.44986],[1615770321846,49549787475.42801],[1615773806734,50145839467.72012],[1615777491734,50172774655.85087],[1615780890985,50150643334.49859],[1615784729970,50022143077.92417],[1615788373369,50104657094.618324],[1615791800980,51511782768.85972],[1615795307712,54959603590.910324],[1615798939055,56048774235.25231],[1615802618633,60516480934.02079],[1615806067855,64070736808.25892],[1615809822991,63749846032.34874],[1615813685223,66937109811.51152],[1615816915926,66288615168.27822],[1615820603360,67174005410.3204],[1615824063714,67915486775.695786],[1615827670769,68087924863.53465],[1615831332017,68674838177.6244],[1615835309404,69587974012.78552],[1615838723378,70465268989.93274],[1615842060604,70639387049.47968],[1615845693652,71523965164.10658],[1615849500955,71216528201.472]]}