{"stats":[[1611620925972,32579.05361963463],[1611625114155,32376.224635281258],[1611626698580,32785.15581838304],[1611630554201,32356.62726886625],[1611634008961,31702.026819036866],[1611637768841,32101.110612221393],[1611641375594,32070.56839367774],[1611645140682,31520.789305003076],[1611648061554,31724.50944646986],[1611652210216,31934.605167472597],[1611655740564,32043.251544354924],[1611659068064,32213.05733215674],[1611663546896,31919.415100118156],[1611666189845,31532.44474625396],[1611670539537,31588.307447792744],[1611673399762,31327.61336286055],[1611677005424,31824.95219633346],[1611681517253,32162.601998762028],[1611684753760,32143.858406782463],[1611687936329,32274.08606407431],[1611692348862,32388.787033049965],[1611695998348,32090.03968424541],[1611698969172,32016.318284406065],[1611702943727,32639.758582145012]],"total_volumes":[[1611620925972,50666680526.02146],[1611625114155,49263369009.66156],[1611626698580,49645938966.11449],[1611630554201,48737539605.288414],[1611634008961,48072406417.218155],[1611637768841,48003887030.61511],[1611641375594,47881730464.269806],[1611645140682,46746536011.82389],[1611648061554,47924375428.7516],[1611652210216,48408557016.312294],[1611655740564,48701540244.78392],[1611659068064,49182098133.6053],[1611663546896,49001536185.421646],[1611666189845,47900751473.14948],[1611670539537,46857427355.56612],[1611673399762,47076424535.28313],[1611677005424,48184314334.12931],[1611681517253,48933021079.52508],[1611684753760,49322472530.32329],[1611687936329,49562070574.379524],[1611692348862,49924100885.46006],[1611695998348,49155953679.76229],[1611698969172,48126854668.71644],[1611702943727,48517433311.08074]]}