{"stats":[[1618444937479,62807.12323259299],[1618448622419,62926.23452072718],[1618452257369,62998.519267321375],[1618455927482,62901.519002613466],[1618459440264,63077.162755288555],[1618462973214,63071.56719826141],[1618466706096,63363.1196008427],[1618470174569,62866.872299208044],[1618473747129,62914.37275191379],[1618477469052,62715.40749459185],[1618481092336,62592.451564514886],[1618484630546,62320.26566265919],[1618488455444,62408.36343150974],[1618492200343,62680.37525804654],[1618495264903,62980.042936166436],[1618499053863,62641.967327043465],[1618504491663,63082.593789998195],[1618506568120,62773.437903980324],[1618509662072,62508.73074479879],[1618513346341,62776.85265192648],[1618516977103,63531.95933531295],[1618520655322,63322.07659285964],[1618524127145,63604.37720073516],[1618527985431,63298.547035700794]],"total_volumes":[[1618444937479,80157135507.58896],[1618448622419,79749310727.2347],[1618452257369,81325618335.3636],[1618455927482,79787458499.55925],[1618459440264,79484530226.85463],[1618462973214,79604291325.77184],[1618466706096,79382640877.38246],[1618470174569,75912879598.90518],[1618473747129,76029591118.83237],[1618477469052,74741320076.99995],[1618481092336,72434356846.36818],[1618484630546,70871274805.56682],[1618488455444,69894831035.18227],[1618492200343,69181495993.41121],[1618495264903,68959339553.55032],[1618499053863,65940825884.2999],[1618504491663,65504643993.50007],[1618506568120,63917455713.233955],[1618509662072,62486335123.65238],[1618513346341,60400887670.24803],[1618516977103,60027985194.64943],[1618520655322,60568944112.54746],[1618524127145,61825721827.70692],[1618527985431,60718820410.01065]]}