{"stats":[[1616804601964,55662.59455207245],[1616808701870,54767.57942014555],[1616812335025,54868.69349607076],[1616816023318,54662.55881740068],[1616819756494,55228.893228501875],[1616822396379,54840.440575363675],[1616825651956,55170.13460186389],[1616828654736,55104.44860459153],[1616833728998,54917.90563223704],[1616837022766,54870.09148841475],[1616841070909,54896.564064304395],[1616843142046,54590.846921927594],[1616847323912,54431.87696132494],[1616851790517,54356.88804430096],[1616853646083,54732.77755740252],[1616858297916,54762.4164203757],[1616861551509,55247.26171293311],[1616865349655,56027.80757436747],[1616869975383,55840.51498362393],[1616872108900,55766.444912887215],[1616875355222,55760.11954087084],[1616879351680,55864.525076619],[1616883782288,56313.7733320288],[1616887831953,56050.468693711664]],"total_volumes":[[1616804601964,56060260236.266014],[1616808701870,55051400981.474266],[1616812335025,54783677978.867195],[1616816023318,53075226120.27978],[1616819756494,53733580164.39409],[1616822396379,52958013733.993195],[1616825651956,51807706416.72101],[1616828654736,52451675609.468315],[1616833728998,49056709046.12132],[1616837022766,48257925095.58935],[1616841070909,47958766076.643814],[1616843142046,48142629626.53372],[1616847323912,46084986608.69404],[1616851790517,45321885213.01507],[1616853646083,46170104492.00304],[1616858297916,46537601821.68484],[1616861551509,46695951585.60975],[1616865349655,46955259592.21249],[1616869975383,46450046176.49793],[1616872108900,47265045930.610916],[1616875355222,46989993312.81715],[1616879351680,46108314352.658875],[1616883782288,46661195677.19528],[1616887831953,48116298913.352234]]}