{"stats":[[1619481944162,54019.26878317463],[1619485644418,53718.060935791524],[1619488971494,53677.12968669343],[1619492584917,53848.3814432924],[1619496080871,53561.593235320615],[1619499815336,53456.0913723206],[1619503455813,53888.97184353125],[1619506960808,54796.37233913172],[1619510809335,54593.507358383504],[1619514074035,54582.558599307624],[1619517876133,54635.7248282177],[1619521481386,54772.612788430226],[1619524883985,55192.54513921453],[1619528900472,54878.11598538206],[1619533149962,54513.95881205807],[1619536713738,55013.68511841942],[1619539283223,55145.89456844788],[1619543055684,54718.37455337104],[1619546599058,54954.0493828267],[1619550236144,54910.13413954234],[1619553699522,54778.58411728141],[1619557390425,55027.87934987173],[1619561053064,55473.0657777974],[1619564574508,54997.291345118225]],"total_volumes":[[1619481944162,60381178344.42464],[1619485644418,58541461533.35063],[1619488971494,56486070924.87395],[1619492584917,55224688220.10922],[1619496080871,54641218511.76092],[1619499815336,53834356403.7407],[1619503455813,52399308487.53543],[1619506960808,53683606776.44907],[1619510809335,55633957613.447266],[1619514074035,55593658244.45348],[1619517876133,53790827129.12704],[1619521481386,53072638517.370346],[1619524883985,54202664309.16041],[1619528900472,51944691465.27493],[1619533149962,52231298134.81755],[1619536713738,54027319022.12315],[1619539283223,54358378358.550644],[1619543055684,53309980594.90366],[1619546599058,53564415046.56732],[1619550236144,52123702332.63609],[1619553699522,51333610896.01453],[1619557390425,50194244609.03987],[1619561053064,51045371172.636635],[1619564574508,48673285257.97828]]}