{"stats":[[1618185946471,60076.17415341904],[1618189252755,59792.177987949384],[1618192867799,59952.45313123375],[1618196509663,59671.33641024264],[1618200375714,60384.74198231349],[1618203784356,60227.06657322482],[1618207704815,60168.26037525915],[1618211178699,60742.590216002216],[1618214546811,60774.26126925519],[1618218445849,60690.221583559236],[1618221662708,60213.3914743032],[1618225473056,59765.58779544893],[1618229163863,60262.03873758763],[1618232902097,60421.56215511043],[1618236296719,60368.170420026836],[1618239976621,59990.25406072179],[1618243596981,60068.50244176861],[1618247063013,60021.169617286636],[1618250777082,59774.818947756095],[1618254443436,59977.92378409435],[1618257645089,60062.1709317423],[1618261439665,60152.51039457572],[1618265395682,60034.2485973507],[1618268780138,60091.49024165346]],"total_volumes":[[1618185946471,46810367530.8896],[1618189252755,46120354224.29441],[1618192867799,46157442268.2079],[1618196509663,45896740875.18964],[1618200375714,46819011922.621735],[1618203784356,47059461723.89201],[1618207704815,46827161783.36646],[1618211178699,47768060349.28689],[1618214546811,49722299806.652504],[1618218445849,50188505045.81737],[1618221662708,50906373468.91199],[1618225473056,52285030639.23288],[1618229163863,53942835223.14834],[1618232902097,54260204109.698654],[1618236296719,54396365552.66231],[1618239976621,54741124976.470825],[1618243596981,55428254017.94427],[1618247063013,56175659404.48593],[1618250777082,55830336845.64641],[1618254443436,56087848292.48162],[1618257645089,55749677107.93099],[1618261439665,56227187682.18812],[1618265395682,56549028667.69261],[1618268780138,56047579977.85866]]}