{"stats":[[1617926518358,58065.644024815316],[1617930231697,58289.540464922866],[1617933817953,57998.39141848117],[1617937365249,57975.0683898623],[1617941100974,58035.13247752884],[1617944567637,58193.72385394534],[1617948283942,58029.163084181775],[1617951663094,57950.2201089116],[1617955450198,57955.70221849897],[1617959069243,57806.29874959166],[1617962722232,57942.86929554848],[1617966155377,58520.32328504297],[1617970139903,58563.585721537915],[1617973427352,58466.298303851705],[1617977648498,58471.52968662805],[1617980785376,58358.69990997884],[1617984246189,58242.12811112787],[1617988060532,58206.08504768155],[1617991324458,58408.94696915119],[1617994925433,58349.03086321498],[1617998804447,58390.692099922046],[1618002164550,58338.14040696499],[1618006043750,58318.33689020226],[1618009617562,58057.37194756994]],"total_volumes":[[1617926518358,48714359354.07226],[1617930231697,48216615898.223885],[1617933817953,48227758471.85466],[1617937365249,48291656035.04939],[1617941100974,48236148483.867386],[1617944567637,47819489260.63378],[1617948283942,47341511861.49476],[1617951663094,47338868492.98048],[1617955450198,47239973029.766716],[1617959069243,47304078651.13536],[1617962722232,47457655822.641106],[1617966155377,48556083694.27611],[1617970139903,48968114757.09277],[1617973427352,48401944269.269196],[1617977648498,47962788191.712524],[1617980785376,47934631965.9433],[1617984246189,47709120180.64493],[1617988060532,46992852372.48618],[1617991324458,47483200279.53688],[1617994925433,47009951328.19677],[1617998804447,46972695570.869415],[1618002164550,46912324244.018936],[1618006043750,46627203576.593376],[1618009617562,45849831496.748215]]}