{"stats":[[1619049793658,54190.07026283405],[1619053376733,54068.614531599815],[1619056911615,54318.66885620384],[1619060414082,53743.7602011042],[1619065974056,54246.15275002624],[1619067681781,54352.75305585674],[1619071362108,54686.879296952866],[1619075189750,54519.45578251486],[1619078691902,54325.67668031246],[1619082095581,53471.82486070988],[1619085668988,54321.263465585274],[1619089500020,54155.91852124038],[1619093056895,54837.10846347743],[1619096991440,55042.15626412489],[1619100200451,54452.381264969605],[1619103813427,54926.10473811186],[1619107410303,54642.861800608945],[1619111137960,54906.3091328604],[1619114749601,52778.38745977299],[1619118121910,53288.87230305214],[1619121715898,53166.38823727462],[1619125450905,51810.523928259616],[1619128836765,51502.48187667513],[1619132796945,51599.318819053995]],"total_volumes":[[1619049793658,56115370322.140594],[1619053376733,56249304974.14137],[1619056911615,56548420502.23742],[1619060414082,59235212545.65385],[1619065974056,60421684147.98816],[1619067681781,61939805537.73238],[1619071362108,62510030096.73167],[1619075189750,61062841975.875145],[1619078691902,62489650201.08283],[1619082095581,62297547992.10548],[1619085668988,64774296461.0961],[1619089500020,64895662433.589355],[1619093056895,56962827436.401375],[1619096991440,64595245115.96132],[1619100200451,66245243777.09996],[1619103813427,66646021753.77303],[1619107410303,64345097662.06533],[1619111137960,64784113635.71723],[1619114749601,65559193266.0796],[1619118121910,67740077944.36676],[1619121715898,71684263531.3055],[1619125450905,72242705860.24068],[1619128836765,74896002004.13893],[1619132796945,77141418580.64938]]}