{"stats":[[1610409926939,35607.99789095332],[1610413591753,35144.349542339485],[1610417712596,34487.772492232834],[1610421223746,34498.00158773917],[1610425229027,35210.25266649849],[1610428109390,35501.49530109157],[1610431697855,35863.41747332643],[1610435998054,35792.656091702185],[1610438936086,36475.4824096067],[1610443618242,35840.06917372481],[1610446106838,36046.99762513413],[1610449996857,35361.28962001842],[1610454689102,35291.77898251636],[1610457502816,35360.2178229943],[1610461338418,33979.20752182799],[1610464216323,33727.28353637144],[1610468480507,34412.62871747439],[1610471862689,35253.204109146536],[1610474917082,35026.62912511265],[1610478762470,34854.6932970463],[1610482407144,34609.719733953905],[1610486821998,34483.03031435339],[1610490404215,34793.69406025632],[1610492700711,33832.38759099165]],"total_volumes":[[1610409926939,111564381499.1961],[1610413591753,110608166068.86108],[1610417712596,109122439707.34665],[1610421223746,108448844477.80888],[1610425229027,110192751970.15538],[1610428109390,109239778680.8641],[1610431697855,109330891616.50865],[1610435998054,99930635606.64102],[1610438936086,99676752043.84268],[1610443618242,100370239037.24788],[1610446106838,100771935217.82251],[1610449996857,100252152660.43785],[1610454689102,98252510189.99379],[1610457502816,97433196642.21547],[1610461338418,90894579779.8717],[1610464216323,89433809960.6028],[1610468480507,86042315518.25203],[1610471862689,83680670096.51291],[1610474917082,78285141795.33928],[1610478762470,76310221803.55704],[1610482407144,74136814071.7934],[1610486821998,72764029150.01138],[1610490404215,71733252524.96605],[1610492700711,69646719863.38332]]}