{"stats":[[1611101100094,36104.86385775514],[1611105139139,36316.57613216351],[1611108224720,36234.172422332456],[1611112833309,36057.845324863556],[1611116335252,35215.00445440738],[1611120186135,35291.820248157506],[1611123535843,35493.782984949],[1611126967393,35304.22217788937],[1611130168746,35759.73514351621],[1611134216459,35436.45407250533],[1611137555549,34501.324856627936],[1611141161469,34845.60295515258],[1611145130200,34406.40126875622],[1611148264003,34558.481251938385],[1611151530917,35079.299177150475],[1611155134890,34901.35006838259],[1611158580050,34321.32190182092],[1611162594109,34768.76572677692],[1611165937558,34884.75064680011],[1611169754180,35265.736903102385],[1611173348211,35346.534036528916],[1611177733001,34760.11734664167],[1611181024126,34927.06009321308],[1611183887351,35059.507745550494]],"total_volumes":[[1611101100094,51736994549.005974],[1611105139139,53752786417.38324],[1611108224720,52961653837.14471],[1611112833309,51839738505.771835],[1611116335252,51928838828.28629],[1611120186135,50810227386.73924],[1611123535843,49940811824.46717],[1611126967393,51806135297.80672],[1611130168746,52615201474.23193],[1611134216459,51251983928.333305],[1611137555549,51177031246.25438],[1611141161469,52802875500.71314],[1611145130200,51846884456.619026],[1611148264003,55898092787.66817],[1611151530917,57714818249.40362],[1611155134890,57838574366.90222],[1611158580050,57789111562.04787],[1611162594109,59026866664.11034],[1611165937558,60037469769.36363],[1611169754180,60111007118.06204],[1611173348211,59990180593.37215],[1611177733001,58837769573.78965],[1611181024126,59145722091.1143],[1611183887351,59602633403.0794]]}