{"stats":[[1617235645796,58772.18128166619],[1617238883818,59143.22257552314],[1617243551992,59205.02016179689],[1617246654378,59059.296123480664],[1617250098917,59053.454752719226],[1617253995987,58856.7555682645],[1617257426896,58831.90301228289],[1617260961273,58727.07403791155],[1617264124564,58821.11795397773],[1617267920011,58807.75368432521],[1617271270041,58782.882958226386],[1617275905591,58452.395374772816],[1617279222759,58659.56112535479],[1617283029260,59080.37202162234],[1617286242115,58912.839934889664],[1617290079854,59046.69574320105],[1617293474324,58856.159718234754],[1617297459658,58756.073589787266],[1617301174097,58419.910794038595],[1617304629938,58729.47445825195],[1617307248425,58903.55742192981],[1617311692196,58850.07962471818],[1617315051384,58819.32041107996],[1617319092425,58941.76510849229]],"total_volumes":[[1617235645796,56284050048.79175],[1617238883818,57217207042.48379],[1617243551992,58322614718.848785],[1617246654378,59555544523.85715],[1617250098917,61715335086.06074],[1617253995987,62343813366.72511],[1617257426896,62971784168.9233],[1617260961273,63099620250.3395],[1617264124564,61798844879.46849],[1617267920011,60412052851.86889],[1617271270041,59644341406.08112],[1617275905591,60332653804.63571],[1617279222759,59955229441.24919],[1617283029260,61233322730.30951],[1617286242115,59421027264.03748],[1617290079854,59561568984.88269],[1617293474324,57810076858.23093],[1617297459658,57163500670.057625],[1617301174097,57048786486.36901],[1617304629938,57853678184.01013],[1617307248425,57454935847.41254],[1617311692196,55906661845.44235],[1617315051384,54886641476.9329],[1617319092425,54559252627.08951]]}