{"stats":[[1611792528091,30537.06489727121],[1611797724203,30653.553693912098],[1611799637063,30994.19847791159],[1611803547135,31274.38604059164],[1611806658864,31441.260677769642],[1611810777503,31196.75074392589],[1611814177338,31765.83255255277],[1611817760016,31557.829483167774],[1611821560692,31221.34951121388],[1611825254811,30822.87855812675],[1611828826055,31401.80215473998],[1611831800125,31490.36825198058],[1611836101743,31424.05605617182],[1611839188946,31485.555585442595],[1611842573970,31736.675328965786],[1611847146824,31730.28700244875],[1611849862091,31986.935373274013],[1611853588680,32412.960360523273],[1611857543113,32308.941007318313],[1611861546421,32587.646359482507],[1611864615105,32579.56830511695],[1611868240965,32586.04006921725],[1611871445146,33194.97839307248],[1611875477356,33351.39764011169]],"total_volumes":[[1611792528091,51602084984.79246],[1611797724203,52226806495.40293],[1611799637063,52889070102.850494],[1611803547135,53573041979.378525],[1611806658864,54041780282.83543],[1611810777503,54019632851.45566],[1611814177338,54911972697.411],[1611817760016,55285385793.0196],[1611821560692,54911336308.733315],[1611825254811,54022904757.77315],[1611828826055,54206301617.88594],[1611831800125,54533839320.61075],[1611836101743,53435429982.24172],[1611839188946,53066476344.90771],[1611842573970,53174797048.402664],[1611847146824,50926236749.90524],[1611849862091,50964713392.26338],[1611853588680,51173913923.98168],[1611857543113,50289791756.125275],[1611861546421,50179416951.52036],[1611864615105,49746541640.496994],[1611868240965,49092289952.38263],[1611871445146,49858464970.2259],[1611875477356,50536024710.46442]]}