{"stats":[[1611446977099,32066.158191542512],[1611450109444,31917.61938179852],[1611453953749,31955.00102674383],[1611457718923,32110.771005595743],[1611461400718,32388.47722085131],[1611464992238,32818.745421909385],[1611469086353,32695.68548682546],[1611471899046,32689.450918932715],[1611475760962,32853.38226707587],[1611480502491,32621.677832767524],[1611483189979,32626.506797051625],[1611486495121,32736.939785216477],[1611489885864,32794.458508837924],[1611493616715,32323.977480796937],[1611498166575,32288.284967503292],[1611500677614,32148.25290607429],[1611505135385,31890.388143479424],[1611508342522,31847.30665648488],[1611512008664,31827.578512177384],[1611516218069,31656.869004547712],[1611519002015,31332.343917164144],[1611522564105,31686.282541206063],[1611525906348,31991.122791242276],[1611530725332,32114.070569831772]],"total_volumes":[[1611446977099,43560201917.72988],[1611450109444,42959493910.10737],[1611453953749,42256205221.493385],[1611457718923,42172740620.82099],[1611461400718,42569719683.73124],[1611464992238,43812785485.83934],[1611469086353,43720395073.29284],[1611471899046,43692711426.25403],[1611475760962,43789612276.65597],[1611480502491,43497449205.13333],[1611483189979,43169013866.84611],[1611486495121,43015788377.35386],[1611489885864,42060543632.538315],[1611493616715,41821950619.105064],[1611498166575,41150998440.817825],[1611500677614,41186272237.26656],[1611505135385,39404922587.06371],[1611508342522,39658529688.721306],[1611512008664,40094781788.36836],[1611516218069,39657367740.32282],[1611519002015,40459556451.43634],[1611522564105,41301915743.936745],[1611525906348,41745190848.20582],[1611530725332,42178900143.83085]]}