{"stats":[[1614470967580,869649724200.5775],[1614475188349,867925305365.0157],[1614477873188,866041386346.7374],[1614481463779,855196406117.1194],[1614484970918,837172528254.9679],[1614488691632,837943994203.4119],[1614492194710,840042873144.7112],[1614495795635,836009138887.635],[1614499514259,833373102427.1682],[1614503419334,841458494795.9568],[1614506786446,846773485482.2158],[1614510166250,847660245286.2465],[1614513869124,847896107789.6029],[1614517298695,836076165105.7155],[1614521257297,831553250572.6189],[1614524601940,828108754244.9176],[1614528513923,811674448675.8107],[1614532010269,816837283758.7688],[1614535665985,810856922524.9255],[1614539034954,815688842944.3987],[1614542902534,831699315840.5431],[1614546607067,834411596418.9277],[1614549848293,845547207367.9617],[1614553448967,843544092959.396]],"total_volumes":[[1614470967580,50370514739.5497],[1614475188349,50579047984.95063],[1614477873188,50315365206.326485],[1614481463779,49093284162.02152],[1614484970918,49637477216.72504],[1614488691632,51098020822.03304],[1614492194710,52197982036.66566],[1614495795635,53855830560.21758],[1614499514259,54021217958.05194],[1614503419334,53308209977.90798],[1614506786446,54934805567.02066],[1614510166250,55019358135.89553],[1614513869124,54605021217.84892],[1614517298695,53655698592.17233],[1614521257297,53061539186.67084],[1614524601940,54589861146.13391],[1614528513923,54771979146.76587],[1614532010269,56490434941.807556],[1614535665985,56598161333.35187],[1614539034954,57770086371.015175],[1614542902534,59670246450.39784],[1614546607067,60862796344.6239],[1614549848293,61755382921.35278],[1614553448967,59928955286.903496]]}