{"stats":[[1618704253949,1125592412523.221],[1618706162747,1115003134097.2576],[1618708751634,1114272235493.6863],[1618711892533,1110439563357.7292],[1618713811617,1107635321496.533],[1618716375938,1090442370678.713],[1618719031920,1011952106899.6896],[1618721780084,1035453733253.919],[1618724243674,1037366125316.81],[1618726938764,1050147315525.862],[1618729585175,1042460675672.0082],[1618733200718,1053561101002.9354],[1618736840009,1031559169480.786],[1618740413492,1018989372903.8184],[1618743821562,1026027388546.2273],[1618747686508,1001318158614.649],[1618751299042,1033718246286.0442],[1618754540251,1032540791456.0112],[1618759341817,1032659649094.1173],[1618761785235,1032007163032.5331],[1618766024662,1039974304901.7595],[1618768835817,1029057346098.0133],[1618772733078,1033991852767.5476],[1618776761171,1042297391551.9242],[1618779973048,1053162834415.0552],[1618785190693,1055587587319.0953],[1618786993756,1059465236660.8221]],"total_volumes":[[1618704253949,63689107005.622734],[1618706162747,62829127191.578476],[1618708751634,63341573123.530846],[1618711892533,64384868667.46861],[1618713811617,65936276878.63828],[1618716375938,65634004201.679054],[1618719031920,73668997066.4062],[1618721780084,79090195363.3376],[1618724243674,80418856657.38556],[1618726938764,84993806517.1469],[1618729585175,84686047278.91953],[1618733200718,84299808870.53732],[1618736840009,89230629849.25424],[1618740413492,92443835728.89256],[1618743821562,92254013945.08902],[1618747686508,92238703427.37277],[1618751299042,94966877622.54639],[1618754540251,95713893808.8606],[1618759341817,96693849663.89108],[1618761785235,98922988275.766],[1618766024662,97486813996.48979],[1618768835817,96762055278.9553],[1618772733078,97621979336.38832],[1618776761171,96873359015.30241],[1618779973048,99102661039.79605],[1618785190693,100746419960.3484],[1618786993756,101765351646.27652]]}