{"stats":[[1613001678123,839561451461.0575],[1613005329744,831216345906.7095],[1613009215516,827159078404.0946],[1613012523611,831433840090.5852],[1613016410229,841896468993.7332],[1613020073793,831413223552.0181],[1613023687152,833593986187.1792],[1613027194036,829193373042.1661],[1613030842346,831905635855.9205],[1613034732699,838512141106.4205],[1613038134907,845215120018.5282],[1613041351779,860118610118.3386],[1613045290913,856403954591.244],[1613050700498,887967002328.5902],[1613052089259,884440849124.4309],[1613055884379,889378051870.0378],[1613059679652,890463506515.1022],[1613063407770,884476944109.4181],[1613066829773,879200031843.4705],[1613070584348,884930200040.1547],[1613074095144,886736904653.6359],[1613077798773,872356417040.8553],[1613081210835,873074037214.6312],[1613084504706,884729220849.4622]],"total_volumes":[[1613001678123,70000356395.81508],[1613005329744,69341630576.37927],[1613009215516,69354143959.32246],[1613012523611,69395019176.36252],[1613016410229,69895012345.9517],[1613020073793,68313880772.87077],[1613023687152,66410886856.42124],[1613027194036,66042192885.17365],[1613030842346,65919120213.46769],[1613034732699,65417783525.2211],[1613038134907,65821570084.5847],[1613041351779,66349331072.97045],[1613045290913,65066246173.06824],[1613050700498,66078806306.1145],[1613052089259,67027146380.20627],[1613055884379,67296024035.94484],[1613059679652,64708515423.91231],[1613063407770,63604972793.00298],[1613066829773,63179778986.77131],[1613070584348,63454746660.6754],[1613074095144,63481332487.20783],[1613077798773,64255136583.40059],[1613081210835,64756772918.5414],[1613084504706,64455218259.69905]]}