{"stats":[[1617235645796,1098127310946.8978],[1617238883818,1104214670408.3032],[1617243551992,1107145906329.4517],[1617246654378,1102653299931.8179],[1617250098917,1101784964546.339],[1617253995987,1099787035973.1323],[1617257426896,1098357133953.2183],[1617260961273,1098837313109.5303],[1617264124564,1097517121830.0273],[1617267920011,1099900065090.3286],[1617271270041,1097508343935.533],[1617275905591,1091764157981.2175],[1617279222759,1095211372350.8108],[1617283029260,1101925176399.6047],[1617286242115,1099943960572.3445],[1617290079854,1102342391550.0244],[1617293474324,1100666749362.9578],[1617297459658,1096935633304.8055],[1617301174097,1092268554794.2032],[1617304629938,1095986994759.375],[1617307248425,1101583816412.87],[1617311692196,1098787247269.6096],[1617315051384,1098215119660.031],[1617319092425,1101580411195.1145]],"total_volumes":[[1617235645796,56284050048.79175],[1617238883818,57217207042.48379],[1617243551992,58322614718.848785],[1617246654378,59555544523.85715],[1617250098917,61715335086.06074],[1617253995987,62343813366.72511],[1617257426896,62971784168.9233],[1617260961273,63099620250.3395],[1617264124564,61798844879.46849],[1617267920011,60412052851.86889],[1617271270041,59644341406.08112],[1617275905591,60332653804.63571],[1617279222759,59955229441.24919],[1617283029260,61233322730.30951],[1617286242115,59421027264.03748],[1617290079854,59561568984.88269],[1617293474324,57810076858.23093],[1617297459658,57163500670.057625],[1617301174097,57048786486.36901],[1617304629938,57853678184.01013],[1617307248425,57454935847.41254],[1617311692196,55906661845.44235],[1617315051384,54886641476.9329],[1617319092425,54559252627.08951]]}