{"stats":[[1613865720394,1050555931433.1447],[1613869507433,1047661430764.0177],[1613873382133,1050880651730.3728],[1613876724056,1056942992864.84],[1613880204511,1056017183931.8959],[1613883744862,1058774528029.633],[1613887355370,1057990824404.1074],[1613891205210,1050119093017.999],[1613894805964,1052506913254.5107],[1613898320195,1057339011501.1985],[1613901768722,1057885994852.2078],[1613905528156,1075741939905.9819],[1613908965023,1071354536832.5745],[1613912557772,1065121721685.3783],[1613916223532,1068877834568.1512],[1613919924575,1070115886839.7532],[1613923321445,1070773696292.0519],[1613927354729,1078185328012.6177],[1613930855702,1074464072091.6874],[1613934062108,1084010557194.1154],[1613937891968,1083968513717.6608],[1613941280774,1077616360054.3511],[1613945087842,1071900123579.5732],[1613948811612,1071072447456.2134]],"total_volumes":[[1613865720394,77351787996.10461],[1613869507433,76381985875.10988],[1613873382133,75505789970.48428],[1613876724056,75358613714.78918],[1613880204511,74341333827.32095],[1613883744862,72446166890.41139],[1613887355370,73544755535.3076],[1613891205210,72938002905.45615],[1613894805964,72552061307.31038],[1613898320195,73208726668.33736],[1613901768722,72897492504.64655],[1613905528156,72885755110.23254],[1613908965023,74519796096.12793],[1613912557772,71462436607.33116],[1613916223532,70326573581.40685],[1613919924575,69976033971.16992],[1613923321445,67831942822.260666],[1613927354729,65548651762.01749],[1613930855702,65693695860.38134],[1613934062108,66572935296.475716],[1613937891968,65318727054.16719],[1613941280774,65977971180.121895],[1613945087842,65924969577.29181],[1613948811612,62793568139.46782]]}