{"stats":[[1618444937479,1173412921929.8884],[1618448622419,1176222530819.4375],[1618452257369,1176995413610.5542],[1618455927482,1179305281117.947],[1618459440264,1180139838043.2688],[1618462973214,1178368802042.5076],[1618466706096,1183817915736.5142],[1618470174569,1176153727341.5654],[1618473747129,1174028632264.0198],[1618477469052,1171466459583.5876],[1618481092336,1169756786407.1252],[1618484630546,1166978393701.2297],[1618488455444,1165857084945.4692],[1618492200343,1170827327954.1213],[1618495264903,1177509496817.462],[1618499053863,1172109995119.8372],[1618504491663,1178352758675.2947],[1618506568120,1173827037104.5703],[1618509662072,1167886934077.6384],[1618513346341,1172900303612.1975],[1618516977103,1187012449824.9426],[1618520655322,1183093848541.8413],[1618524127145,1188370635886.192],[1618527985431,1182571323845.7217]],"total_volumes":[[1618444937479,80157135507.58896],[1618448622419,79749310727.2347],[1618452257369,81325618335.3636],[1618455927482,79787458499.55925],[1618459440264,79484530226.85463],[1618462973214,79604291325.77184],[1618466706096,79382640877.38246],[1618470174569,75912879598.90518],[1618473747129,76029591118.83237],[1618477469052,74741320076.99995],[1618481092336,72434356846.36818],[1618484630546,70871274805.56682],[1618488455444,69894831035.18227],[1618492200343,69181495993.41121],[1618495264903,68959339553.55032],[1618499053863,65940825884.2999],[1618504491663,65504643993.50007],[1618506568120,63917455713.233955],[1618509662072,62486335123.65238],[1618513346341,60400887670.24803],[1618516977103,60027985194.64943],[1618520655322,60568944112.54746],[1618524127145,61825721827.70692],[1618527985431,60718820410.01065]]}