{"stats":[[1615766854967,1111684638819.0723],[1615770321846,1114319557245.524],[1615773806734,1121912378345.682],[1615777491734,1124987073396.4485],[1615780890985,1127202425459.2253],[1615784729970,1114278162336.7925],[1615788373369,1104851221251.5002],[1615791800980,1094961497174.4738],[1615795307712,1089158390287.9957],[1615798939055,1083311622900.4917],[1615802618633,1035464946612.2109],[1615806067855,1047507614814.1409],[1615809822991,1055741944180.3838],[1615813685223,1055886457782.7373],[1615816915926,1064792840078.3971],[1615820603360,1064208673247.5623],[1615824063714,1050942887134.5773],[1615827670769,1055025630528.2648],[1615831332017,1043541147386.887],[1615835309404,1048175319132.4121],[1615838723378,1059436040299.452],[1615842060604,1053595787720.6975],[1615845693652,1061759233511.0624],[1615849500955,1050601961574.5925]],"total_volumes":[[1615766854967,48071938731.44986],[1615770321846,49549787475.42801],[1615773806734,50145839467.72012],[1615777491734,50172774655.85087],[1615780890985,50150643334.49859],[1615784729970,50022143077.92417],[1615788373369,50104657094.618324],[1615791800980,51511782768.85972],[1615795307712,54959603590.910324],[1615798939055,56048774235.25231],[1615802618633,60516480934.02079],[1615806067855,64070736808.25892],[1615809822991,63749846032.34874],[1615813685223,66937109811.51152],[1615816915926,66288615168.27822],[1615820603360,67174005410.3204],[1615824063714,67915486775.695786],[1615827670769,68087924863.53465],[1615831332017,68674838177.6244],[1615835309404,69587974012.78552],[1615838723378,70465268989.93274],[1615842060604,70639387049.47968],[1615845693652,71523965164.10658],[1615849500955,71216528201.472]]}