{"stats":[[1610929097026,664691441596.9663],[1610932660826,666864603755.9054],[1610936445739,670634036794.1826],[1610939829270,664633162802.2837],[1610943528158,655374124843.3623],[1610946780200,654480931700.159],[1610949860853,659291656546.4783],[1610954409580,660745563646.7113],[1610956966399,670615781985.0809],[1610960914393,672813500588.9214],[1610965814193,675978769435.2334],[1610968034122,672764542022.3114],[1610972629297,692275727419.1221],[1610975143621,687571543496.0624],[1610979319540,685404150218.6886],[1610982149775,676727303743.4539],[1610985872770,676358520878.0835],[1610990923668,668665869587.4431],[1610993249452,663948193913.2803],[1610997472836,665276990625.0634],[1611000462171,670122886506.7275],[1611004166705,673771224141.5493],[1611008334800,676559547054.4393],[1611011003399,678731097685.7008]],"total_volumes":[[1610929097026,51031985047.28096],[1610932660826,51057380603.89527],[1610936445739,50822517219.99501],[1610939829270,50347660604.8181],[1610943528158,50596399928.67626],[1610946780200,50653023302.00275],[1610949860853,48658723947.909256],[1610954409580,48455911073.62018],[1610956966399,48242656379.653046],[1610960914393,49201518862.114334],[1610965814193,47712166922.53881],[1610968034122,47379038431.74102],[1610972629297,49156302583.59297],[1610975143621,50056248329.5673],[1610979319540,50187630040.07003],[1610982149775,49302758145.477905],[1610985872770,49684330752.530945],[1610990923668,46020227541.892265],[1610993249452,46389817075.01729],[1610997472836,46831105185.79969],[1611000462171,47170753695.64629],[1611004166705,46390617037.76758],[1611008334800,46749524569.98666],[1611011003399,46502384763.10757]]}