{"stats":[[1613520830526,917339726314.6964],[1613525790789,916212908836.9666],[1613527555425,918560854204.7943],[1613531000106,929718431943.8802],[1613534603955,924498656021.9037],[1613538224492,917293161151.393],[1613542130743,925404474014.5387],[1613545206966,935077604933.8259],[1613549041675,949311791391.0604],[1613553430856,949298908207.952],[1613556072913,960351493808.4425],[1613560156700,956092431762.0071],[1613563773847,955925709143.7126],[1613568813999,949966230640.1764],[1613570881549,952166061834.0662],[1613574380983,950088725524.0907],[1613577894863,953336952279.0188],[1613581660433,955064201690.8557],[1613585332653,956851263383.567],[1613589148890,957837238135.5105],[1613592749530,968812344438.8032],[1613596711889,970797723046.2368],[1613599950271,974410077037.6907],[1613603068815,970982613993.601]],"total_volumes":[[1613520830526,64207601318.85007],[1613525790789,62949184439.90354],[1613527555425,63004567491.21973],[1613531000106,64594056036.6912],[1613534603955,63089205720.49832],[1613538224492,61417615662.54463],[1613542130743,61527522129.885864],[1613545206966,63584660565.435036],[1613549041675,66750267519.17119],[1613553430856,68806973995.66815],[1613556072913,70732730315.98767],[1613560156700,71338579250.60133],[1613563773847,71856350397.50806],[1613568813999,67271712175.86773],[1613570881549,67521716872.68163],[1613574380983,66922233971.682625],[1613577894863,67124809748.50597],[1613581660433,66747381939.301155],[1613585332653,66134607518.12502],[1613589148890,66245008916.227165],[1613592749530,68147672891.50211],[1613596711889,68390867304.959694],[1613599950271,68918837311.62201],[1613603068815,68516509875.131584]]}