{"stats":[[1612656828461,731487069551.3448],[1612660168684,735251292064.8529],[1612663376565,728545605224.8286],[1612667101781,719223136259.9332],[1612670673736,719143039866.9268],[1612674326319,710219507725.4672],[1612677877556,712274115588.8622],[1612681398152,717903539354.4503],[1612685132073,725887655129.4114],[1612689044975,732746644478.9636],[1612692264711,733782003083.5906],[1612696557254,730927097720.0913],[1612699245321,726071366867.4304],[1612704308762,722414861673.2068],[1612706482313,717836062144.3972],[1612710268738,715964700552.1357],[1612713697780,703235312311.9147],[1612717633453,703502110750.7826],[1612721120990,704219802009.5454],[1612724782549,708323600136.4739],[1612728082223,708982442866.9567],[1612733133703,715002373740.3219],[1612736052116,716440431855.2961],[1612739053909,713371347305.7516]],"total_volumes":[[1612656828461,56728458073.73656],[1612660168684,55376995848.367714],[1612663376565,53608286295.0541],[1612667101781,53267695146.03676],[1612670673736,52347594896.15099],[1612674326319,52421317877.109535],[1612677877556,52496839558.20917],[1612681398152,52301444120.393906],[1612685132073,53294733088.643654],[1612689044975,55038395986.28441],[1612692264711,52943237911.183495],[1612696557254,53162706442.61727],[1612699245321,52021974422.80438],[1612704308762,51707925813.256096],[1612706482313,51637068615.215096],[1612710268738,51599548749.31689],[1612713697780,52363951560.398026],[1612717633453,53324611716.43461],[1612721120990,53439408259.803535],[1612724782549,49848371218.42918],[1612728082223,53603257615.88883],[1612733133703,53597392832.83239],[1612736052116,53704514193.37283],[1612739053909,54317537166.946754]]}