{"stats":[[1609547209683,544371301401.1215],[1609549621187,543060912982.88654],[1609553227754,546423591298.4864],[1609557435478,546454730229.5763],[1609561580271,544626293410.78796],[1609564101430,546318220626.96],[1609568835512,551220338759.6062],[1609570923185,551801051781.1736],[1609575171405,555149721964.0693],[1609578830667,554854193846.6783],[1609581830286,553923241368.6125],[1609585943448,554017149486.6196],[1609590024499,554563776282.3853],[1609593161008,569114177550.6024],[1609597889938,580013881762.2759],[1609600903268,583600088292.8511],[1609604796877,596990005882.2911],[1609608804810,608054870589.2388],[1609612321092,606971775642.0708],[1609614992146,613431829969.2671],[1609618174025,616454076917.4923],[1609622851075,583487592370.3109],[1609624999022,591432646323.8225],[1609629804722,594579886549.8314]],"total_volumes":[[1609547209683,33958683192.18768],[1609549621187,34198385130.103775],[1609553227754,33343213659.59777],[1609557435478,33204793848.94988],[1609561580271,32843230147.293354],[1609564101430,32724186443.058292],[1609568835512,33464495856.20143],[1609570923185,33812534362.62957],[1609575171405,34142880141.098175],[1609578830667,34037329348.54616],[1609581830286,34327989012.980743],[1609585943448,34666850595.575836],[1609590024499,34253887318.857864],[1609593161008,37425582275.88907],[1609597889938,41012978898.60581],[1609600903268,41732940827.59564],[1609604796877,42919758851.61119],[1609608804810,47541837719.3322],[1609612321092,48184795747.47105],[1609614992146,49090589167.008026],[1609618174025,48950362657.51684],[1609622851075,53341241461.607155],[1609624999022,54596287309.820305],[1609629804722,56357505897.71526]]}