{"stats":[[1617926518358,1083362883828.1199],[1617930231697,1090841505904.3088],[1617933817953,1085693582227.516],[1617937365249,1082826788948.6439],[1617941100974,1083950084181.5278],[1617944567637,1085750958416.2999],[1617948283942,1083842594962.9594],[1617951663094,1082368828997.8431],[1617955450198,1083358360439.7473],[1617959069243,1081342507789.6602],[1617962722232,1081230867877.6077],[1617966155377,1092443774782.8329],[1617970139903,1094922505928.581],[1617973427352,1092020715600.0135],[1617977648498,1092120998969.1436],[1617980785376,1090798176618.1381],[1617984246189,1088077308781.3925],[1617988060532,1086493811261.978],[1617991324458,1090964122167.162],[1617994925433,1089846816103.043],[1617998804447,1089469401160.377],[1618002164550,1090187694419.992],[1618006043750,1090854424698.2593],[1618009617562,1084173824235.7655]],"total_volumes":[[1617926518358,48714359354.07226],[1617930231697,48216615898.223885],[1617933817953,48227758471.85466],[1617937365249,48291656035.04939],[1617941100974,48236148483.867386],[1617944567637,47819489260.63378],[1617948283942,47341511861.49476],[1617951663094,47338868492.98048],[1617955450198,47239973029.766716],[1617959069243,47304078651.13536],[1617962722232,47457655822.641106],[1617966155377,48556083694.27611],[1617970139903,48968114757.09277],[1617973427352,48401944269.269196],[1617977648498,47962788191.712524],[1617980785376,47934631965.9433],[1617984246189,47709120180.64493],[1617988060532,46992852372.48618],[1617991324458,47483200279.53688],[1617994925433,47009951328.19677],[1617998804447,46972695570.869415],[1618002164550,46912324244.018936],[1618006043750,46627203576.593376],[1618009617562,45849831496.748215]]}