{"stats":[[1612570053478,706320162928.6615],[1612574620037,720582705000.0055],[1612577106597,723595717758.1857],[1612580838242,733620075098.7413],[1612584476890,732350144212.5826],[1612587923884,729317895655.7217],[1612591393354,724332202353.4934],[1612595694359,731628381320.0713],[1612598915746,730976832135.468],[1612602848669,734222720917.7107],[1612605919075,737583037730.2737],[1612609962121,743719529292.0463],[1612613123590,749543744684.6537],[1612618038306,745196541127.6377],[1612620681813,747080709912.4111],[1612623969928,749668523456.4087],[1612627649448,754640643092.9473],[1612631625932,755998604122.7477],[1612635154420,754883749044.7375],[1612638111895,750203127421.4816],[1612642524386,747810118257.0463],[1612645320123,741828827466.5852],[1612650217650,743720581129.5244],[1612652599997,748854960027.6162]],"total_volumes":[[1612570053478,47708658475.24733],[1612574620037,49643153523.73966],[1612577106597,51913115504.08318],[1612580838242,54014777508.325905],[1612584476890,54637867523.78777],[1612587923884,53875361618.01685],[1612591393354,55027440807.4721],[1612595694359,54301182734.74258],[1612598915746,55148881631.0142],[1612602848669,55513385482.05834],[1612605919075,56250187873.40379],[1612609962121,57381452955.93558],[1612613123590,57985020702.05786],[1612618038306,58933210351.47444],[1612620681813,58423805975.11391],[1612623969928,57144409360.4954],[1612627649448,58761039551.537445],[1612631625932,58360067968.23117],[1612635154420,56713056705.43535],[1612638111895,56925411012.72975],[1612642524386,56443406953.01435],[1612645320123,56783806951.48179],[1612650217650,57511813983.85323],[1612652599997,56814536192.8772]]}