{"stats":[[1611014533032,682647247200.097],[1611018807396,680739431781.1487],[1611022289840,686950433637.1776],[1611025928231,683538273177.969],[1611029607936,678586459791.0927],[1611032683975,675339350736.831],[1611036989302,677334652208.9907],[1611040496743,680292273632.4373],[1611043376228,689021217529.7148],[1611047502261,693408816139.7837],[1611051470419,689619541823.839],[1611055014095,688738935840.4867],[1611058816757,693788416707.9319],[1611062213583,686032743411.294],[1611065575396,689831259395.2653],[1611068836282,688804379971.0376],[1611072786985,700534083808.1283],[1611076668846,691622076364.6201],[1611079275075,692177646448.4446],[1611083687550,681937990629.4126],[1611087483974,677565331955.9248],[1611091171276,680958487627.9634],[1611094168023,680015113349.0477],[1611098184177,679315549320.6941]],"total_volumes":[[1611014533032,46769030146.76761],[1611018807396,44966780469.75746],[1611022289840,49167328651.79235],[1611025928231,51318636291.68594],[1611029607936,50492859946.16198],[1611032683975,50548099262.06274],[1611036989302,51222512047.29394],[1611040496743,51674099726.65997],[1611043376228,52116413490.16072],[1611047502261,53815717496.644615],[1611051470419,51885666228.867516],[1611055014095,51821658589.98862],[1611058816757,53091156759.41757],[1611062213583,51721266443.66921],[1611065575396,53235205078.72282],[1611068836282,50540860267.470795],[1611072786985,53411212183.66558],[1611076668846,50308594335.553246],[1611079275075,50261779874.00424],[1611083687550,48687602646.62406],[1611087483974,51434199963.02317],[1611091171276,52050720439.67094],[1611094168023,52235444234.39044],[1611098184177,52191171597.68789]]}