{"stats":[[1614643852214,928146793676.4287],[1614648536718,909499418399.8055],[1614650514682,922101574426.318],[1614654304085,928383842772.2333],[1614657702854,914614332847.8319],[1614661486253,915406841793.422],[1614665494074,913191923155.1521],[1614668736236,908153730008.1906],[1614672338302,906530798294.1517],[1614676019957,915200414809.2979],[1614679527229,917098176429.6519],[1614683065628,916850300518.0344],[1614686921784,915715455728.7324],[1614691482927,914280225681.7476],[1614693816014,914920755693.036],[1614697417082,921472612540.4681],[1614701211545,906287761124.9075],[1614704888373,886511765709.5135],[1614708268900,894068993310.4786],[1614711845501,891587946943.7097],[1614715771579,892740060787.0254],[1614718913155,884898860993.647],[1614722723013,888622274382.648],[1614726268737,897045450060.0895]],"total_volumes":[[1614643852214,61917717390.36845],[1614648536718,61890272311.85344],[1614650514682,62448335319.674904],[1614654304085,62123780385.4417],[1614657702854,60838293276.34888],[1614661486253,62226277016.65825],[1614665494074,61879308470.22349],[1614668736236,62053270697.733475],[1614672338302,61872500546.48775],[1614676019957,61355070068.50628],[1614679527229,60609489652.4396],[1614683065628,59288369601.54284],[1614686921784,57442569229.18096],[1614691482927,56821310563.988],[1614693816014,56269632138.69198],[1614697417082,55738312667.738525],[1614701211545,54637827346.821075],[1614704888373,52955853238.75883],[1614708268900,54109890202.8693],[1614711845501,53239447723.846756],[1614715771579,53461946402.057106],[1614718913155,52952410106.54408],[1614722723013,53038601323.51753],[1614726268737,51800355426.08278]]}