{"stats":[[1617063151785,1074198993302.3815],[1617066190645,1074712007714.5306],[1617069989206,1072044390954.3463],[1617073345450,1068900717731.6799],[1617076917393,1068601933410.9568],[1617081398730,1075252128335.6244],[1617084924632,1074128146028.9259],[1617088397937,1087340990851.3723],[1617091296417,1084808999397.5079],[1617095909177,1082875641005.4326],[1617099450146,1113748614548.862],[1617102228966,1098372053826.0762],[1617106091711,1106893029477.3894],[1617110262532,1104931043939.2253],[1617113144250,1099674635407.2456],[1617117617213,1098893476100.0918],[1617120554726,1093857936440.1307],[1617124206604,1095696592406.8401],[1617128449903,1104903040934.7036],[1617131509300,1098037449574.0131],[1617134860533,1100231028497.8281],[1617138731266,1094541903381.0188],[1617142004697,1097588481726.4004],[1617146569750,1095320610469.8468]],"total_volumes":[[1617063151785,57255678917.91131],[1617066190645,58260729623.077484],[1617069989206,58235149012.19252],[1617073345450,56989870542.01504],[1617076917393,57946347086.12203],[1617081398730,59198731780.49057],[1617084924632,57824623422.648796],[1617088397937,59507051710.356125],[1617091296417,58116385816.68823],[1617095909177,57091603927.976685],[1617099450146,58164250849.054405],[1617102228966,56916680505.472404],[1617106091711,58170448551.57581],[1617110262532,58004301801.933334],[1617113144250,58227176337.374],[1617117617213,58034804828.76348],[1617120554726,56586791441.268776],[1617124206604,54819075735.54196],[1617128449903,55228559214.168],[1617131509300,53747759372.0077],[1617134860533,54706722706.382164],[1617138731266,53219729072.07603],[1617142004697,52987276003.55791],[1617146569750,52675731105.80641]]}