{"stats":[[1610409926939,663380898829.0051],[1610413591753,651812254150.1544],[1610417712596,641399281838.9846],[1610421223746,646123066595.9441],[1610425229027,656284468742.6953],[1610428109390,648495572215.8558],[1610431697855,665303609382.7323],[1610435998054,669288635713.6008],[1610438936086,679136447931.7614],[1610443618242,670508837008.4635],[1610446106838,670262380000.933],[1610449996857,657657857146.4802],[1610454689102,661068489018.0355],[1610457502816,655296997448.8501],[1610461338418,631956956359.137],[1610464216323,623491471433.3624],[1610468480507,640021107206.3383],[1610471862689,653014105242.4922],[1610474917082,653001662535.3296],[1610478762470,648245884652.448],[1610482407144,643690153031.5719],[1610486821998,640433775143.854],[1610490404215,647766681748.7377],[1610492700711,629237141457.8479]],"total_volumes":[[1610409926939,111564381499.1961],[1610413591753,110608166068.86108],[1610417712596,109122439707.34665],[1610421223746,108448844477.80888],[1610425229027,110192751970.15538],[1610428109390,109239778680.8641],[1610431697855,109330891616.50865],[1610435998054,99930635606.64102],[1610438936086,99676752043.84268],[1610443618242,100370239037.24788],[1610446106838,100771935217.82251],[1610449996857,100252152660.43785],[1610454689102,98252510189.99379],[1610457502816,97433196642.21547],[1610461338418,90894579779.8717],[1610464216323,89433809960.6028],[1610468480507,86042315518.25203],[1610471862689,83680670096.51291],[1610474917082,78285141795.33928],[1610478762470,76310221803.55704],[1610482407144,74136814071.7934],[1610486821998,72764029150.01138],[1610490404215,71733252524.96605],[1610492700711,69646719863.38332]]}