{"stats":[[1615075853364,914052499532.1205],[1615080598638,918383907102.4989],[1615082803717,920858510076.2393],[1615086186745,926535854763.173],[1615089864423,927281220027.7997],[1615093825536,924202075610.2241],[1615097341399,921168269032.6956],[1615101807366,921089157664.4321],[1615104432216,932833055225.513],[1615107972052,942462827437.5299],[1615111401541,952057411340.0414],[1615115109290,944891599295.3046],[1615118488297,947406205917.6112],[1615122148502,945836531558.414],[1615125843780,947512022873.0721],[1615129450859,940905862292.4119],[1615132918876,942203811003.558],[1615136508858,955624134820.9935],[1615140197784,949686748938.3],[1615143690297,943727428765.5406],[1615147635187,940249511961.1663],[1615151107868,934087783006.0358],[1615154500358,936226496721.2906],[1615158296312,947300644386.6565]],"total_volumes":[[1615075853364,41428705678.001396],[1615080598638,41520057622.568146],[1615082803717,41732602771.381935],[1615086186745,43249042970.09776],[1615089864423,43501267839.84663],[1615093825536,43116095274.43028],[1615097341399,42332076462.824066],[1615101807366,41007830969.310555],[1615104432216,42741813704.82021],[1615107972052,42953771207.60869],[1615111401541,45376413579.51861],[1615115109290,45871700634.777115],[1615118488297,46159002584.86292],[1615122148502,45585628143.60343],[1615125843780,44839147636.76605],[1615129450859,45381393690.21977],[1615132918876,45734149714.455894],[1615136508858,46499010591.96199],[1615140197784,45969308589.21992],[1615143690297,45518139838.56576],[1615147635187,45023457046.27519],[1615151107868,44948195526.50792],[1615154500358,44780349138.91598],[1615158296312,44868783736.303925]]}