{"stats":[[1613693378129,963911356673.4604],[1613698120455,961172031903.9315],[1613700544435,956404861279.747],[1613703886586,956126252286.1737],[1613707645527,957707638271.4852],[1613711062500,953934613410.2174],[1613714882588,960116986015.0323],[1613718517700,966029696901.6428],[1613722202942,965520905960.5547],[1613725664423,973330752909.168],[1613729327895,986376374372.1346],[1613733074024,984372020719.1372],[1613736281692,983242313713.81],[1613742300296,979160722826.2448],[1613743483210,982774122709.326],[1613747219892,989783174157.7882],[1613750462050,1001651236703.8866],[1613754305164,1013076370324.4642],[1613757998787,1019230613659.3862],[1613761450467,1024345763092.1941],[1613764870231,1023156557563.5548],[1613768832112,1033689367425.473],[1613772166166,1039082813209.032],[1613775793250,1039423646068.5446]],"total_volumes":[[1613693378129,58342354242.51794],[1613698120455,58471271385.16724],[1613700544435,58058094861.087585],[1613703886586,59001649123.68366],[1613707645527,59371675794.462585],[1613711062500,59132616617.24313],[1613714882588,60180208757.84765],[1613718517700,60819040569.05676],[1613722202942,60078206435.03152],[1613725664423,59903503709.7757],[1613729327895,62087210216.15233],[1613733074024,62008445924.239136],[1613736281692,61697142762.042595],[1613742300296,61113732179.22202],[1613743483210,60875839370.01395],[1613747219892,61359700309.39025],[1613750462050,63286803119.264175],[1613754305164,65108699012.76743],[1613757998787,65915772938.40617],[1613761450467,66215173469.15808],[1613764870231,67190045725.73262],[1613768832112,67739852495.35414],[1613772166166,69781346359.08345],[1613775793250,70691539006.4048]]}