{"stats":[[1615594065134,1069776383193.8628],[1615598933479,1055059392017.8119],[1615601083816,1052492685039.9963],[1615604706033,1055834822745.9238],[1615608073337,1058698606260.8113],[1615611727644,1060689746907.1454],[1615615245875,1058836187024.5416],[1615619017089,1064806969734.7769],[1615622846031,1069572252758.1261],[1615626207959,1072673448250.7355],[1615630029797,1073230643633.8506],[1615633354780,1110839145139.0059],[1615636872736,1117302228227.3777],[1615640638180,1116547176648.315],[1615644257829,1115057332309.9011],[1615647958119,1118057012986.3286],[1615651298495,1112844151528.9663],[1615655299897,1117924366314.0764],[1615658775048,1119840507404.5215],[1615662215300,1122477685957.758],[1615665663669,1132693528280.4788],[1615669370611,1149451094184.3562],[1615672941010,1137035275282.1143],[1615676684768,1137655163951.0017]],"total_volumes":[[1615594065134,59806733588.693886],[1615598933479,58427668732.90784],[1615601083816,58756747483.575],[1615604706033,58697732072.27906],[1615608073337,58693755848.04448],[1615611727644,58488742179.00474],[1615615245875,58097174673.92435],[1615619017089,58246155109.578735],[1615622846031,58603720160.931725],[1615626207959,58691182953.109795],[1615630029797,58729980453.00157],[1615633354780,64410651645.96035],[1615636872736,67709982122.08802],[1615640638180,69417600658.35393],[1615644257829,66940366057.564674],[1615647958119,67627263591.59044],[1615651298495,66384478249.98179],[1615655299897,64885030779.45475],[1615658775048,65256947600.165886],[1615662215300,65112062769.1604],[1615665663669,65449342919.71286],[1615669370611,66783812205.62155],[1615672941010,65435396850.143654],[1615676684768,66912429759.68755]]}