{"stats":[[1610237911964,753118949365.1613],[1610240825629,759122019909.3549],[1610244089941,772991270189.818],[1610248781688,762136535652.2922],[1610252289583,755416419358.0626],[1610255689705,757386062903.4425],[1610259561088,755720338778.8417],[1610262318097,766283087028.3217],[1610265840749,761963846698.3107],[1610284908601,748077664178.2216],[1610288448798,739807988478.1355],[1610292115816,733447986178.7654],[1610295871190,739050565429.1146],[1610298804297,729222039380.9255],[1610302321765,718582554620.7751],[1610305724097,708343132475.2501],[1610310567988,689295639114.875],[1610312805337,700984039809.7954],[1610316867894,710451112174.9707],[1610320608059,715493067247.409]],"total_volumes":[[1610237911964,56524776473.19914],[1610240825629,54644164526.7773],[1610244089941,56886871347.68055],[1610248781688,55975525062.01456],[1610252289583,56342169519.93732],[1610255689705,52484486993.52653],[1610259561088,56833579956.68228],[1610262318097,57194963781.84615],[1610265840749,57106801832.863365],[1610284908601,60436585739.82717],[1610288448798,59906237988.25905],[1610292115816,60223282023.158165],[1610295871190,58689611621.02282],[1610298804297,57346255303.516235],[1610302321765,61706255661.369865],[1610305724097,62626118125.84898],[1610310567988,63327927727.87839],[1610312805337,69357300628.23181],[1610316867894,72545988889.6677],[1610320608059,73036025674.35593]]}