{"stats":[[1611101100094,671734819189.1033],[1611105139139,675676472239.182],[1611108224720,674145148011.325],[1611112833309,671351549945.7415],[1611116335252,655233522390.9222],[1611120186135,656956526473.4658],[1611123535843,660474019389.5978],[1611126967393,657643341928.887],[1611130168746,664294419555.269],[1611134216459,658377192563.1682],[1611137555549,641914606627.9403],[1611141161469,648321608062.2391],[1611145130200,640152152322.786],[1611148264003,642982350093.9835],[1611151530917,649656734777.9886],[1611155134890,650791832243.3716],[1611158580050,644297550496.8807],[1611162594109,645726883402.1167],[1611165937558,650415242930.9717],[1611169754180,653250879999.9657],[1611173348211,656292081980.4944],[1611177733001,646744344903.518],[1611181024126,650267674916.1194],[1611183887351,652316745340.1117]],"total_volumes":[[1611101100094,51736994549.005974],[1611105139139,53752786417.38324],[1611108224720,52961653837.14471],[1611112833309,51839738505.771835],[1611116335252,51928838828.28629],[1611120186135,50810227386.73924],[1611123535843,49940811824.46717],[1611126967393,51806135297.80672],[1611130168746,52615201474.23193],[1611134216459,51251983928.333305],[1611137555549,51177031246.25438],[1611141161469,52802875500.71314],[1611145130200,51846884456.619026],[1611148264003,55898092787.66817],[1611151530917,57714818249.40362],[1611155134890,57838574366.90222],[1611158580050,57789111562.04787],[1611162594109,59026866664.11034],[1611165937558,60037469769.36363],[1611169754180,60111007118.06204],[1611173348211,59990180593.37215],[1611177733001,58837769573.78965],[1611181024126,59145722091.1143],[1611183887351,59602633403.0794]]}