{"stats":[[1609978121655,685973288164.4491],[1609981505955,692976113814.792],[1609985314785,687169097824.202],[1609988576008,689043408657.4093],[1609992845845,697124871949.3696],[1609996871600,696760996304.0139],[1609999579536,697314960348.9811],[1610003224560,692065046608.3201],[1610007003856,687926243420.0277],[1610011310419,691639474382.2028],[1610015304133,694361726078.5345],[1610017614176,690686505905.1716],[1610021716833,710099549072.8376],[1610024566265,708402450146.4135],[1610028909982,718166158433.1158],[1610032168032,714393970493.7283],[1610035973396,729443479169.8248],[1610039330950,728049622688.6481],[1610042853372,738571365358.7609],[1610046634768,718650111173.3375],[1610050445579,728842802154.8239],[1610053734102,727024371859.8654],[1610057832905,734064516897.7048],[1610061226081,735201365858.2738]],"total_volumes":[[1609978121655,71043026017.51802],[1609981505955,72625499841.61324],[1609985314785,70315032504.72694],[1609988576008,73418871521.01816],[1609992845845,75130323053.7926],[1609996871600,67155424397.16521],[1609999579536,72262392610.05696],[1610003224560,72717938558.91577],[1610007003856,71405521278.5496],[1610011310419,66863446582.43925],[1610015304133,64859650086.02418],[1610017614176,66227715228.45626],[1610021716833,72900875137.76465],[1610024566265,73348030524.3506],[1610028909982,74402354104.44562],[1610032168032,73483682211.92941],[1610035973396,74896071695.1738],[1610039330950,72612485584.12265],[1610042853372,75236583768.61455],[1610046634768,78401159673.81705],[1610050445579,80069797749.80505],[1610053734102,77099723919.37784],[1610057832905,79503543013.79456],[1610061226081,79123831009.66107]]}