{"stats":[[1612397212982,698097274829.5757],[1612400829985,704764607537.5312],[1612404103782,708979227184.261],[1612407991776,705353865885.7549],[1612412084156,697308673855.2181],[1612415317007,700956819406.5421],[1612418769656,699829946614.7275],[1612422207687,706550926011.1523],[1612425804629,705303645578.2217],[1612429870184,710656399153.0626],[1612433534398,690998852892.6346],[1612436795036,702233864502.893],[1612440334409,701165331283.8391],[1612443936115,699649405388.4163],[1612447548350,698182825674.3838],[1612451421391,683238283547.3999],[1612454561962,679184390431.031],[1612458836542,687151589371.5468],[1612462363042,686957738315.6615],[1612465717529,691440547015.2108],[1612469283209,691738476088.6073],[1612472668849,696728530127.0045],[1612476334705,697933119401.4915],[1612480215852,693014095222.5952]],"total_volumes":[[1612397212982,50056179988.37823],[1612400829985,50727887928.69402],[1612404103782,51286610299.54781],[1612407991776,50939427946.70863],[1612412084156,51360379288.81321],[1612415317007,51179541020.55201],[1612418769656,50556093439.71771],[1612422207687,51160966041.47149],[1612425804629,51286136413.55853],[1612429870184,53231989671.10425],[1612433534398,55559958012.20596],[1612436795036,56157406409.87809],[1612440334409,56125299492.488045],[1612443936115,56700990753.14221],[1612447548350,55912030877.32787],[1612451421391,55575646961.8598],[1612454561962,56067031644.82935],[1612458836542,54307901427.33078],[1612462363042,54440936865.87322],[1612465717529,54737210922.77971],[1612469283209,55255721979.30637],[1612472668849,54135837936.52947],[1612476334705,55117493070.4285],[1612480215852,55063770869.933655]]}