{"stats":[[1616631592560,977092173961.2955],[1616635050274,982830614922.4331],[1616638599448,976303300585.9022],[1616641585603,975813389539.721],[1616646484651,977435844425.1682],[1616649462508,976909614833.3218],[1616653469585,994230200620.4021],[1616657839908,988134340182.6879],[1616660646420,980179216529.5204],[1616663836016,983802338618.3854],[1616668167385,983920588804.8326],[1616670627143,988145011415.8416],[1616674580444,972141930108.1649],[1616678177475,953541100989.3711],[1616682712318,966225333479.3337],[1616685800136,949000997788.967],[1616688154809,954386513711.2004],[1616692333928,961285349911.49],[1616697153290,965332857590.4423],[1616704096702,980357501500.4535],[1616705746524,973702220570.3599],[1616708501557,978492598671.6423],[1616710977264,982686961686.6697],[1616715170367,965798413379.1774]],"total_volumes":[[1616631592560,74582445962.0476],[1616635050274,76637230465.6906],[1616638599448,64892800920.256134],[1616641585603,65967169175.54279],[1616646484651,66607974881.81982],[1616649462508,66880143129.57717],[1616653469585,68224458864.45215],[1616657839908,64302130760.55643],[1616660646420,64828892138.566345],[1616663836016,63043359716.312004],[1616668167385,64133726884.30923],[1616670627143,62984934963.211784],[1616674580444,62970706338.477486],[1616678177475,65540667352.09086],[1616682712318,67193927120.22528],[1616685800136,68312090300.887344],[1616688154809,69741130053.25685],[1616692333928,71361703440.31718],[1616697153290,72071716515.6815],[1616704096702,72360586085.61575],[1616705746524,69854011476.68016],[1616708501557,69394978495.75574],[1616710977264,67580850959.58072],[1616715170367,62759174959.667046]]}