{"stats":[[1616371567678,1074356788297.177],[1616375641815,1054603089780.893],[1616379147652,1058770526835.9502],[1616382299973,1066433346233.9955],[1616386311282,1077789769968.3773],[1616389457772,1077268919244.0087],[1616393194685,1080649481437.1119],[1616397271283,1078821621448.3387],[1616400290989,1075856332347.9668],[1616404208628,1067696136077.2839],[1616407470800,1068801216686.9276],[1616411227987,1087289307550.4452],[1616414760916,1079285842952.9055],[1616418868346,1067651931094.5319],[1616422484218,1066832261069.8894],[1616425317074,1066973191253.587],[1616429285641,1068134786787.3273],[1616432715113,1057445147575.2544],[1616436216234,1067544548191.0143],[1616440245129,1054592152559.9917],[1616443320990,1045539840489.6487],[1616447443176,1019731599864.7223],[1616451161572,1008893227226.3318],[1616454129952,1016862631494.5732]],"total_volumes":[[1616371567678,55040960324.45798],[1616375641815,52746525655.79651],[1616379147652,54005059892.862946],[1616382299973,53810382649.98189],[1616386311282,54246859927.79525],[1616389457772,53739771076.48801],[1616393194685,52082735110.27238],[1616397271283,52956396972.8402],[1616400290989,53048454298.371376],[1616404208628,52707639088.85587],[1616407470800,50514096154.476135],[1616411227987,51607249903.30179],[1616414760916,50989339672.16936],[1616418868346,52286738605.4619],[1616422484218,52799562386.918335],[1616425317074,53528406394.07023],[1616429285641,53230765436.37852],[1616432715113,52671704594.636246],[1616436216234,54412390082.6563],[1616440245129,54668900416.47575],[1616443320990,55168896203.36882],[1616447443176,57107553898.354904],[1616451161572,58891243217.22166],[1616454129952,61302230409.588524]]}