{"stats":[[1618272165405,1118532902101.5269],[1618276029311,1129082232660.3237],[1618279460878,1135983639992.694],[1618283120815,1135692233651.7341],[1618286744216,1129322172405.08],[1618290172070,1128442993308.8193],[1618294443828,1135362783362.4026],[1618297454159,1133148322921.919],[1618301003611,1139970125045.8855],[1618304696724,1169089999076.8628],[1618308716961,1175516021113.987],[1618312151941,1170103473722.9312],[1618315302758,1178844345718.5476],[1618319013315,1175437080578.5579],[1618322867335,1173551529164.1206],[1618326101733,1176563446184.1743],[1618329924005,1183342823727.2354],[1618333537848,1178308670178.2505],[1618337315950,1182347655563.7698],[1618340638154,1177533624572.983],[1618344291450,1175995992812.0803],[1618347895997,1178920168299.833],[1618351640232,1183876947283.0688],[1618354903364,1181331441579.5479]],"total_volumes":[[1618272165405,55997725884.677475],[1618276029311,56378804621.64047],[1618279460878,56941400530.62392],[1618283120815,57604478553.31918],[1618286744216,103956409578.59845],[1618290172070,103709461420.84677],[1618294443828,104214728870.1292],[1618297454159,105342371621.14551],[1618301003611,105334437166.87988],[1618304696724,112371802303.04677],[1618308716961,64580435013.358604],[1618312151941,64691610143.59079],[1618315302758,65405706533.30316],[1618319013315,65736835147.94284],[1618322867335,66391022089.91301],[1618326101733,66586992470.13544],[1618329924005,67354649199.45583],[1618333537848,67463732182.65522],[1618337315950,68632372850.41658],[1618340638154,70744753365.50713],[1618344291450,70733039751.32065],[1618347895997,70730898416.15356],[1618351640232,70692387232.64268],[1618354903364,71141818669.6002]]}