{"stats":[[1614730055325,904791926083.0793],[1614733411025,906751725565.6848],[1614737150496,912237996713.7566],[1614740808260,909279740975.2262],[1614744187325,907108962960.0293],[1614747882650,920248033389.0509],[1614751642505,915889107377.6505],[1614755273764,926153408101.4244],[1614758814543,929460699089.4746],[1614762278202,949372114746.8235],[1614765889043,956922244810.562],[1614769394083,961776790100.0757],[1614773396527,959678297683.0437],[1614776701494,981387474307.1957],[1614780231144,956742039885.7921],[1614784108739,948697541642.2614],[1614787595508,945265929785.4989],[1614791483039,954851122402.1261],[1614794617791,962367598974.5416],[1614798361438,954508608289.138],[1614801829726,950533134593.0411],[1614805745529,942463812446.1749],[1614809008030,950813808679.5723],[1614812898965,944986470114.4176]],"total_volumes":[[1614730055325,53175417507.790695],[1614733411025,52209591798.93514],[1614737150496,51548821975.05274],[1614740808260,50603591794.66323],[1614744187325,50287455405.90597],[1614747882650,50903119977.45779],[1614751642505,50948308484.52268],[1614755273764,51057264601.753235],[1614758814543,51517052133.03141],[1614762278202,53606152179.260124],[1614765889043,55143623430.24136],[1614769394083,56836268248.63516],[1614773396527,57929736042.79432],[1614776701494,60056879326.80611],[1614780231144,61253548004.2788],[1614784108739,61925487693.3715],[1614787595508,61782703132.5593],[1614791483039,61260557964.07146],[1614794617791,61088394762.585],[1614798361438,60638224946.46661],[1614801829726,60693329387.31402],[1614805745529,59605991940.62267],[1614809008030,59999972622.1536],[1614812898965,59545442272.181465]]}