{"stats":[[1613088261321,890629045243.5952],[1613093056641,891812051040.9469],[1613095710832,898801978595.979],[1613099123062,890000751654.4877],[1613102614975,884755274585.1738],[1613106251185,877554312514.5527],[1613110090433,880615861539.9258],[1613113624046,880965268359.3564],[1613117027195,880902471444.5911],[1613121000175,876363921043.2349],[1613124421911,879185527737.1545],[1613128274354,881880641827.355],[1613131935178,885370265322.8586],[1613134935240,888000068149.8878],[1613138499871,893353095339.2251],[1613142789885,870178324885.787],[1613146016862,875796539376.5135],[1613149483699,885295769043.9414],[1613153136250,887598740910.9828],[1613156917782,876195542634.9108],[1613160366338,880049878557.0692],[1613163714420,884782694831.7673],[1613167513553,888417589992.3484],[1613171459433,889087763241.0984]],"total_volumes":[[1613088261321,66187179918.887886],[1613093056641,67234439124.43115],[1613095710832,67047584027.20838],[1613099123062,67168433317.63757],[1613102614975,67341402442.81264],[1613106251185,67981806192.26383],[1613110090433,68875911594.68672],[1613113624046,69428924361.99168],[1613117027195,69711983083.25989],[1613121000175,69272331660.23877],[1613124421911,69204246397.03165],[1613128274354,68183739643.78642],[1613131935178,66761093443.87585],[1613134935240,68246505615.91454],[1613138499871,65099264199.47734],[1613142789885,64421241789.958244],[1613146016862,64850684606.65036],[1613149483699,65192873533.271965],[1613153136250,65141841077.37264],[1613156917782,64932927611.98167],[1613160366338,64562217501.575516],[1613163714420,63610314874.19868],[1613167513553,62708054550.329575],[1613171459433,62109325051.459145]]}