{"stats":[[1615248420752,976401298580.1716],[1615253028061,972621738125.5784],[1615256008968,1000915835259.1006],[1615259180547,998451515857.5487],[1615262635034,1005574671436.8029],[1615266154381,1003270957925.4462],[1615269695407,1010755353489.3002],[1615273681818,1000921005104.283],[1615277285505,998542081885.0779],[1615280808906,1006723811156.6329],[1615284165627,1009958540525.5114],[1615287638593,1010055858815.1798],[1615291675936,1012051675826.3314],[1615295061892,1002949510393.7107],[1615298528995,1019145121682.0768],[1615302492602,1018423271679.9492],[1615305685091,1011750361054.4108],[1615309711072,1008762821124.3375],[1615312925116,1005307948988.532],[1615316475182,1005983832200.4451],[1615320219093,1012211834737.4916],[1615324025713,1014517482025.5963],[1615327756784,1013771234850.5692],[1615331003933,1016357433972.4882]],"total_volumes":[[1615248420752,53652639627.5341],[1615253028061,53603657508.30146],[1615256008968,56587025452.228226],[1615259180547,57070127553.43589],[1615262635034,57579876206.88525],[1615266154381,58272441653.46187],[1615269695407,59494138375.56624],[1615273681818,59274769476.50362],[1615277285505,58574775169.15307],[1615280808906,59124016964.583954],[1615284165627,58908178991.88845],[1615287638593,59353813347.44916],[1615291675936,59206406369.356766],[1615295061892,58954474742.90262],[1615298528995,59984336574.7133],[1615302492602,59525553495.2943],[1615305685091,58864540485.24883],[1615309711072,58642574449.48969],[1615312925116,58223783785.355515],[1615316475182,58865484743.26318],[1615320219093,58670009973.99557],[1615324025713,57616172857.45733],[1615327756784,57632990956.136314],[1615331003933,58035896794.019005]]}