{"stats":[[1618531530730,1180963158411.0793],[1618535306273,1185820258083.9077],[1618538691392,1173233953301.707],[1618542359660,1175294838555.5361],[1618545928262,1178738446530.6118],[1618549888018,1157865283267.1897],[1618553767074,1149537763961.4155],[1618556574219,1149956461593.6025],[1618560151734,1150134513524.924],[1618565445037,1139883112976.277],[1618567314247,1132354380873.1675],[1618572031657,1130357725697.616],[1618575104991,1134680712233.4182],[1618578481013,1137300601835.032],[1618581896185,1140066245244.2231],[1618585430180,1144854074395.788],[1618589380744,1151289868665.9727],[1618592755128,1156307615253.7646],[1618596081929,1153352632214.4983],[1618600252444,1155022248943.8472],[1618603751659,1154679087679.1265],[1618606955333,1157669938130.5764],[1618611063218,1155526975874.109],[1618614357415,1153143173440.2405]],"total_volumes":[[1618531530730,60511415944.27867],[1618535306273,62027433321.719536],[1618538691392,61591983031.8018],[1618542359660,62266711783.58878],[1618545928262,64162628322.158356],[1618549888018,64389787445.66945],[1618553767074,65258751710.64353],[1618556574219,67493739414.98773],[1618560151734,68273947851.79616],[1618565445037,68768796018.69592],[1618567314247,69800427777.97472],[1618572031657,70422506674.78532],[1618575104991,72411767545.16571],[1618578481013,74685900004.26239],[1618581896185,76784503594.80342],[1618585430180,79511757480.68619],[1618589380744,82567702888.12625],[1618592755128,85724525689.38841],[1618596081929,86670135989.9595],[1618600252444,87335440836.66075],[1618603751659,86811644504.31068],[1618606955333,86778935856.94713],[1618611063218,86604249626.40047],[1618614357415,86583134311.68565]]}