{"stats":[[1610324056913,714078952009.0243],[1610327701818,700785866007.3223],[1610330912868,691869787492.787],[1610334766676,676805080985.3005],[1610338641749,665980898217.767],[1610342280250,664694125111.9642],[1610344991073,647601043963.6443],[1610348727696,619582698911.4451],[1610353027010,649779581336.8514],[1610357331624,660400852469.9183],[1610359880446,667940180724.7822],[1610364228668,645160413675.7502],[1610367186981,640721442551.718],[1610371086898,635189755083.5878],[1610375264510,587622194604.7831],[1610377777641,622276951309.4482],[1610380881396,592872719816.6606],[1610386104913,586924473505.0367],[1610389167733,613371134745.6698],[1610393232628,589557475408.5823],[1610396401177,588475548341.7881],[1610400414210,627044984826.6191],[1610403939571,641342078567.3599],[1610407579721,653760875005.179]],"total_volumes":[[1610324056913,72420555506.15395],[1610327701818,74393830124.86209],[1610330912868,73501840524.9024],[1610334766676,73733314566.78174],[1610338641749,79161532589.16966],[1610342280250,77098286782.89912],[1610344991073,82861866432.07756],[1610348727696,83069093101.58653],[1610353027010,92007934323.71127],[1610357331624,95403997148.10654],[1610359880446,98910938281.24081],[1610364228668,94937439319.82645],[1610367186981,91293825219.63112],[1610371086898,87718314128.53372],[1610375264510,91145241345.04305],[1610377777641,102103670615.68187],[1610380881396,101037434528.41733],[1610386104913,105659658306.04584],[1610389167733,108312114347.606],[1610393232628,106182948291.31728],[1610396401177,106926006018.31836],[1610400414210,111137976278.97002],[1610403939571,106305059072.48352],[1610407579721,109590585970.99254]]}