{"stats":[[1619309049010,937014999515.3855],[1619312706065,935121943509.38],[1619316033833,937650290045.037],[1619319629533,939418016084.4855],[1619323368828,930434031477.2325],[1619327123202,927566691368.638],[1619330571768,925690827842.4814],[1619334219572,917846714573.2992],[1619337710604,928136996683.1118],[1619341537576,936411726833.5577],[1619345119779,927541199766.5243],[1619348637597,922763768115.7782],[1619352246962,924802472991.3595],[1619356275773,937579390580.1385],[1619360325126,931698821557.698],[1619362928550,945001095584.9575],[1619366663560,940787074076.3966],[1619370259351,939379487321.932],[1619373955542,933194036872.1254],[1619377539676,929038568427.7369],[1619381080719,924796482477.3978],[1619384566226,902681639287.3019],[1619388220980,886152516152.8237],[1619391773137,912635686413.2627]],"total_volumes":[[1619309049010,49296256745.65119],[1619312706065,47288319646.866005],[1619316033833,47134703644.032875],[1619319629533,46056580387.16939],[1619323368828,46400392779.29531],[1619327123202,45898589598.24145],[1619330571768,39012346686.53225],[1619334219572,38948424942.02819],[1619337710604,16083051843.509735],[1619341537576,41940064124.14232],[1619345119779,41843046479.446556],[1619348637597,42449681137.13481],[1619352246962,41601549630.262314],[1619356275773,40289337093.599945],[1619360325126,40133742313.26022],[1619362928550,42817332216.387184],[1619366663560,40902755372.59135],[1619370259351,40819449807.0643],[1619373955542,38595140594.22264],[1619377539676,40251677270.16304],[1619381080719,40962522494.18774],[1619384566226,40646264227.05333],[1619388220980,42408277629.010445],[1619391773137,46391851143.66146]]}