{"stats":[[1618963558866,1056331286271.7733],[1618966983263,1042939506173.1279],[1618970549614,1045034835438.7858],[1618974143581,1051155359088.0436],[1618977831954,1038008764544.1766],[1618981543755,1038094231283.4832],[1618984897898,1033868137276.7855],[1618988797107,1040441475076.5948],[1618992198327,1033691452604.0536],[1618995903386,1037599263152.1224],[1618999439483,1039556894735.326],[1619003220901,1028108247903.908],[1619006505661,1020364491622.2982],[1619010732717,1036994619768.4941],[1619013846809,1037859641491.3735],[1619017299852,1053568917613.1516],[1619020982960,1048170209177.9592],[1619024612370,1043012332281.8134],[1619028119603,1039186762910.0139],[1619031664789,1034768000399.2197],[1619035578150,1038621178196.4999],[1619038962624,1027621642271.7334],[1619042633706,1024828722731.3285],[1619046236713,1012077240765.9879]],"total_volumes":[[1618963558866,68038379829.17327],[1618966983263,65966647171.425865],[1618970549614,65855357513.26964],[1618974143581,65296835168.39514],[1618977831954,65857626124.41359],[1618981543755,64768893473.746994],[1618984897898,64164717417.788895],[1618988797107,63775931394.4352],[1618992198327,62179653602.862885],[1618995903386,61428483270.99267],[1618999439483,59375409980.09682],[1619003220901,57136008257.9726],[1619006505661,57675932395.35049],[1619010732717,60268387108.02703],[1619013846809,59084925183.49529],[1619017299852,60612061535.864296],[1619020982960,58925090592.681854],[1619024612370,57999917735.21696],[1619028119603,57396863949.19973],[1619031664789,56280719971.61903],[1619035578150,55524729305.36152],[1619038962624,54556607874.73469],[1619042633706,54035752637.459465],[1619046236713,55182761873.387146]]}