{"stats":[[1615507564331,1077836070933.286],[1615510949504,1064037566948.0352],[1615514568188,1061259744569.6667],[1615518165727,1065567588927.6849],[1615521759447,1064929043404.7603],[1615525402650,1059929342583.9034],[1615529119586,1068932709674.6416],[1615532500517,1065715008263.864],[1615536188030,1061906198446.0718],[1615540003028,1062036206261.5189],[1615543401269,1054215745495.7323],[1615547099001,1054003938247.2416],[1615550693613,1055121926997.6426],[1615554477464,1051260097041.7411],[1615557982935,1044242190053.3328],[1615561467823,1046709595436.4211],[1615564990462,1065814429323.394],[1615568707665,1070195238794.9457],[1615572337980,1067697146691.3359],[1615576045348,1072987306724.5089],[1615579530792,1064580965381.5765],[1615583186932,1058480126725.1206],[1615586542180,1063273429555.1719],[1615590289170,1068703492797.1013]],"total_volumes":[[1615507564331,64557800714.411156],[1615510949504,64345871061.17018],[1615514568188,63604451373.6962],[1615518165727,63980002649.98165],[1615521759447,63518083936.88802],[1615525402650,63469589577.50127],[1615529119586,63957267338.50053],[1615532500517,63432462022.13669],[1615536188030,63032006687.85533],[1615540003028,62040305342.81665],[1615543401269,61920044016.63766],[1615547099001,60697460686.513466],[1615550693613,60034411561.98672],[1615554477464,59398027855.67688],[1615557982935,61474724320.76592],[1615561467823,61613216966.25686],[1615564990462,62337540849.604836],[1615568707665,62738338933.68374],[1615572337980,62036013865.31022],[1615576045348,61507674695.41285],[1615579530792,61087321779.48395],[1615583186932,61147739574.40268],[1615586542180,60844494888.702705],[1615590289170,60638122724.742035]]}