{"stats":[[1611446977099,596744391345.3533],[1611450109444,595045760742.962],[1611453953749,594989840518.5204],[1611457718923,597541695279.6318],[1611461400718,601732693401.4548],[1611464992238,609251876238.428],[1611469086353,610450101358.406],[1611471899046,608106483397.7715],[1611475760962,607749529614.201],[1611480502491,606412791009.7556],[1611483189979,607148687829.755],[1611486495121,607378673474.7101],[1611489885864,610276177698.2784],[1611493616715,602895869955.1604],[1611498166575,600858539139.8479],[1611500677614,598252850052.4299],[1611505135385,596302009514.8403],[1611508342522,592654873564.8711],[1611512008664,592369358087.303],[1611516218069,589114546631.505],[1611519002015,582094675508.1251],[1611522564105,587962221007.4639],[1611525906348,595337775867.6938],[1611530725332,597923422574.6837]],"total_volumes":[[1611446977099,43560201917.72988],[1611450109444,42959493910.10737],[1611453953749,42256205221.493385],[1611457718923,42172740620.82099],[1611461400718,42569719683.73124],[1611464992238,43812785485.83934],[1611469086353,43720395073.29284],[1611471899046,43692711426.25403],[1611475760962,43789612276.65597],[1611480502491,43497449205.13333],[1611483189979,43169013866.84611],[1611486495121,43015788377.35386],[1611489885864,42060543632.538315],[1611493616715,41821950619.105064],[1611498166575,41150998440.817825],[1611500677614,41186272237.26656],[1611505135385,39404922587.06371],[1611508342522,39658529688.721306],[1611512008664,40094781788.36836],[1611516218069,39657367740.32282],[1611519002015,40459556451.43634],[1611522564105,41301915743.936745],[1611525906348,41745190848.20582],[1611530725332,42178900143.83085]]}