{"stats":[[1619222706360,956744203682.2198],[1619226323327,933736073247.7938],[1619229764541,933038216080.7072],[1619233390138,937187312511.1278],[1619236841546,938460271380.5879],[1619240665055,946285878067.4098],[1619244374330,944470594850.8506],[1619247791088,941333556418.0449],[1619251572586,932773014765.2107],[1619254961797,935274559504.0078],[1619258659114,932313814654.6251],[1619262182925,919904487225.8209],[1619265788328,915544992906.4156],[1619269713348,928069371910.235],[1619273062599,928604874786.5024],[1619276532511,923013276583.5985],[1619280214140,935559458546.5029],[1619283767101,934834831391.8273],[1619287411230,937323881885.1547],[1619290983323,945888088531.761],[1619294645030,946996856406.8984],[1619298260449,952148974618.2363],[1619301869284,953153916317.3262],[1619305366767,945773256393.6256]],"total_volumes":[[1619222706360,91138220375.4599],[1619226323327,88182036582.11812],[1619229764541,82496632765.05252],[1619233390138,79344034517.9048],[1619236841546,74032725406.8424],[1619240665055,74215973436.11836],[1619244374330,68955645453.52351],[1619247791088,66707081171.36659],[1619251572586,62258958176.02967],[1619254961797,60211637161.57387],[1619258659114,58998012267.38828],[1619262182925,56786811981.505615],[1619265788328,57360229487.28788],[1619269713348,56023554416.67084],[1619273062599,56133190145.75625],[1619276532511,53671568463.35907],[1619280214140,54236181305.0715],[1619283767101,54237932181.17564],[1619287411230,52625815381.15056],[1619290983323,52353323120.43899],[1619294645030,51205394603.66302],[1619298260449,50590532269.24829],[1619301869284,49558974866.97697],[1619305366767,48818008759.65799]]}