{"stats":[[1609633500408,597933862790.0436],[1609635777488,603844413907.1982],[1609639782512,608870051519.4596],[1609643245229,610771987494.9349],[1609646970998,606839919436.7731],[1609650859210,624803310241.3196],[1609653659632,634041196934.3816],[1609657700645,632256197023.0131],[1609661398169,634830009716.5173],[1609664498075,642650202544.0516],[1609668187776,638456550315.2178],[1609671795353,633500777862.4249],[1609675616111,640848315492.1696],[1609679950302,639232685540.5442],[1609683767205,635567224102.1987],[1609686724128,626429951182.631],[1609690940993,626848693563.0211],[1609694633154,608497647584.2848],[1609698192470,610591956125.3854],[1609701762177,612829996540.6725],[1609704657017,615024357592.2087],[1609708960435,628521559419.1353],[1609711480337,626715357293.6294],[1609716091110,623123408822.7413]],"total_volumes":[[1609633500408,57573911507.35157],[1609635777488,57914655416.38135],[1609639782512,58772044560.27526],[1609643245229,58210151029.83003],[1609646970998,59013627313.22096],[1609650859210,61183033953.337975],[1609653659632,64356045396.678215],[1609657700645,68122942332.54008],[1609661398169,67499237585.17189],[1609664498075,67790754590.22124],[1609668187776,70730545633.0673],[1609671795353,71216144186.7519],[1609675616111,73999392201.46317],[1609679950302,71664357911.78865],[1609683767205,69700526933.52782],[1609686724128,68939253189.40515],[1609690940993,70021109361.90416],[1609694633154,66278214556.16352],[1609698192470,77957366876.92744],[1609701762177,68126815871.133194],[1609704657017,67155269033.54558],[1609708960435,64835415319.55465],[1609711480337,63961388644.93056],[1609716091110,64030817004.41074]]}