{"stats":[[1619654490820,1024625833392.2412],[1619658328938,1023550880671.9905],[1619661810065,1021091729558.4028],[1619665387089,1019081142247.681],[1619669047187,1016135164442.4316],[1619672522560,1004915675572.238],[1619676055357,1005977949649.202],[1619679809563,1016698412854.0311],[1619683468853,1016826472128.6063],[1619687008786,1009328628683.0569],[1619690660323,1024174606812.3801],[1619694102620,1017890853078.6404],[1619697727948,1017140076321.9028],[1619701497036,1017345727181.6967],[1619704843262,1006456916627.2672],[1619708648013,1003504525268.3127],[1619712149302,1006533928559.0652],[1619715932559,993447786040.9741],[1619719383759,988592740451.6879],[1619722889788,990999142253.8926],[1619726643780,989615607481.6655],[1619730141299,989084264811.1097],[1619733907556,997764236496.8033],[1619737365156,998204465984.8875]],"total_volumes":[[1619654490820,48072930663.01449],[1619658328938,48561311758.109764],[1619661810065,47467925321.473694],[1619665387089,46972209364.603676],[1619669047187,47205944112.30855],[1619672522560,47120914064.774216],[1619676055357,47305883533.8912],[1619679809563,45656651484.701164],[1619683468853,45178016265.722015],[1619687008786,45149997405.13198],[1619690660323,46179250467.95939],[1619694102620,46123735196.188416],[1619697727948,45854138273.42405],[1619701497036,46308206366.458],[1619704843262,47910915901.6743],[1619708648013,46930614107.5631],[1619712149302,48273472744.27623],[1619715932559,47775468543.66393],[1619719383759,47941484717.27858],[1619722889788,49856278758.93295],[1619726643780,48908029872.16425],[1619730141299,47040622471.64246],[1619733907556,47627400855.401955],[1619737365156,46968639356.50815]]}