{"stats":[[1613261288125,874425017687.0778],[1613266196351,883755072580.0604],[1613268332540,881336364142.5315],[1613271992236,881333453136.955],[1613275337789,880288068427.9435],[1613279444617,883239331974.2743],[1613282863411,905886690443.5468],[1613286652327,903608024109.106],[1613290079063,904746012258.9724],[1613293608456,901436606148.654],[1613297465290,911509598261.069],[1613301121782,909911183445.5188],[1613304437135,914923234712.8575],[1613309618035,915884360902.691],[1613311517302,909122946887.0631],[1613314965762,905166517241.3588],[1613318792572,899988910401.2366],[1613322827422,909532457569.8331],[1613326302489,903667218642.5106],[1613329723808,904687536381.1761],[1613333236763,907948947643.0585],[1613336703477,909367218252.3945],[1613340256199,908012937946.246],[1613343890689,914361727722.7946]],"total_volumes":[[1613261288125,55360405866.93521],[1613266196351,56087065251.298225],[1613268332540,56172655007.894],[1613271992236,55976866146.13609],[1613275337789,54550281669.49515],[1613279444617,54534958687.42209],[1613282863411,57729460565.41107],[1613286652327,58265580230.648125],[1613290079063,60008156105.18321],[1613293608456,59263190142.70561],[1613297465290,58633639280.85466],[1613301121782,58689221448.53017],[1613304437135,57472431543.13174],[1613309618035,58213091491.089066],[1613311517302,58356044071.92722],[1613314965762,58935127355.49287],[1613318792572,59096330043.31926],[1613322827422,59226375574.733086],[1613326302489,58269123444.92959],[1613329723808,58280564997.41376],[1613333236763,57972561042.00018],[1613336703477,58005682515.5396],[1613340256199,57564275373.89768],[1613343890689,57908696374.64889]]}