{"stats":[[1615939416579,1060221966894.7418],[1615943078701,1054941819736.7476],[1615946594276,1051271358978.1277],[1615950220730,1042556866051.2958],[1615953805501,1040969070102.431],[1615957272652,1043746540194.6315],[1615960894642,1046098770043.6932],[1615964517436,1051539750996.0149],[1615968470393,1043728664707.8896],[1615971661135,1045143448487.0474],[1615975321627,1021188845087.4371],[1615978919276,1031354606510.7222],[1615982850778,1028102510637.0326],[1615986248755,1034039887873.849],[1615990271893,1031735713786.832],[1615993315980,1024778193269.6737],[1615997326220,1027411398259.8506],[1616000437382,1034777851276.6357],[1616004102938,1038909933347.6168],[1616008030978,1082094260886.0562],[1616011240836,1082204821643.0312],[1616015059385,1085870650315.4075],[1616019002357,1094972764194.5266],[1616022200886,1094019655106.9286]],"total_volumes":[[1615939416579,63219904254.35453],[1615943078701,59444968247.25523],[1615946594276,58013835158.05872],[1615950220730,57523105369.23186],[1615953805501,56594707574.54546],[1615957272652,56612033059.83586],[1615960894642,54138405081.00793],[1615964517436,55368382701.25069],[1615968470393,54112193420.83664],[1615971661135,53564214707.74633],[1615975321627,53285634262.8959],[1615978919276,53929347473.80125],[1615982850778,53468540925.199646],[1615986248755,54737265822.959885],[1615990271893,54302768435.88795],[1615993315980,54554870782.15687],[1615997326220,55482248169.54126],[1616000437382,55416682132.62685],[1616004102938,54527494683.52085],[1616008030978,58055976702.77863],[1616011240836,59975323931.49761],[1616015059385,60105457643.53245],[1616019002357,61699169599.58144],[1616022200886,62330339859.168655]]}