{"stats":[[1610064905947,735339707368.3339],[1610067862426,728393967551.3748],[1610072697758,712050500242.424],[1610075200804,694552171089.5122],[1610078817651,715010156472.0725],[1610083147939,718768731806.8467],[1610087335875,702647995627.146],[1610090390441,715493800406.201],[1610093113409,722591866507.3647],[1610097098952,719827558345.2627],[1610100832098,736413845535.093],[1610104400590,762866788693.7543],[1610108730683,771958122596.3582],[1610111320871,768283625007.3091],[1610114927796,768991095212.1338],[1610119064532,779858169735.7286],[1610121832142,761565017859.9764],[1610126337663,770228961546.2355],[1610129970030,759929658776.6436],[1610133134168,750009416618.1089],[1610136795505,748250989352.9618],[1610140594747,733024719308.6307],[1610144097812,746743166514.6858],[1610147122475,758760244016.4918]],"total_volumes":[[1610064905947,78447168240.72357],[1610067862426,77977043753.99176],[1610072697758,77432455163.7468],[1610075200804,78492059928.38425],[1610078817651,81213044036.64456],[1610083147939,81397477127.8028],[1610087335875,81493064917.02042],[1610090390441,81169315461.82045],[1610093113409,82404461322.29314],[1610097098952,80415995413.07814],[1610100832098,82040705810.6193],[1610104400590,88429583463.4118],[1610108730683,91066939307.10472],[1610111320871,90635216862.43271],[1610114927796,91217330022.83733],[1610119064532,91774794130.9439],[1610121832142,85889010618.43698],[1610126337663,90016217395.35332],[1610129970030,88093698906.23407],[1610133134168,81342441253.09018],[1610136795505,78668196286.75209],[1610140594747,80777643341.9154],[1610144097812,82491268577.37323],[1610147122475,81125064407.17381]]}