{"stats":[[1617581102876,1087344280109.6896],[1617584508137,1082412578398.0571],[1617588093176,1077981139581.796],[1617591770029,1076150055831.922],[1617595320295,1076667911114.1628],[1617599157738,1074369129459.3629],[1617602513434,1067891802057.9816],[1617606276448,1068723190872.9976],[1617609903254,1067015118138.9302],[1617613337542,1067534299433.03],[1617617309725,1073451657446.2158],[1617620851328,1075412317432.0105],[1617624394822,1076574112490.8546],[1617627723529,1083780834970.0282],[1617631245919,1083074099544.2234],[1617634997096,1100984850606.4004],[1617638464443,1102262858355.787],[1617642210396,1101520121344.8435],[1617645866889,1099034257448.3899],[1617649314803,1098885494313.4695],[1617652959467,1101784272069.655],[1617656603399,1098168675507.034],[1617660264773,1094760181023.054],[1617663905558,1099754092706.176]],"total_volumes":[[1617581102876,46156767978.177345],[1617584508137,44714763916.72378],[1617588093176,43587438282.74045],[1617591770029,43726049037.77901],[1617595320295,43802577297.40571],[1617599157738,43853389670.89035],[1617602513434,43838389708.49397],[1617606276448,44325279742.16603],[1617609903254,44823073126.978165],[1617613337542,44725809808.72623],[1617617309725,45107623082.913734],[1617620851328,45577518830.42011],[1617624394822,45796497530.36607],[1617627723529,46248230574.167984],[1617631245919,46733359807.41449],[1617634997096,48849622936.1406],[1617638464443,49679933747.71702],[1617642210396,50218674780.46233],[1617645866889,50871721834.69142],[1617649314803,51469053998.09348],[1617652959467,52295840862.89153],[1617656603399,53262832451.75883],[1617660264773,53707129254.61941],[1617663905558,54453157124.3066]]}