{"stats":[[1617840305905,1050759681844.6099],[1617843897129,1052796475220.5145],[1617847668329,1057931871005.3961],[1617849911898,1050304580274.9761],[1617852062936,1053581065739.1831],[1617854819655,1057367602166.514],[1617858135400,1063937907952.2234],[1617862321266,1063486447562.5076],[1617865595799,1066117882522.5016],[1617868939834,1067072461053.3829],[1617872695579,1062791544469.1589],[1617876318306,1060320425096.4872],[1617880044757,1060317263016.3484],[1617883276956,1054902006050.889],[1617887176904,1072557938123.8655],[1617890543465,1073162517040.1206],[1617894251421,1077581022367.228],[1617897791204,1078573864436.296],[1617901315072,1079990951718.0559],[1617904931469,1077818007228.1858],[1617908759730,1082906782592.0366],[1617912168837,1078414164584.3193],[1617916006984,1076924469540.0686],[1617919518586,1077875227619.3651],[1617923378495,1081085371743.9221]],"total_volumes":[[1617840305905,67617613532.43307],[1617843897129,68133032371.23059],[1617847668329,67041251823.79599],[1617849911898,66839852088.303925],[1617852062936,66795399598.89486],[1617854819655,66641932534.311714],[1617858135400,66346403554.22701],[1617862321266,64634545618.74917],[1617865595799,64679536394.7511],[1617868939834,63356612147.46929],[1617872695579,62138445603.12024],[1617876318306,59609184802.1315],[1617880044757,58376438433.96351],[1617883276956,54890937505.49116],[1617887176904,54640365455.367676],[1617890543465,54318667940.06559],[1617894251421,54178861041.626045],[1617897791204,53425736649.93102],[1617901315072,52165791335.1271],[1617904931469,50425878763.5994],[1617908759730,50095559639.975975],[1617912168837,48489514588.44389],[1617916006984,47389671616.92727],[1617919518586,47832590625.04788],[1617923378495,48574058286.4731]]}