{"stats":[[1610496177511,629751630408.4126],[1610500008514,606741833369.7892],[1610504284913,624887683464.9679],[1610507806701,618202969865.5563],[1610511942183,625660811271.9814],[1610514870703,623019640942.6703],[1610517723363,618160261047.4427],[1610522422454,630349571612.1425],[1610526355223,648578856481.8115],[1610529447751,646441202334.0879],[1610533661213,647937047659.9391],[1610536711469,645498235087.3475],[1610540746483,638519519232.0944],[1610543281527,639935877651.9578],[1610548383478,649354296567.1571],[1610550554451,643071568968.7291],[1610555604527,643726092355.6771],[1610558892018,649132315786.3082],[1610561207192,648338943373.7699],[1610565542317,667113332241.2173],[1610568204311,671272663036.5874],[1610572897867,675915904113.8193],[1610576182567,699137519421.594],[1610580218032,697213587253.7554]],"total_volumes":[[1610496177511,68954134557.3671],[1610500008514,65627729933.9088],[1610504284913,67524492871.14538],[1610507806701,68664588918.61627],[1610511942183,69639775880.51685],[1610514870703,69214673147.85211],[1610517723363,68093048812.40925],[1610522422454,68814459348.47386],[1610526355223,66953209776.29964],[1610529447751,67059417071.43342],[1610533661213,71166695194.56801],[1610536711469,69868053375.15031],[1610540746483,69433361684.58673],[1610543281527,68799950984.75449],[1610548383478,67307665844.10338],[1610550554451,64778913222.352486],[1610555604527,60417897985.77854],[1610558892018,59172891777.91789],[1610561207192,59050797917.30663],[1610565542317,62140690811.697426],[1610568204311,62598804342.138275],[1610572897867,62931769814.24442],[1610576182567,66116276096.04289],[1610580218032,65887394817.6236]]}