{"stats":[[1614384462133,867701943898.4918],[1614387856371,886320664214.7897],[1614391458727,893670087967.4069],[1614395321511,884430584837.4729],[1614398524180,893519997882.9722],[1614402411539,893636596378.1208],[1614406031031,891439791886.5656],[1614409661880,898528430219.4097],[1614413047446,879857500690.8176],[1614416591006,871715898714.3672],[1614420024561,868257425963.2123],[1614424136565,878783890883.1874],[1614427538630,887877889268.4427],[1614431421604,886366364186.1887],[1614434929767,886997116662.8624],[1614438225535,878342750006.8811],[1614442047197,869297008708.5295],[1614445287679,875995230174.3956],[1614448840400,878250330433.1555],[1614452739020,882423775556.0792],[1614456384325,886220734744.6274],[1614459729200,878548667632.1514],[1614463483381,874659696620.5822],[1614467084764,869020378784.2896]],"total_volumes":[[1614384462133,74131829240.02045],[1614387856371,73423587092.67874],[1614391458727,72294541626.3558],[1614395321511,70309523646.69643],[1614398524180,70612031260.2694],[1614402411539,70038094962.13196],[1614406031031,68775998855.92413],[1614409661880,67444562070.46478],[1614413047446,64433407315.759384],[1614416591006,62018922959.1798],[1614420024561,60865354846.26676],[1614424136565,60300176554.25917],[1614427538630,60343087727.94023],[1614431421604,60382700927.35841],[1614434929767,59550316344.12467],[1614438225535,58061045932.66849],[1614442047197,56107852104.41769],[1614445287679,55946149950.701706],[1614448840400,54703600961.78478],[1614452739020,53967813332.561264],[1614456384325,53438606493.852264],[1614459729200,52017679854.23793],[1614463483381,50905435102.07263],[1614467084764,47930293343.38422]]}