{"stats":[[1615680260839,1145191373521.5942],[1615683628338,1144397227174.032],[1615687299096,1142016838345.4575],[1615690915238,1138636537665.073],[1615694625648,1144183839944.371],[1615698300422,1142620757295.2522],[1615701673193,1140737173912.1155],[1615705265674,1134235186680.8318],[1615708931347,1131277390405.551],[1615712510410,1134084254438.1685],[1615716189205,1139629063725.7043],[1615719804272,1124320038530.3896],[1615723407005,1122849451942.228],[1615726882117,1125640442127.6655],[1615730647326,1119082002582.649],[1615734370515,1120416359860.0762],[1615737955740,1115039249309.2683],[1615741290536,1115334112621.9104],[1615744838636,1117279324915.8481],[1615748648066,1123672294818.577],[1615752244071,1118914903855.6436],[1615755616959,1125187364666.9978],[1615759274177,1120128438103.9277],[1615762860625,1124243533504.5674]],"total_volumes":[[1615680260839,63816753924.77825],[1615683628338,66521344130.8744],[1615687299096,67147476793.931],[1615690915238,66855220889.757416],[1615694625648,67053722732.88853],[1615698300422,66287041602.45906],[1615701673193,67043866881.22477],[1615705265674,67304436501.383415],[1615708931347,66430879494.552986],[1615712510410,63117500416.13352],[1615716189205,65617566236.17864],[1615719804272,59836096992.58146],[1615723407005,58066627813.732445],[1615726882117,56129732617.2631],[1615730647326,54859874066.66665],[1615734370515,54304520127.16307],[1615737955740,53918575381.93474],[1615741290536,53413823453.3841],[1615744838636,52986193293.534676],[1615748648066,52751361510.8584],[1615752244071,49551313584.22919],[1615755616959,49980146962.57776],[1615759274177,48715802252.79685],[1615762860625,48439265007.42776]]}