{"stats":[[1613779322873,1044189900351.5892],[1613783600642,1051678895764.9309],[1613788672997,1049967021802.9861],[1613791515498,1049517663132.9813],[1613794096109,1043488172247.0176],[1613797747673,1044478357001.6234],[1613801229452,1041441042935.7025],[1613804496100,1044081862637.17],[1613808210847,1037467602946.9047],[1613812039253,1036202118643.5345],[1613815327015,1035137419364.2858],[1613819330158,1044808043476.1909],[1613822587291,1042117173082.7192],[1613826285927,1076156907211.1475],[1613830235699,1070236430364.5668],[1613833543956,1062422745940.8153],[1613837208935,1051807724838.223],[1613841114010,1063793545467.7927],[1613844298780,1065696853415.2424],[1613847780325,1065384009601.2002],[1613851879150,1065738650757.77],[1613855087386,1065738650757.77],[1613858695257,1060501267653.9222],[1613862487329,1033948856735.7693]],"total_volumes":[[1613779322873,71397235196.83829],[1613783600642,72949124090.03],[1613788672997,72776198598.692],[1613791515498,73203137266.94382],[1613794096109,75262010443.12608],[1613797747673,75761313663.27786],[1613801229452,75439438903.34302],[1613804496100,75328687047.19046],[1613808210847,74915351202.06445],[1613812039253,74614302796.88252],[1613815327015,73038849679.952],[1613819330158,73492833386.03902],[1613822587291,73768008768.37112],[1613826285927,77313110220.12268],[1613830235699,78049757662.24123],[1613833543956,76805943170.18843],[1613837208935,76597093370.38733],[1613841114010,76785422130.89555],[1613844298780,77528012194.00327],[1613847780325,77429242025.4468],[1613851879150,76063043905.01942],[1613855087386,72933312224.48372],[1613858695257,73545732982.16345],[1613862487329,74490501140.82747]]}