{"stats":[[1616200007470,1090580243972.8696],[1616203132891,1100928560364.9817],[1616207252712,1101314591340.7112],[1616209712003,1095530613418.9001],[1616214261186,1097965076128.1918],[1616217015786,1091594908447.2728],[1616220073932,1089545780072.58],[1616223994014,1092555956976.0907],[1616228163087,1099982700166.3623],[1616231008311,1100135357414.9702],[1616235862921,1102154332366.816],[1616238241353,1101176169546.2432],[1616242738615,1108386330268.561],[1616247290948,1121847115176.056],[1616249855404,1097790328913.704],[1616254189107,1112181121828.7307],[1616257413046,1100958779212.3525],[1616260711195,1106844789646.4412],[1616263477335,1107157999936.7974],[1616268127212,1109843171498.7007],[1616271721045,1102666966816.9858],[1616275325249,1098675485980.115],[1616279650679,1098002843207.7448],[1616282993885,1094187746610.7574]],"total_volumes":[[1616200007470,51692369707.567604],[1616203132891,51190101109.38365],[1616207252712,51409889500.151375],[1616209712003,51811307488.272804],[1616214261186,51883593318.30482],[1616217015786,50310416383.70142],[1616220073932,50957407076.699326],[1616223994014,50803777678.87308],[1616228163087,50150997878.39094],[1616231008311,50962442646.94871],[1616235862921,50422883718.44458],[1616238241353,50295330764.75294],[1616242738615,50690667192.31],[1616247290948,51891419843.60567],[1616249855404,51753678860.98692],[1616254189107,53350054058.04287],[1616257413046,52057206513.98553],[1616260711195,52706556950.42383],[1616263477335,53134667383.99295],[1616268127212,53302711496.77477],[1616271721045,52740977018.23956],[1616275325249,52881265604.0584],[1616279650679,52801769672.93442],[1616282993885,53618090110.23076]]}