{"stats":[[1616804601964,1035410233520.2952],[1616808701870,1022257024346.2433],[1616812335025,1024146770005.8811],[1616816023318,1019433678206.5603],[1616819756494,1027811492053.1387],[1616822396379,1024407084961.3895],[1616825651956,1029781567959.4358],[1616828654736,1028557595873.8636],[1616833728998,1025745232798.8257],[1616837022766,1024190038447.5905],[1616841070909,1024685870062.6742],[1616843142046,1022373519478.666],[1616847323912,1018571440211.1428],[1616851790517,1014402698345.815],[1616853646083,1017405384195.0004],[1616858297916,1019486927939.3259],[1616861551509,1026575010678.145],[1616865349655,1049084095551.4951],[1616869975383,1042323575766.038],[1616872108900,1042402981059.5647],[1616875355222,1041258580360.7764],[1616879351680,1044032508084.058],[1616883782288,1052230848315.1666],[1616887831953,1049076912768.4271]],"total_volumes":[[1616804601964,56060260236.266014],[1616808701870,55051400981.474266],[1616812335025,54783677978.867195],[1616816023318,53075226120.27978],[1616819756494,53733580164.39409],[1616822396379,52958013733.993195],[1616825651956,51807706416.72101],[1616828654736,52451675609.468315],[1616833728998,49056709046.12132],[1616837022766,48257925095.58935],[1616841070909,47958766076.643814],[1616843142046,48142629626.53372],[1616847323912,46084986608.69404],[1616851790517,45321885213.01507],[1616853646083,46170104492.00304],[1616858297916,46537601821.68484],[1616861551509,46695951585.60975],[1616865349655,46955259592.21249],[1616869975383,46450046176.49793],[1616872108900,47265045930.610916],[1616875355222,46989993312.81715],[1616879351680,46108314352.658875],[1616883782288,46661195677.19528],[1616887831953,48116298913.352234]]}