{"stats":[[1614297809331,875883932252.4404],[1614301769384,865660352745.6008],[1614305260769,865899130547.3762],[1614308746201,887953483727.4102],[1614312224381,887754892306.2487],[1614315749395,880633668018.1981],[1614319450318,854098821969.2985],[1614323080321,863820808794.5763],[1614326622151,831183020124.7313],[1614330268088,856401046051.0172],[1614333963855,874633931011.7178],[1614337665498,869125372972.5345],[1614341133224,865840759067.0835],[1614344659403,875277354924.7131],[1614348229483,863824955774.6035],[1614351863772,879212614220.5568],[1614355396796,890987002681.2792],[1614359332950,895567075478.2611],[1614362927310,888421039313.1176],[1614366196196,890536995464.7126],[1614369708033,874694767819.9342],[1614373343422,871896505865.84],[1614377260394,859468410734.7327],[1614380471423,856286190212.7664]],"total_volumes":[[1614297809331,60355381275.54549],[1614301769384,61981075082.8296],[1614305260769,63831842538.104294],[1614308746201,66744186930.62521],[1614312224381,67399077599.26943],[1614315749395,67000891705.79712],[1614319450318,66539198972.91284],[1614323080321,68620385142.98116],[1614326622151,69355184557.31451],[1614330268088,73520852466.19511],[1614333963855,74909887574.09827],[1614337665498,75464217818.24957],[1614341133224,75927847029.26921],[1614344659403,76026265390.64786],[1614348229483,73692521998.5196],[1614351863772,75342539537.71045],[1614355396796,77329435404.36914],[1614359332950,78836547663.00325],[1614362927310,77158668028.97626],[1614366196196,77268868840.9396],[1614369708033,76275568535.14296],[1614373343422,75950564874.99237],[1614377260394,74528892028.3777],[1614380471423,74422081483.87154]]}