{"stats":[[1611792528091,566661443732.4073],[1611797724203,568739883855.0955],[1611799637063,573508341429.1962],[1611803547135,582090381961.5546],[1611806658864,585197886181.6118],[1611810777503,580648743302.552],[1611814177338,588863168189.114],[1611817760016,588383866391.9564],[1611821560692,579757186687.1273],[1611825254811,577279634244.8552],[1611828826055,584470752875.4211],[1611831800125,586120178846.6422],[1611836101743,582892895339.087],[1611839188946,585139018954.3217],[1611842573970,590708390562.9745],[1611847146824,594827609348.721],[1611849862091,595370205174.0486],[1611853588680,602237942460.5996],[1611857543113,600940833029.5022],[1611861546421,606721458812.5941],[1611864615105,605745896715.9591],[1611868240965,606327216518.801],[1611871445146,617863510416.7577],[1611875477356,623028579176.5977]],"total_volumes":[[1611792528091,51602084984.79246],[1611797724203,52226806495.40293],[1611799637063,52889070102.850494],[1611803547135,53573041979.378525],[1611806658864,54041780282.83543],[1611810777503,54019632851.45566],[1611814177338,54911972697.411],[1611817760016,55285385793.0196],[1611821560692,54911336308.733315],[1611825254811,54022904757.77315],[1611828826055,54206301617.88594],[1611831800125,54533839320.61075],[1611836101743,53435429982.24172],[1611839188946,53066476344.90771],[1611842573970,53174797048.402664],[1611847146824,50926236749.90524],[1611849862091,50964713392.26338],[1611853588680,51173913923.98168],[1611857543113,50289791756.125275],[1611861546421,50179416951.52036],[1611864615105,49746541640.496994],[1611868240965,49092289952.38263],[1611871445146,49858464970.2259],[1611875477356,50536024710.46442]]}